MOLECULE_NAME,y_actual,y_pred,residual,leverage,std_residual
100-00-5,2.39,2.1941729,0.19582710000000025,0.09128874466410702,0.3441833260787701
100-01-6,2.025,1.419269,0.605731,0.1764768479531621,1.0592610969428196
100-02-7,1.91,1.8979045,0.012095499999999815,0.2094730108649352,0.023663362825711128
100-06-1,1.74,1.0956445,0.6443555000000001,0.2212309082971401,1.1266415765155646
100-09-4,1.96,1.874814,0.08518599999999998,0.1608515250679427,0.15116981448752492
100-18-5,5.23,4.837834,0.39216600000000046,0.2678281169374125,0.6866967370170406
100-20-9,0.88,1.5289617,-0.6489617,0.2955181440675019,-1.1295515955819306
100-21-0,1.987,1.907945,0.0790550000000001,0.27313953078927267,0.1404742787456903
100-25-4,1.46,1.6302371,-0.17023710000000003,0.2483023697507828,-0.29441604350305606
100-39-0,2.92,2.6117477,0.3082522999999999,0.09374332881495495,0.5403092019363668
100-40-3,3.93,3.858956,0.07104400000000011,0.2248269920002981,0.12649908108986926
100-41-4,3.125,3.0908654,0.03413459999999979,0.08335491821959275,0.062110595213228946
100-42-5,2.967,3.244294,-0.27729399999999993,0.13576137917807615,-0.48117691454530626
100-44-7,2.3,2.439916,-0.13991600000000037,0.11509814701279743,-0.24152085368381865
100-46-9,1.09,1.605275,-0.5152749999999999,0.10728633011323253,-0.8963350113284728
100-47-0,1.56,2.8774827,-1.3174826999999998,0.07315660135253332,-2.295787160688301
100-51-6,1.1,1.6461884,-0.5461883999999999,0.12148333393535626,-0.9502634691007182
100-52-7,1.48,1.4238166,0.05618339999999988,0.19870569269686467,0.10057474926062232
100-61-8,1.68,1.740217,-0.060216999999999965,0.219257298905644,-0.10248586704403746
100-66-3,2.11,2.0374205,0.0725794999999998,0.14956657289640482,0.12917776240312714
100-68-5,2.74,2.992961,-0.252961,0.09049567652714162,-0.43872797127241986
100-69-6,1.465,1.6824789,-0.21747889999999992,0.20981334473682328,-0.3768294116988824
100-97-0,-2.18,-1.1681675,-1.0118325000000001,0.6473343427852866,-1.7625800756126269
1003-03-8,0.83,1.7873969,-0.9573969000000001,0.1199572456055476,-1.6676171159929527
10031-82-0,2.09,1.9217815,0.16821849999999983,0.27334032097499705,0.2960200952710673
10041-19-7,3.95,4.6145244,-0.6645243999999995,0.346801224824084,-1.156700741575969
101-41-7,1.825,2.096027,-0.2710269999999999,0.10578741307897385,-0.4702441266650128
101-43-9,3.13,3.14464,-0.014639999999999986,0.2161123921041408,-0.022976744143106832
101-81-5,4.14,4.2353487,-0.09534870000000062,0.20718775948609036,-0.1637731534608415
101-84-8,4.21,4.3236246,-0.11362459999999963,0.2720925630413347,-0.19565547961712737
101-94-0,3.79,3.375376,0.4146239999999999,0.1874997896885299,0.7258747408810302
101-97-3,2.28,2.6134846,-0.33348460000000024,0.10172909399091418,-0.5792014734517077
10127-27-2,-1.56,-0.8360799,-0.7239201000000001,0.37100955032015726,-1.2603166006954118
10191-18-1,-3.59,-2.353878,-1.236122,0.28847947153174064,-2.1538533367067814
102-09-0,3.28,3.4754968,-0.19549680000000036,0.29655901339422325,-0.33848161586939574
102-69-2,2.79,2.6746616,0.11533840000000017,0.4516590803023832,0.2037707069850135
102-76-1,0.237,-0.14991722,0.38691721999999995,0.3816604967116449,0.6775402349633735
103-09-3,4.16,4.2464185,-0.08641849999999973,0.1249866152122801,-0.14819441046920184
103-11-7,4.64,4.8151417,-0.17514170000000018,0.09912713526045434,-0.30297212319632055
103-16-2,3.2,3.25873,-0.05872999999999973,0.23778197264253792,-0.0998917940301554
103-23-1,8.94,7.785168,1.1548319999999999,0.3210003301987113,2.017168350470343
103-25-3,2.32,2.1745744,0.14542559999999982,0.18528412188486248,0.25625785801612244
103-28-6,2.99,3.1814492,-0.19144919999999965,0.27297053518736414,-0.3314205735486229
103-30-0,4.81,4.5288754,0.28112459999999917,0.17345635625746675,0.4929849016682571
103-33-3,3.82,3.1222687,0.6977313,0.43090315358547565,1.21975571395628
103-37-7,3.127,3.0955548,0.03144519999999984,0.16329455712426227,0.05741893417521066
103-38-8,3.26,3.3165045,-0.0565045000000004,0.22070066817925993,-0.0960094070144245
103-41-3,4.18,4.1899023,-0.009902300000000253,0.22191701058189411,-0.014711821669760232
103-45-7,2.3,2.3851225,-0.08512250000000021,0.11743777503834765,-0.1459335371497739
103-47-9,-2.2,-0.99885285,-1.2011471500000002,0.20424433574377254,-2.0928396752746643
103-50-4,3.31,3.3406868,-0.030686799999999792,0.3079039298901065,-0.05097040307999691
103-52-6,2.48,2.8589137,-0.3789137,0.11962731991814451,-0.6584525846520642
103-60-6,3.2,2.8440108,0.3559892000000002,0.22636127188301114,0.6235862725862442
103-63-9,3.09,3.2792451,-0.18924509999999994,0.11547237421101333,-0.32757551885467817
103-65-1,3.69,3.536255,0.1537449999999998,0.10616221442792532,0.27077105978591864
103-82-2,1.41,1.819371,-0.40937100000000015,0.34007382544144643,-0.7115853755099647
103-90-2,0.468,1.0596316,-0.5916315999999999,0.2853578416944851,-1.0295391777654301
1034-01-1,3.66,3.7604601,-0.10046009999999983,0.27932699614117673,-0.17268999596464288
104-51-8,4.38,3.9572818,0.4227181999999998,0.09383087424166386,0.7399950810215552
104-54-1,1.7,2.1077764,-0.40777640000000015,0.1263496107252361,-0.7088035941865378
104-72-3,7.37,7.8121867,-0.4421866999999997,0.06879966708866392,-0.7688323975688987
104-76-7,3.1,2.9580162,0.14198380000000022,0.10553725214141275,0.2502536344121031
104-83-6,3.18,2.4859667,0.6940333000000001,0.1507317677620345,1.2133045491914285
104-93-8,2.66,2.0987267,0.5612733000000003,0.11228499938929529,0.9817045940314237
104-94-9,0.95,0.65898025,0.2910197499999999,0.24814237421681296,0.5102470009172907
105-05-5,4.45,3.8704584,0.5795416000000002,0.2839519121140295,1.0135736619799738
105-11-3,1.49,1.1685401,0.3214599,0.22002746390381023,0.5633498735827309
105-13-5,1.1,1.1806599,-0.0806598999999999,0.15911850274078676,-0.13814852690649945
105-36-2,1.12,0.6690672,0.45093280000000013,0.06518896215687164,0.789215479446213
105-37-3,1.21,1.1289314,0.08106860000000005,0.11416978462648757,0.1439870059956916
105-38-4,1.36,0.92769796,0.43230204000000005,0.2902117871856312,0.7567140996586501
105-39-5,0.94,0.830056,0.10994399999999993,0.11114516772593162,0.19436017069309433
105-45-3,-0.33,-0.6143724,0.2843724,0.17650765231852072,0.49865069207477153
105-46-4,1.615,1.4000248,0.21497520000000003,0.15853555046369425,0.3775872060230247
105-53-3,0.96,0.8831699,0.07683010000000001,0.19978610659105572,0.1365929384305689
105-58-8,1.21,0.72584796,0.48415204,0.16729736245965426,0.8471664774459826
105-67-9,2.3,2.1712446,0.12875539999999974,0.11728626493022104,0.22717667714456222
105-74-8,6.5,5.9721107,0.5278893,0.2568350724712203,0.9234661720439148
105-87-3,4.04,4.102498,-0.06249799999999972,0.2819499718207521,-0.10646507386627244
105-99-7,4.17,4.131627,0.03837299999999999,0.2610570669929525,0.06950448832825012
10519-11-6,4.45,4.4995303,-0.049530299999999805,0.23974844275293897,-0.08384290801414544
10521-91-2,2.89,2.7345157,0.1554842999999999,0.09971984151288166,0.27380527040666147
106-18-3,6.51,6.48225,0.027750000000000163,0.08588711154745432,0.05097265401321024
106-21-8,3.99,3.7808821,0.2091179000000003,0.15024748162510962,0.36736914020983824
106-22-9,3.91,4.1813264,-0.2713263999999995,0.1566613857217723,-0.4707664302698246
106-24-1,3.56,3.6065147,-0.04651469999999991,0.15888401710026884,-0.07858219074403029
106-25-2,3.47,3.538663,-0.06866299999999992,0.15318400529670698,-0.11721992264272225
106-31-0,1.39,1.9254745,-0.5354745000000001,0.20418119282094993,-0.9315730596431351
106-32-1,4.47,4.519962,-0.04996199999999984,0.06942233550814793,-0.08459600910364969
106-37-6,3.79,3.7423751,0.04762490000000019,0.11167490891719832,0.08564443729740423
106-38-7,3.42,3.0913875,0.32861249999999975,0.1000364551484805,0.5758275915646336
106-41-2,2.59,1.9661263,0.6238736999999999,0.17013972757341747,1.0909110555634989
106-42-3,3.15,2.9725764,0.17742360000000001,0.19383449860016855,0.3120784015925754
106-43-4,3.33,2.871215,0.4587850000000002,0.08516359754047952,0.8029136503403633
106-44-5,1.94,2.28723,-0.34723000000000015,0.11971353789837226,-0.6031803377455938
106-46-7,3.417,3.5084605,-0.09146050000000017,0.08047895762103588,-0.15699018460235073
106-48-9,2.39,1.2490119,1.1409881000000002,0.15617105931790673,1.9930176528261765
106-49-0,1.39,1.4424884,-0.0524884000000001,0.21074682384064836,-0.08900331647572182
106-51-4,0.2,-0.18013002,0.38013002,0.5953361068979873,0.6656999576534761
106-63-8,2.22,2.1568515,0.06314850000000005,0.1162623714511999,0.11272537330163611
106-79-6,3.38,3.151388,0.22861200000000004,0.17245171737667217,0.4013766175063477
106-88-7,0.68,0.88793457,-0.20793456999999993,0.13683006084553223,-0.36017931829701216
106-89-8,0.387,-0.054061893,0.441061893,0.09680549855366753,0.7719956721353616
106-91-2,0.96,0.6021235,0.35787649999999993,0.16739929838567916,0.6268786693576619
106-93-4,1.96,1.7447749,0.21522510000000006,0.10801622911283904,0.3780231568274424
106-94-5,2.1,1.99259,0.10741,0.08155915037510796,0.1899396051132854
106-95-6,1.79,1.9964634,-0.20646340000000007,0.13964629786855995,-0.357612860734247
106-98-9,2.4,2.6836004,-0.2836004000000001,0.09183722247388888,-0.4921784357657122
1068-27-5,5.7,4.716462,0.9835380000000002,0.7845632505578424,1.7183457930797292
107-02-8,0.293,0.30463144,-0.011631439999999993,0.37159672758894857,-0.01772830816015878
107-03-9,1.773,1.7731088,-0.00010880000000001999,0.05737351337474007,0.0023729490507848473
107-05-1,2.1,1.3212243,0.7787757000000002,0.14249539582230078,1.3611377522657826
107-06-2,1.48,0.60662305,0.8733769499999999,0.18948758061699777,1.526169729202212
107-07-3,-0.06,-0.07768734,0.017687339999999996,0.0808930292459723,0.033418333398639456
107-10-8,0.37,0.592875,-0.22287500000000005,0.08167845169411002,-0.3862429136425321
107-11-9,0.03,0.63859653,-0.60859653,0.14340536771696982,-1.0591345154220484
107-12-0,0.16,1.3889679,-1.2289679,0.13860108078010638,-2.141373001973351
107-13-1,0.25,1.011754,-0.761754,0.19140856703366493,-1.3263178777632645
107-15-3,-1.76,-0.2511875,-1.5088125,0.14420155630508297,-2.6295621915769183
107-18-6,0.17,0.8245365,-0.6545365,0.13106108385769386,-1.1392768398575106
107-19-7,-0.38,0.13207039,-0.51207039,0.3700845066514246,-0.8907445659209307
107-21-1,-1.36,-0.27091667,-1.08908333,0.08154772683683893,-1.8973442271949796
107-22-2,-1.0,-0.011488031,-0.988511969,0.815522436038616,-1.7218973855410127
107-31-3,-0.09,-0.39931688,0.30931688,0.10791437688392228,0.5421663628301922
107-35-7,-1.3,-1.1821365,-0.11786350000000012,0.09197192610229915,-0.2030502449826581
107-41-5,0.58,1.0840055,-0.5040055,0.12872721470001156,-0.8766753571052455
107-71-1,1.6,1.6068414,-0.0068413999999998865,0.13710421020710864,-0.009372078503525337
107-86-8,0.53,0.46661016,0.06338984000000003,0.28640627570089805,0.11314639117733896
107-87-9,0.91,0.95359147,-0.043591469999999966,0.19354745824703543,-0.0734826130329549
107-88-0,-0.29,-0.7299519,0.4399519,0.10196066919885374,0.7700592882168025
107-92-6,0.79,1.0112214,-0.2212213999999999,0.3249131836492287,-0.3833582067590384
108-03-2,0.87,1.074645,-0.20464500000000008,0.17751296539875766,-0.3544406600829743
108-05-4,0.73,0.13546881,0.59453119,0.29786806397641014,1.0397230169955418
108-09-8,1.2,1.8758188,-0.6758188,0.16964268561232082,-1.1764038338745475
108-10-1,1.333,1.6054353,-0.27243529999999994,0.1953445384213481,-0.47270090744877175
108-11-2,1.43,1.425564,0.0044359999999998845,0.12830692852548606,0.010301357277744545
108-20-3,1.52,1.7424265,-0.22242650000000008,0.2440282916250486,-0.38546050493592426
108-21-4,1.02,0.95660746,0.06339254000000005,0.15693119550659634,0.11315110133008781
108-24-7,-0.27,0.90571725,-1.17571725,0.1866239007947762,-2.0484771888350477
108-31-6,-2.645,-0.68477154,-1.9602284600000002,0.2115012562412218,-3.4170577933734743
108-32-7,-0.41,0.4349712,-0.8449712,0.17643456561301324,-1.471490367884846
108-38-3,3.2,3.1416378,0.058362200000000364,0.13615161592926145,0.104375668078811
108-39-4,1.96,1.9370923,0.022907699999999975,0.13974084718085478,0.04252525673337191
108-43-0,2.49,2.2380111,0.2519889000000002,0.09749950318726572,0.4421576433558502
108-44-1,1.4,1.9956926,-0.5956926,0.15388461645304644,-1.036623596399844
108-46-3,0.797,1.4318088,-0.6348088,0.6212778782333558,-1.1048618471231777
108-48-5,1.68,1.9469513,-0.2669513000000001,0.28977038069526734,-0.46313406386563355
108-62-3,0.12,1.3333261,-1.2133261000000002,0.8318021137580716,-2.1140858659487827
108-64-5,2.47,2.0581,0.41190000000000015,0.10742691660770029,0.7211227201077868
108-67-8,3.42,3.0951247,0.3248753,0.3015878310769695,0.5693080423598738
108-68-9,2.35,1.9437507,0.40624930000000004,0.2779473086667237,0.7112650682049345
108-70-3,4.17,2.6473517,1.5226482999999997,0.10218630198467915,2.658824260285942
108-75-8,1.88,2.0874994,-0.2074994000000001,0.2730873541656243,-0.35942016378897557
108-83-8,3.71,2.929781,0.7802189999999998,0.35678121360513404,1.3636555905851735
108-86-1,2.99,3.3885384,-0.3985383999999996,0.04537757477031039,-0.6926878937815345
108-87-2,3.61,3.7645035,-0.15450350000000013,0.10262578475671202,-0.26696876228502775
108-88-3,2.72,2.7324235,-0.012423499999999699,0.04882739551432303,-0.019110057636536948
108-89-4,1.21,1.3463652,-0.13636519999999996,0.21504208565876817,-0.2353264794688274
108-90-7,2.62,2.3658936,0.25410639999999995,0.03923173380650152,0.44585162426162955
108-91-8,1.46,1.967653,-0.5076530000000001,0.1685082737486672,-0.8830384245686844
108-93-0,1.22,1.1941178,0.025882200000000077,0.14821433057646083,0.04771427501164442
108-94-1,0.81,1.9141674,-1.1041674,0.30929900929049553,-1.9236584026667358
108-95-2,1.46,1.8406116,-0.38061159999999994,0.20656371637797538,-0.6614145729306584
108-98-5,2.52,2.951701,-0.4317009999999999,0.07277174379710093,-0.7505400832436409
108-99-6,1.2,1.0105996,0.18940040000000002,0.18475478252582525,0.33297194138588926
1082-88-8,1.21,0.9838882,0.22611179999999997,0.4016175129330052,0.3970150160609495
109-21-7,2.16,2.4062743,-0.24627430000000006,0.09284155390309398,-0.42706301631483934
109-52-4,1.39,0.97547615,0.4145238499999999,0.09505180329778797,0.7257000291040697
109-60-4,1.24,1.1761394,0.06386059999999993,0.16346961421350492,0.11396763247660908
109-64-8,2.37,1.5605277,0.8094723000000001,0.1821600012814091,1.4146880022173087
109-65-9,2.75,2.4076624,0.3423376,0.08324859293438869,0.5997710424878533
109-66-0,3.39,3.0635872,0.32641279999999995,0.09581328527964758,0.5719902126751683
109-69-3,2.605,2.1287582,0.47624179999999994,0.060553774262347836,0.8333670557127429
109-70-6,2.18,1.2942748,0.8857252000000002,0.09713524611408622,1.5477112638986914
109-73-9,0.943,0.9185308,0.02446919999999997,0.08038625277709936,0.04524929507310034
109-76-2,-1.43,-0.92829883,-0.5017011699999999,0.1791945184539422,-0.8726554510742581
109-79-5,2.28,1.7046875,0.5753124999999999,0.06852810994876546,1.0061959927244204
109-86-4,-0.681,-0.8137614,0.13276139999999992,0.15345445292083754,0.23416514822298207
109-87-5,0.09,0.36130726,-0.27130726000000005,0.34227092392249564,-0.4707330405203395
109-89-7,0.58,0.99718416,-0.41718416,0.2581051286610158,-0.725215441084369
109-92-2,1.04,0.32750472,0.71249528,0.3461588912560687,1.2455114920971597
109-94-4,0.23,0.56650066,-0.33650066,0.13433051381848005,-0.5844629931922909
109-97-7,0.75,0.34342837,0.40657163,0.4178396037134937,0.7118273732180915
109-99-9,0.46,0.7628499,-0.30284989999999995,0.16981889240436704,-0.5257592081132
110-00-9,1.34,1.445346,-0.10534599999999994,0.1991877633893651,-0.18121345348886925
110-01-0,1.8,0.70707333,1.09292667,0.23765095816614445,1.9091744392609025
110-02-1,1.81,2.4202487,-0.6102487000000001,0.055860163907838385,-1.0620167276690862
110-03-2,0.21,1.3832128,-1.1732128,0.2266314216909639,-2.044108173260323
110-12-3,1.827,2.1555,-0.3285,0.20798113224659442,-0.5705058336769968
110-15-6,-0.59,-0.5123556,-0.07764439999999995,0.2845542002782204,-0.13288798408648603
110-16-7,-0.485,0.30502653,-0.79002653,0.23044928898115213,-1.3756393351318987
110-17-8,0.46,0.30502653,0.15497347,0.23044928898115213,0.272914126951597
110-19-0,1.72,1.3231444,0.39685559999999986,0.10600874131348753,0.6948777489914171
110-27-0,7.71,7.2524977,0.4575022999999998,0.1318185976276674,0.8006759788844743
110-42-9,4.41,4.4579296,-0.047929599999999795,0.048714301139965284,-0.08105048523450833
110-43-0,1.98,2.1984954,-0.21849540000000012,0.14191065836342223,-0.3786026969837588
110-49-6,0.121,-0.39265314,0.51365314,0.0902431894097786,0.8986311764303967
110-52-1,2.981,1.9200444,1.0609555999999998,0.21198035776886914,1.8534008750968665
110-54-3,3.9,3.7267623,0.17323770000000005,0.06676178716408394,0.3047760947810037
110-58-7,1.49,1.9440163,-0.45401629999999993,0.0781149732883474,-0.7894691468123519
110-59-8,1.12,2.0634484,-0.9434483999999999,0.059150641783305126,-1.6432839435422943
110-60-1,-1.607,-0.4669138,-1.1400862,0.14954749073038184,-1.986318785834868
110-62-3,1.38,1.0558238,0.3241761999999999,0.1349352004940936,0.5680884616981354
110-63-4,-0.83,-0.36962938,-0.46037061999999995,0.19478299777626773,-0.8005542645215439
110-65-6,-0.73,-0.1354686,-0.5945313999999999,0.6522511029126861,-1.034597881817652
110-71-4,-0.21,-0.10940904,-0.10059096,0.44424982230553106,-0.17291828136786883
110-80-5,-0.375,-0.5587022,0.18370220000000004,0.08554876075416717,0.3230314256846785
110-81-6,3.0,2.2437444,0.7562555999999998,0.14011358753748254,1.3218514148885687
110-82-7,3.427,3.54789,-0.12089000000000016,0.17688798920573287,-0.20832997731387057
110-83-8,2.86,2.7962215,0.06377849999999974,0.2783267335206976,0.11382440894302456
110-86-1,0.65,1.0499027,-0.39990270000000006,0.23564581060180956,-0.6950679165204987
110-89-4,0.84,0.7313493,0.10865069999999999,0.2593273778938236,0.19210400752641446
110-91-8,-0.86,-0.32627735,-0.53372265,0.27208360995739117,-0.9285169555346153
110-93-0,2.07,2.196023,-0.126023,0.20381601203250313,-0.21728450103966349
110-96-3,2.63,2.6015778,0.028422200000000064,0.2986851154263509,0.05214530759756194
111-01-3,5.49,5.644992,-0.15499200000000002,0.7379717471284672,-0.26782095103235853
111-11-5,3.32,3.9328935,-0.6128935000000002,0.049374106198875514,-1.0666305839616983
111-13-7,2.37,2.781549,-0.41154899999999994,0.13663994420559414,-0.7153848987273377
111-14-8,2.42,2.7560163,-0.33601630000000027,0.06975258453980004,-0.5836180266791753
111-15-9,0.24,-0.06449439,0.30449439,0.11605901733566548,0.5337535241155222
111-26-2,1.88,2.6826782,-0.8026781999999999,0.08879272843325428,-1.3977101863272827
111-27-3,2.03,2.4780416,-0.44804160000000026,0.043741577477420565,-0.7790462765796432
111-29-5,-0.49,0.35995325,-0.84995325,0.1827162622109965,-1.4801815591819605
111-30-8,-0.36,0.3466366,-0.7066366,0.4816504871209047,-1.2301655173494646
111-31-9,5.35,4.0612893,1.2887106999999993,0.03589554139971482,2.250719878919271
111-34-2,3.025,2.353732,0.671268,0.33436812660048754,1.1735904601645823
111-42-2,0.0,-0.8879006,0.8879006,0.24651425335036792,1.5515062514134175
111-43-3,2.03,2.2135694,-0.1835694000000001,0.26014876230597994,-0.3176742544263745
111-44-4,1.29,0.19434755,1.09565245,0.15746976209927,1.9139295652459585
111-47-7,2.84,2.8558102,-0.01581020000000022,0.15870504748774575,-0.025018159234461847
111-55-7,0.24,0.041816656,0.19818334399999998,0.25132303655253224,0.3482937961356093
111-65-9,4.787,4.4477997,0.3392002999999999,0.059443163485875604,0.5942980194438376
111-66-0,4.213,4.3673325,-0.15433249999999976,0.06159409304417657,-0.2666704526109358
111-70-6,2.62,2.7658598,-0.14585979999999976,0.04143546069845536,-0.2518898188350683
111-71-7,2.8,2.5377781,0.2622218999999997,0.2078372690137832,0.4600091222738392
111-76-2,0.83,0.3981527,0.43184729999999993,0.09909036417160959,0.7559208052656892
111-82-0,5.41,5.713593,-0.3035930000000002,0.045170313968052836,-0.5270555468197341
111-84-2,5.65,4.9195065,0.7304935000000006,0.05358683305758275,1.2769094052107486
111-85-3,4.73,4.431506,0.2984940000000007,0.047067780117959174,0.5232858376516598
111-87-5,3.0,3.4872549,-0.48725489999999994,0.046080363299779714,-0.8474539183518318
111-88-6,4.21,5.0045524,-0.7945523999999997,0.03335291848175872,-1.383534719954586
111-90-0,-0.345,-0.7678194,0.42281940000000007,0.13702676223235705,0.7401716245245851
111-92-2,2.83,2.8806322,-0.050632199999999905,0.2707513406617077,-0.08576517368596552
1117-86-8,2.1,1.8837372,0.2162628000000002,0.0766168259772809,0.3798334255339019
1118-84-9,1.4,0.66506803,0.7349319699999999,0.28058553280222703,1.2846523206444551
1119-86-4,1.99,2.2412941,-0.2512941000000002,0.08955260181773488,-0.43582006252538635
112-05-0,3.42,3.57318,-0.15317999999999987,0.07729043540529715,-0.26465991518760135
112-07-2,1.51,1.6411982,-0.13119820000000004,0.12068498456898695,-0.22631264270841966
112-12-9,4.09,4.347626,-0.25762600000000013,0.1320056150223909,-0.4468660685217529
112-27-6,-1.61,-1.0485111,-0.5614889000000001,0.30366527195404136,-0.9769552069278175
112-30-1,4.457,4.8069015,-0.34990150000000053,0.0335441030816825,-0.6078407722153892
112-36-7,0.39,0.51761174,-0.12761173999999997,0.28951688319712643,-0.22005605958712435
112-39-0,7.38,7.486672,-0.10667200000000054,0.055665037592596014,-0.18352666183884145
112-40-3,6.1,6.162646,-0.06264599999999998,0.04480919075688945,-0.1067232600169484
112-41-4,6.1,6.5845923,-0.4845923000000001,0.05467988852223882,-0.8428090099410982
112-42-5,4.76,4.951299,-0.19129899999999989,0.03177819174510661,-0.33115854949570805
112-44-7,3.84,4.24738,-0.40737999999999985,0.21292008180201366,-0.7081120739829713
112-49-2,-0.48,-0.9397794,0.45977940000000006,0.25003242271713716,0.8046483821527396
112-55-0,6.35,6.3160243,0.03397570000000005,0.04224200653193916,0.06183339400145684
112-57-2,-0.829,-0.54760665,-0.28139335,0.6029531880890419,-0.48832823479376347
112-61-8,8.35,8.084012,0.2659880000000001,0.06970374838905473,0.4665790875580227
112-70-9,5.665,6.0603566,-0.3953566000000004,0.03264204356404748,-0.6871372404422159
112-72-1,6.03,6.2274666,-0.19746659999999938,0.035271806719564404,-0.34191793397480363
112-88-9,8.0,7.871255,0.12874500000000033,0.0838905836889847,0.22715853433397523
112-92-5,7.295,7.311942,-0.016942000000000235,0.06044310764860737,-0.0269925854867223
1120-36-1,7.08,7.0149636,0.06503640000000033,0.058555887588363636,0.11601881677366561
1120-71-4,-0.28,0.7416656,-1.0216656,0.16473727459869275,-1.7797339285734872
1122-91-4,2.75,3.3115952,-0.5615952000000002,0.2312491424830445,-0.9771406473860393
1125-21-9,1.12,1.1989269,-0.07892689999999991,0.41106980577073615,-0.1351253066421707
1126-79-0,4.26,3.8274086,0.43259139999999974,0.14578863934280856,0.7572188884732405
113-18-8,1.8,1.5633191,0.23668090000000008,0.9992175273865451,0.41545282177111553
1132-61-2,-2.94,-2.6394677,-0.3005323,0.7189494040447196,-0.5217161525537031
1135-40-6,0.3,-0.09041208,0.39041208,0.2014278065878346,0.6836370217914128
114-86-3,-0.52,0.11424292,-0.63424292,0.2807745148291648,-1.1038746688870682
115-18-4,0.66,1.5691242,-0.9091242,0.144647111453811,-1.5834053416975895
115-19-5,0.318,1.1615487,-0.8435486999999999,0.3455378410339901,-1.4690088151866303
115-20-8,1.42,0.4812899,0.9387101,0.1753508978334759,1.6401434758914402
115-70-8,-0.123,-0.16477217,0.04177217,0.3857237506472623,0.07543434385386956
115-77-5,-1.69,-1.3064741,-0.3835259,0.629519289851258,-0.6664985722476425
115-84-4,2.105,1.7336698,0.37133020000000005,0.4201098628899379,0.650348662704575
115-86-6,4.59,4.0020914,0.5879085999999996,0.5428147775622468,1.0281699019982293
115-95-7,3.92,3.9286704,-0.008670400000000189,0.3393872580915112,-0.012562770865590111
116-09-6,0.3,0.38011378,-0.08011378000000002,0.18010069272837206,-0.13719582001050704
116-16-5,2.59,1.134042,1.4559579999999999,0.7962480564451588,2.54248296404003
117-08-8,3.145,2.7742405,0.37075950000000013,0.25611820595040435,0.6493530759735582
117-18-0,4.38,3.3785665,1.0014335,0.07441105337443732,1.74956451104874
117-79-3,3.305,2.9672084,0.3377916000000001,0.3541385398475093,0.5918405408596719
117-80-6,2.865,2.6748333,0.19016670000000024,0.35750970005270144,0.33430875251604264
117-81-7,6.315,6.5052686,-0.19026859999999957,0.37498784268301255,-0.32936101564668013
118-61-6,2.95,3.151349,-0.201349,0.1508986209871062,-0.34869078472738985
118-69-4,4.29,3.5965338,0.6934662,0.09388078582184521,1.2123152426640766
118-71-8,0.09,0.28989884,-0.19989884,0.29718669131102915,-0.3461609791310142
118-74-1,5.653,3.7133236,1.9396763999999997,0.14030300724929284,3.386330205302982
118-75-2,2.3,1.2526922,1.0473077999999998,0.2873372043358362,1.8295922741023445
118-79-6,4.13,3.457651,0.6723490000000001,0.1648571259219484,1.1754762657651248
118-90-1,2.46,2.237598,0.22240199999999977,0.14440857843285287,0.39054326618408425
118-91-2,2.05,2.5913765,-0.5413765000000001,0.08857594867910946,-0.9418691046518302
118-93-4,1.92,1.8302119,0.08978810000000004,0.42386669562309703,0.15919818262282073
119-34-6,0.96,0.9601679,-0.0001678999999999986,0.29063844517025644,0.0022698490406164885
119-36-8,2.533,2.5221872,0.010812800000000067,0.14287141275707826,0.021425691369823207
119-53-9,2.13,2.5783074,-0.4483074,0.35317982535183445,-0.7795099649502478
119-61-9,3.23,3.5068512,-0.27685119999999985,0.20625308737340095,-0.4804044494945013
119-64-2,3.78,3.6619782,0.11802179999999973,0.20669968215126466,0.20845190101692262
119-84-6,1.82,1.78473,0.035270000000000135,0.13221419269648807,0.06409130166915505
1191-16-8,2.0,1.7684848,0.23151520000000003,0.2493832501919639,0.4064412528620311
1193-81-3,1.6,2.0121338,-0.4121337999999999,0.14307421004602933,-0.7164050829227094
1194-98-5,0.54,1.0394176,-0.4994175999999999,0.3257653994529921,-0.8686717608844062
120-00-3,3.232,3.3786561,-0.14665609999999996,0.4615968538763495,-0.2532789649957639
120-14-9,1.22,1.3343542,-0.11435419999999996,0.3151487449653709,-0.1969282675599175
120-21-8,2.72,2.3546357,0.3653643,0.5047436085415602,0.6399411440808247
120-25-2,1.63,1.5607778,0.06922219999999979,0.24121256086757242,0.12332094913513462
120-32-1,3.6,3.814191,-0.21419100000000002,0.17705810488909546,-0.37109366680154465
120-47-8,2.47,2.0810418,0.38895820000000025,0.13119019359648104,0.6811007266512503
120-51-4,3.903,3.9793346,-0.07633460000000003,0.21966977279499872,-0.1306030366530079
120-57-0,1.05,1.5839123,-0.5339122999999999,0.3815974512993212,-0.9288478001526936
120-61-6,2.3,2.1109416,0.18905839999999996,0.2591506604323996,0.33237532203770653
120-72-9,2.14,2.4918272,-0.3518271999999998,0.9992175273865447,-0.6112001578259003
120-73-0,-0.37,-0.13684323,-0.23315676999999999,0.5998205798804446,-0.4041794718751735
120-80-9,0.88,2.0238364,-1.1438364,0.25325314996230514,-1.9928610135528635
120-82-1,4.0,3.5350845,0.46491550000000004,0.03054983370894194,0.8136083138316889
120-83-2,3.097,2.7395513,0.35744869999999995,0.1533405005829815,0.6261323718221282
120-92-3,0.38,0.82488906,-0.44488905999999995,0.6174213172353084,-0.7735466673401118
1205-30-7,0.881,1.686688,-0.805688,0.15877784207584142,-1.4029607854914932
121-03-9,-1.1,0.18199271,-1.2819927100000001,0.18350127100969996,-2.233874837001732
121-14-2,1.98,1.7520477,0.22795229999999989,0.15925556307213898,0.40022577018472155
121-32-4,1.58,1.8767848,-0.29678479999999996,0.23731365273995722,-0.5151786349884565
121-33-5,1.29,1.4274707,-0.13747069999999995,0.25872398397544394,-0.23725502534431234
121-39-1,2.4,2.2007947,0.19920530000000003,0.21327858450467313,0.35007659941804004
121-43-7,-0.77,0.11384485,-0.88384485,0.29422185053967054,-1.539305489886245
121-44-8,1.45,1.4237542,0.026245799999999875,0.3611629412445551,0.04834857558181715
121-57-3,-1.53,0.5274362,-2.0574362,0.1539388771580008,-3.5866367947685136
121-69-7,2.307,2.3463166,-0.03931660000000026,0.20094362974798402,-0.06602509796580529
121-73-3,2.41,1.6823249,0.7276751000000001,0.08308139215817167,1.2719927035413974
121-79-9,1.8,2.0767493,-0.27674929999999986,0.25272415646818513,-0.48022668484075914
121-86-8,3.0,2.538785,0.46121500000000015,0.13551647276434747,0.8071527878142922
121-87-9,2.14,1.5176656,0.6223344000000002,0.13001720967244673,1.0882257451463722
121-92-6,1.83,1.6163169,0.21368310000000013,0.190470945145869,0.3753331362575666
121-98-2,2.27,2.3606026,-0.09060259999999998,0.14598721330187459,-0.15549357717894147
122-03-2,3.17,3.1239824,0.04601759999999988,0.3026240129972081,0.08284050081104728
122-39-4,3.5,3.380148,0.11985199999999985,0.29299159629082233,0.21164468678020876
122-48-5,0.4,0.7400989,-0.3400989,0.24571572152281018,-0.5907401265355791
122-63-4,2.803,2.3765697,0.4264302999999998,0.21239616095050567,0.7464708432507617
122-78-1,1.78,1.6335621,0.1464379,0.3084294939321611,0.2580238163967229
122-79-2,1.49,2.5464838,-1.0564837999999999,0.0883224399689611,-1.8404743139211226
122-84-9,1.9,1.9154611,-0.015461100000000005,0.31340343297392365,-0.024409153929050527
122-97-4,1.88,2.344355,-0.4643550000000003,0.11821925018817517,-0.8075050194879532
122-99-6,1.16,1.6180007,-0.45800070000000015,0.15629571059663866,-0.7964199366687814
12270-13-2,-1.6,-1.1144569,-0.4855431000000001,0.4826704206965165,-0.8444676815090866
123-01-3,8.26,8.351924,-0.09192400000000056,0.06925219471672998,-0.15779876082423047
123-02-4,9.36,8.532241,0.8277589999999986,0.07167629577680877,1.446589168984589
123-05-7,3.335,3.522565,-0.1875650000000002,0.38763620072414995,-0.3246445826942062
123-07-9,2.58,2.5653102,0.014689800000000197,0.13473934272346647,0.02818912181691096
123-08-0,1.35,2.1222744,-0.7722743999999997,0.29060683189784103,-1.3446707262738493
123-11-5,1.76,1.6264949,0.13350510000000004,0.20750681977689917,0.23546253363012673
123-15-9,1.8,1.9606631,-0.16066310000000006,0.4136129454747884,-0.2777141907559795
123-19-3,2.04,1.9250122,0.11498779999999997,0.3907414531025806,0.20315908492807508
123-25-1,1.2,1.8636963,-0.6636963,0.21935705860334248,-1.1552561202828995
123-30-8,0.04,-0.029895317,0.069895317,0.30587923781157395,0.12449520242692044
123-31-9,0.59,0.8865949,-0.2965949,0.23343981016193005,-0.5148473542451236
123-35-3,4.25,4.5256653,-0.2756653,0.20548730863001904,-0.4783356457371631
123-38-6,0.59,0.7601808,-0.17018080000000002,0.9992175273865423,-0.29431782809573825
123-39-7,-0.97,-0.2978682,-0.6721318,0.11278433528775815,-1.1699718586208945
123-42-2,-0.14,-0.11056923,-0.02943077000000001,0.40600806329917294,-0.048779257466261064
123-51-3,1.2,1.7202688,-0.5202688,0.09819977415524878,-0.9050467005125497
123-54-6,0.4,0.74220365,-0.34220364999999997,0.5150169466541067,-0.5944118650533783
123-66-0,2.96,3.3326817,-0.3726817000000002,0.06641075711486433,-0.647580854307404
123-72-8,0.88,1.2516088,-0.3716088000000001,0.19713965869225575,-0.6457091791651081
123-76-2,-0.49,-0.97476685,0.48476684999999997,0.21072616328469906,0.8482390141169069
123-86-4,1.793,1.7448417,0.048158299999999876,0.07824409839455934,0.08657495414044636
123-91-1,-0.27,0.41905788,-0.68905788,0.4628936794827364,-1.1994994224129605
123-92-2,2.21,1.8192786,0.3907213999999999,0.12233380694223242,0.6841766308463244
123-96-6,2.84,3.1986585,-0.3586585000000002,0.08113870601927588,-0.6231173676306957
124-02-7,1.11,0.8056779,0.30432210000000015,0.4893097158099328,0.5334529640351179
124-04-9,0.08,0.5721452,-0.4921452,0.2901638306280795,-0.8559850516805376
124-07-2,3.05,3.3517735,-0.30177350000000036,0.06759796543696961,-0.5238814272173419
124-10-7,6.41,6.5287604,-0.11876040000000021,0.04748722611892922,-0.2046148879457722
124-11-8,5.15,5.427605,-0.27760499999999944,0.055028130350513585,-0.48171945436192753
124-17-4,2.9,1.8508942,1.0491058,0.17471717013269006,1.8327288869328486
124-18-5,5.333,5.6848936,-0.3518935999999995,0.04919572745998749,-0.6113159926935001
124-48-1,2.16,1.2414418,0.9185582000000001,0.028224198675201935,1.604988465825239
124-68-5,-0.63,0.06448596,-0.69448596,0.20974910408596625,-1.208968713499168
124-76-5,3.24,3.024133,0.21586700000000025,0.2044598352152428,0.37914295203094683
125-20-2,3.682,3.6774614,0.004538600000000059,0.5280249824699441,0.01048034308219963
125-29-1,1.2,0.8989912,0.30100879999999997,0.3298596204455434,0.5276729088119205
126-11-4,1.06,0.6651932,0.3948068,0.41619271213597636,0.6913036153055796
126-30-7,0.12,0.56265086,-0.44265086,0.24923796500990628,-0.7696421251614501
126-33-0,-0.77,0.15628366,-0.92628366,0.352594406024327,-1.6133400371372542
126-52-3,1.2,1.4017407,-0.2017407,0.30611601623305645,-0.3493741057761709
127-06-0,0.12,0.36511618,-0.24511618000000002,0.22022778290921796,-0.42504267479578306
127-07-1,-1.733,-0.6746829,-1.0583171,0.1232053334655972,-1.8436725076375646
127-17-3,-0.5,-0.02354656,-0.47645344,0.25870019504069175,-0.8286107603851056
127-18-4,3.4,1.3771839,2.0228161,0.04608404102602563,3.5313674965956627
127-19-5,-0.77,-0.0509078,-0.7190922,0.3204043131754996,-1.251894324230234
128-37-0,5.1,5.1239686,-0.023968600000000784,0.12503218842118358,-0.039250496340348544
128-39-2,4.71,4.873228,-0.16322800000000015,0.2054543893297619,-0.2821886614172473
129-00-0,4.88,5.08833,-0.20833000000000013,0.28071094195826424,-0.360869146334591
129-17-9,-2.783,-1.71726,-1.06574,0.4069492469859407,-1.856621764244654
129-43-1,3.52,3.6166131,-0.0966130999999999,0.29879440659139367,-0.1659789005480978
130-15-4,1.755,2.1820512,-0.4270512000000002,0.4426030484610758,-0.7424285024097834
130-95-0,3.16,3.0732896,0.0867104000000003,0.5148766588197081,0.1538291318394832
131-09-9,4.46,4.0689144,0.39108560000000026,0.5285595473008845,0.684811978117109
131-11-3,1.535,1.7961832,-0.26118320000000006,0.1859274697114199,-0.4530716075432591
131-57-7,3.79,3.0110667,0.7789332999999998,0.49241385999180837,1.361412685626231
132-22-9,3.38,3.2733746,0.10662539999999998,0.33785423092950495,0.18857086961450154
1321-74-0,3.695,3.622599,0.07240099999999972,0.2997650831748037,0.1288663689714001
133-08-4,3.4,3.2716088,0.12839119999999982,0.19374211884322232,0.22654132987377842
133-13-1,2.4,2.4989102,-0.09891020000000017,0.22526837298268557,-0.16998619383672472
133-53-9,2.8,2.8144426,-0.014442600000000194,0.14035930085902354,-0.022632379642138642
1330-61-6,5.07,4.7727046,0.2972954000000003,0.15146623013052946,0.5211948787313911
134-20-3,1.88,1.8962959,-0.01629590000000003,0.22493312633306967,-0.025865463378941893
134-49-6,1.7,1.4792727,0.22072729999999985,0.20752467719460757,0.38762175032910956
134-85-0,3.748,3.5177689,0.23023110000000013,0.33835322420443886,0.4042011391047176
13463-40-6,3.0,2.0640543,0.9359457,0.683358061021309,1.6353209772770658
13466-78-9,4.38,3.93219,0.44781000000000004,0.22171042331244725,0.7837677516669594
135-01-3,3.72,3.1917915,0.5282085000000003,0.26019278363996606,0.9240230167688858
135-02-4,1.72,2.023883,-0.3038830000000001,0.34485785328239316,-0.5275614521149765
135-09-1,0.173,1.0502448,-0.8772447999999999,0.1831820770842179,-1.527791695941881
135-19-3,2.7,2.825633,-0.12563299999999966,0.1596376170566167,-0.21660414564261254
135-98-8,4.57,4.3920546,0.17794540000000048,0.10915009092072583,0.31298868222380916
13537-82-1,4.36,3.45128,0.9087200000000002,0.34005374014240736,1.5878257159091862
136-77-6,3.45,3.300124,0.14987600000000034,0.3417988135006015,0.2640215853469767
137-19-9,2.32,2.1287167,0.19128329999999982,0.25462983236049364,0.33625666235282753
137-32-6,1.293,1.7713376,-0.47833760000000014,0.13964590333119647,-0.8318976794233273
138-52-3,-1.22,-1.0067444,-0.21325559999999988,0.47737747190585894,-0.36946186054923447
138-86-3,4.57,4.554833,0.01516699999999993,0.1635844171859609,0.02902159770273721
13826-35-2,2.797,2.5773892,0.21961080000000033,0.22657918556133272,0.38567401494242654
138526-69-9,3.2,2.1629667,1.0370333,0.1407880726196942,1.811668398392105
140-10-3,2.13,1.7558968,0.37410319999999997,0.26010320120047764,0.6551861640277045
140-11-4,1.96,2.3099527,-0.3499527000000002,0.18117584261619288,-0.6079300906675142
140-39-6,2.11,2.228034,-0.1180340000000002,0.12940059543451385,-0.2033476824062405
140-66-9,4.46,3.9949167,0.46508329999999987,0.7552030771015643,0.8139010411025219
140-88-5,1.32,1.3328829,-0.01288289999999992,0.07893557348644477,-0.01991148140424226
14073-97-3,3.05,3.399999,-0.3499990000000004,0.46463168464404336,-0.6080108610646515
141-04-8,4.3,3.9845176,0.3154823999999996,0.36232318207244185,0.5529221187471703
141-16-2,6.2,5.6922274,0.5077726,0.2294723975288415,0.8883725684135497
141-32-2,2.37,2.3537822,0.01621780000000017,0.09638856229915044,0.030854719372533753
141-43-5,-1.31,0.08224425,-1.39224425,0.06346899888417772,-2.4262087607763743
141-78-6,0.73,0.95961094,-0.22961094000000004,0.09755764528150254,-0.3979937678302429
141-79-7,1.7,1.8066436,-0.10664359999999995,0.24590836237901886,-0.183477118009927
141-82-2,-0.835,-0.9220081,0.08700810000000003,0.2525521729727919,0.1543484697925645
141-93-5,4.44,4.4930897,-0.05308969999999924,0.2278418442917764,-0.09005228493789048
141-97-9,0.257,0.56134707,-0.30434706999999994,0.2231606258068377,-0.5283710227024355
142-19-8,3.97,3.8677602,0.10223979999999999,0.13701193685138738,0.18092018594961967
142-28-9,2.0,0.7588028,1.2411972,0.16367788172579978,2.1678325297968337
142-29-0,2.47,2.5375628,-0.0675627999999997,0.23274046765051173,-0.11530062262263271
142-62-1,1.907,2.1834133,-0.27641329999999975,0.08163284886033832,-0.4796405324986848
142-68-7,0.95,1.3516951,-0.40169509999999997,0.21382108206450157,-0.6981947601453012
142-82-5,4.66,3.8613327,0.7986673,0.0650088299600216,1.3958386687169781
142-84-7,1.67,1.8954369,-0.22543690000000005,0.2496342086189204,-0.39071215080074556
142-90-5,6.45,6.543531,-0.09353099999999959,0.1166086364993411,-0.16060217396027976
142-92-7,2.87,2.933236,-0.06323599999999985,0.0786133844242851,-0.10775251561761406
142-96-1,3.21,3.1478717,0.062128299999999914,0.2011613445815939,0.11094563336299292
143-08-8,3.77,3.8747368,-0.10473679999999996,0.03677523924895578,-0.1801507034686563
143-24-8,-0.84,-0.9397794,0.09977940000000007,0.42982317764386146,0.17662801564474126
14371-10-9,1.9,1.9477477,-0.04774770000000017,0.2358478122334392,-0.08073316049932065
144-11-6,4.493,4.434066,0.05893400000000071,0.44364945305071546,0.10537317376094847
144-14-9,3.7,3.6536536,0.04634640000000001,0.3734100803546776,0.08341409274579148
144-62-7,-1.255,-0.6193753,-0.6356246999999999,0.41651514895819697,-1.1062851855038274
144-80-9,-0.78,-0.026442267,-0.7535577330000001,0.17281983768622083,-1.3120194816373272
1459-93-4,2.1,1.6248478,0.47515220000000014,0.4947581791085291,0.8314662474034458
146-22-5,2.25,2.0548093,0.19519069999999994,0.37208169964600635,0.34307312563086484
1466-76-8,0.66,0.7030012,-0.04300119999999996,0.45215449555210985,-0.07245288641701413
147-71-7,-0.76,-1.6100712,0.8500711999999999,0.35998773858362465,1.485512824600146
148-24-3,2.02,1.9978703,0.02212970000000003,0.33841343636733534,0.041168034941307496
14898-79-4,0.61,1.1183499,-0.5083498999999999,0.13477421668345613,-0.8842541673281824
149-30-4,2.41,2.4696255,-0.059625499999999665,0.9992175273865446,-0.10145399469184394
149-32-6,-2.29,-1.6751858,-0.6148142000000001,0.4273066714024324,-1.0699812470671202
150-13-0,0.83,1.2001466,-0.3701466000000001,0.2389933611986363,-0.6431583697764748
150-76-5,1.495,1.6246736,-0.12967359999999983,0.20031284426862478,-0.22365297645625792
151-67-7,2.4,0.9627587,1.4372413,0.09213478759867491,2.509831661834974
15206-55-0,1.9,1.7979472,0.10205279999999983,0.23803172627260344,0.18059396425923885
1552-42-7,5.27,4.6923223,0.5776776999999997,0.7132391777422858,1.0103220865323779
15588-95-1,2.24,2.1738367,0.06616330000000037,0.31285879578818765,0.11798469497093753
156-08-1,4.1,4.3549843,-0.2549843000000003,0.209710607319108,-0.44225762018229714
156-43-4,1.24,1.0897298,0.15027020000000002,0.18633330499588077,0.2647092676483024
156-59-2,1.93,1.2476023,0.6823976999999999,0.08154221039865887,1.1930062331454825
156-60-5,2.045,1.2476023,0.7973976999999999,0.08154221039865887,1.3936238502244265
15625-89-5,2.75,2.6193733,0.1306267000000001,0.5754453184000591,0.23044116189969177
1570-64-5,2.935,2.8220136,0.11298640000000004,0.1083685380090294,0.19966764059049436
15950-66-0,3.6,2.9130018,0.6869982000000001,0.06580425830536347,1.2010318100791497
1618-26-4,2.31,1.4646397,0.8453603000000001,0.1724170360814525,1.4772946547540837
1622-61-3,2.507,2.3017821,0.20521790000000006,0.31593556157700314,0.3605655862393345
16251-77-7,1.9,2.344269,-0.44426900000000025,0.19298630861303848,-0.772464972038843
1634-04-4,1.0,1.0266566,-0.02665659999999992,0.19126812249473532,-0.04393971507694009
1639-09-4,3.7,4.1997867,-0.4997866999999996,0.03613995389121275,-0.8693156562101783
1643-19-2,0.839,1.611427,-0.772427,0.6127400252688407,-1.3449369371292084
1658-56-6,-0.546,-1.0635413,0.5175413,0.38189998071381165,0.905414075508846
16587-71-6,3.9,4.185491,-0.28549099999999994,0.4583639139004172,-0.4954765893904898
1663-39-4,2.31,2.3387685,-0.028768499999999975,0.2590528992418848,-0.047623926777018634
1668-19-5,2.335,2.4464064,-0.1114063999999999,0.32848661367329135,-0.19178582745882775
16969-10-1,2.03,2.1039658,-0.0739658000000003,0.40248559931987904,-0.12647066264138576
17095-24-8,-4.34,-3.9503677,-0.3896322999999997,0.5659259044227286,-0.6771511932644322
1724-39-6,4.18,3.9295728,0.25042719999999985,0.29172065839028455,0.4394332561159176
1731-84-6,4.32,4.1455107,0.1744893000000003,0.05268413197196824,0.30695951225523027
1745-81-9,2.55,2.6317692,-0.0817692000000001,0.19107633315497846,-0.14008370188585348
1746-23-2,4.73,4.6102366,0.11976340000000008,0.21439622936153904,0.21149012399000747
1761-61-1,2.5,1.9370716,0.5629284000000001,0.6775799779152563,0.9845919176664439
17617-23-1,3.8,3.7749262,0.025073799999999924,0.6413992815299158,0.04630402038863008
1777-82-8,2.8,1.9344012,0.8655987999999999,0.12834385148221317,1.5126007386084503
18282-59-2,4.3,3.888331,0.41166899999999984,0.053542054327205754,0.7207197403726103
18479-58-8,3.47,3.4069803,0.06301970000000034,0.22133566019225154,0.1125006815705082
1861-32-1,4.4,3.646207,0.7537930000000004,0.3206653572513375,1.3175554066814514
1867-66-9,2.18,1.945589,0.23441100000000015,0.3079284789622465,0.4114929789101809
1879-09-0,4.08,4.016621,0.0633790000000003,0.13642485989387956,0.11312748078630346
1892-29-1,-0.3,-0.99567986,0.69567986,0.2753739184552506,1.2161769747877547
1896-62-4,2.07,2.2896466,-0.21964660000000036,0.1698887908480543,-0.38061096655577037
1934-21-0,-1.572,-1.1520194,-0.41998060000000015,0.31152467461428124,-0.7300938335113626
1948-33-0,1.725,2.2574565,-0.5324564999999999,0.15158634596629747,-0.926308155570576
198-55-0,6.3,5.752296,0.5477039999999995,0.4053025862467858,0.9580329363668196
19819-98-8,2.1,1.897363,0.20263700000000018,0.1584289880400261,0.3560632035617778
2004-70-8,1.97,2.3993955,-0.4293954999999998,0.16409139654673396,-0.7465181361464625
2021-28-5,2.73,2.9373026,-0.20730260000000023,0.11806952437414828,-0.3590768459886181
20262-58-2,0.002,-0.24692519,0.24892519,0.9992175273865436,0.4368129981417549
2039-87-4,3.58,3.4208279,0.15917210000000015,0.1498899199247316,0.28023864126112913
2051-49-2,4.45,4.647132,-0.19713199999999986,0.18912348747153937,-0.34133422393415563
2052-15-5,1.435,1.454542,-0.01954199999999995,0.19765982575593302,-0.03152828813372401
206-44-0,5.16,4.8172855,0.3427145000000005,0.2578479170599613,0.6004285449215676
2078-54-8,3.86,3.6507862,0.20921379999999967,0.23750471023384184,0.3675364378574708
208-96-8,3.93,4.020036,-0.090036,0.16217649110404198,-0.15450514290209866
2082-59-9,3.33,3.2653012,0.06469879999999995,0.20977871008337495,0.1154298732299619
2110-78-3,0.953,0.75862306,0.19437693999999994,0.22359533444683938,0.3416535204823939
21282-97-3,0.9,0.9582784,-0.05827839999999995,0.2785995362091925,-0.09910397737039188
2162-98-3,4.51,4.680433,-0.17043300000000006,0.1267442333307719,-0.2947577912524975
2162-99-4,4.56,4.391256,0.16874399999999934,0.12414056199779053,0.29693683055606634
2163-00-0,3.5,2.9389734,0.5610265999999999,0.12739778998759935,0.9812742256302633
21722-83-8,4.3,3.7362728,0.5637271999999998,0.18061824044978297,0.9859854250796839
2175-90-8,3.43,4.168734,-0.7387339999999996,0.38634730462301886,-1.2861594643271133
218-01-9,5.815,6.118344,-0.30334399999999917,0.22402193671732928,-0.5266211660662309
22004-32-6,2.81,2.7976296,0.012370400000000004,0.28970362328411986,0.024142926155581036
2216-51-5,3.367,3.5204508,-0.1534507999999999,0.2523106750955551,-0.26513232606329684
2222-33-5,3.508,3.5345907,-0.026590699999999856,0.36313804760082435,-0.043824752459848654
22232-71-9,3.7,3.3472977,0.35270230000000025,0.7471692638993226,0.6178522721899243
2315-68-6,3.01,3.3320782,-0.3220782000000004,0.12815836643097972,-0.5593029970391057
2321-07-5,3.4,2.9516397,0.44836030000000004,0.7521167683654439,0.7847277505772077
2349-07-7,4.7,4.118089,0.5819109999999998,0.14017357946241993,1.0177070826922066
2372-21-6,2.5,2.191512,0.3084880000000001,0.154261776666609,0.540720380826328
2380-78-1,0.47,0.44371992,0.026280079999999983,0.16471626977412762,0.048408377076717045
2385-85-5,6.89,5.281336,1.608664,0.7199212246881509,2.8088787365066152
2390-54-7,3.02,3.3655665,-0.3455664999999999,0.37309826806152646,-0.600278360302021
2399-48-6,0.81,0.96743417,-0.15743416999999993,0.19629052997553914,-0.2720813190836774
2409-55-4,3.8,3.9051614,-0.10516140000000007,0.13455717592109723,-0.18089141860093233
2416-94-6,2.67,2.4449687,0.22503129999999993,0.1723429948882352,0.39513008271091643
2425-85-6,3.7,3.5844324,0.11556760000000033,0.3447931710426632,0.20417054661835718
2432-11-3,3.9,4.4132824,-0.5132824,0.3203383308640072,-0.8928589185998512
24347-58-8,0.88,0.43361673,0.44638327,0.16796752256681355,0.7812788197294372
2437-56-1,6.59,6.832001,-0.24200100000000013,0.05588527563995291,-0.4196082401142877
2439-35-2,0.68,0.66932595,0.010674050000000102,0.21158930134017112,0.02118364185356498
2450-71-7,-0.43,-0.1559041,-0.2740959,0.32370462759568497,-0.4755978258393918
2454-35-5,1.4,2.1347413,-0.7347413,0.18927086291236137,-1.279194195112235
2455-24-5,1.76,1.5470992,0.2129008000000001,0.21312773463718138,0.37396841311112433
2459-10-1,1.96,2.0525744,-0.09257440000000017,0.18950883467086221,-0.15893338428638756
2460-77-7,4.81,4.2958574,0.5141425999999996,0.780735197443649,0.8994850398987043
24717-85-9,5.99,5.92191,0.06809000000000065,0.2238565624162645,0.12134582508246847
2499-95-8,3.3,3.3130128,-0.013012800000000269,0.09801631231626041,-0.02013809208649117
25103-58-6,6.2,4.981688,1.218312,0.25587041661514653,2.1279092750979203
25154-52-3,5.71,5.5170326,0.19296739999999968,0.10495622001361524,0.33919457651737206
2550-26-7,2.0,2.1142025,-0.1142025000000002,0.1918193087929581,-0.19666362675547552
260-94-6,3.4,3.6127362,-0.21273620000000015,0.2295728263460336,-0.3685557667204453
2610-11-9,-2.05,-2.0216808,-0.028319199999999878,0.5929164643389986,-0.046840122469596124
2611-82-7,-2.267,-1.9975934,-0.26940659999999994,0.44566465801008076,-0.46741733721531964
2650-18-2,-3.0,-2.721008,-0.27899200000000013,0.8353539181521431,-0.4841390772740026
26537-19-9,4.3,3.6958058,0.6041941999999998,0.15709280736430198,1.056580147778237
2687-12-9,2.75,2.7530751,-0.0030751000000002193,0.12370589698360505,-0.0028017643191395993
2702-58-1,1.84,2.0681307,-0.22813070000000013,0.9992175273865419,-0.3954114876432436
2705-87-5,4.28,4.252397,0.027603000000000044,0.25240961672678097,0.050716212363552594
27247-96-7,5.24,4.1024566,1.1375434000000002,0.10282314502393414,1.987008370169204
2743-38-6,1.01,1.2355424,-0.22554239999999992,0.8165583789105958,-0.39089619565815253
2756-56-1,5.0,4.6588464,0.34115360000000017,0.24773686800127637,0.5977055532824495
2785-87-7,2.8,2.4512498,0.3487502,0.1568626355687019,0.6109578297163788
27955-94-8,3.88,3.9188106,-0.03881060000000014,0.6114781041580686,-0.06514238045065772
2801-68-5,1.72,1.635618,0.08438199999999996,0.29917512174893296,0.14976723566899033
2855-27-8,6.0,5.559161,0.4408390000000004,0.46529508941936837,0.77160683506994
2861-02-1,-3.05,-2.0391002,-1.0108997999999998,0.6576600669050043,-1.7609529795130652
2867-47-2,1.13,1.0773287,0.052671299999999865,0.2347225192099765,0.09444788723503134
287-92-3,3.0,2.4389734,0.5610265999999999,0.19400618913803533,0.9812742256302633
288-32-4,-0.065,0.2556065,-0.3206065,0.2694474667555306,-0.5567356148907999
288-47-1,0.44,0.96480256,-0.5248025599999999,0.21876391749396223,-0.9129558494482699
2885-00-9,9.12,8.6982565,0.4217434999999998,0.09953238352813548,0.7382947158792348
289-95-2,-0.4,0.17597744,-0.5759774400000001,0.4582750441449891,-1.002230479708278
291-64-5,4.0,3.8344343,0.16556570000000015,0.03986650115168845,0.29139228297031117
2935-44-6,0.62,1.3097925,-0.6897924999999999,0.22115123328405237,-1.2007809677508605
2935-90-2,0.9,0.24965395,0.65034605,0.10726085161323448,1.1370920970894103
29590-42-9,3.93,3.9102178,0.019782200000000305,0.12776053612146,0.0370728188013704
29964-84-9,5.62,5.393689,0.22631099999999993,0.1766599094043535,0.39736252066375055
302-17-0,0.99,1.2925774,-0.3025774000000001,0.4343748957690278,-0.5252838315857741
3048-64-4,3.39,2.9798946,0.41010539999999995,0.2737894379006003,0.7179920385807441
306-08-1,0.33,0.4549044,-0.12490439999999997,0.31491894338127524,-0.21533310220084162
3071-73-6,-0.211,-0.3723119,0.16131189999999998,0.48121660275977185,0.28397152453961166
3087-16-9,0.595,0.5207095,0.07429049999999993,0.6316570370296324,0.13216260364505844
3118-97-6,6.6,5.3669477,1.2330522999999998,0.2157048201829413,2.1536237434546917
31482-56-1,4.38,3.873203,0.5067969999999997,0.47625955749464555,0.8866706332203125
315-22-0,-1.18,-1.2532587,0.07325870000000001,0.48509730254254113,0.13036262749460595
3208-16-0,2.4,1.946191,0.4538089999999999,0.20816084890840297,0.7942330132744078
3209-13-0,0.9,0.6477674,0.25223260000000003,0.354602629897821,0.44258277825395553
3209-22-1,3.05,2.8786578,0.17134219999999978,0.07193893329880674,0.30146939310123677
328-84-7,4.24,3.332506,0.9074940000000002,0.053067398499081944,1.585686957661023
329-71-5,1.75,0.85486394,0.89513606,0.9992175273865481,1.5641285187496785
3316-09-4,1.66,1.4886913,0.17130869999999998,0.18546937402660876,0.30141095231713155
334-48-5,4.09,3.9761436,0.11385639999999997,0.07354879642570392,0.20118535647622188
3351-05-1,-1.16,-1.1731153,0.013115300000000163,0.34953392754544876,0.025442404963947448
3386-33-2,9.43,8.649043,0.780956999999999,0.08656736161359364,1.3649430323365137
339-43-5,1.01,0.7848543,0.2251457,0.21462080326000127,0.39532965362738465
3452-97-9,3.56,3.2099502,0.35004979999999986,0.22325842379253938,0.6132249832394724
352-93-2,1.95,2.141331,-0.19133100000000014,0.14708429887786195,-0.331214373528287
3570-55-6,2.52,0.96902144,1.55097856,0.1689273107161631,2.7082464276983504
35836-73-8,3.09,3.1057305,-0.01573050000000009,0.24451536404002366,-0.02487912250332083
3597-91-9,3.2,2.9322639,0.26773610000000003,0.18649251021182484,0.4696286497877243
3612-20-2,2.1,1.8562672,0.24373280000000008,0.3855635825403574,0.42775486850049815
3618-62-0,0.3,0.3657517,-0.06575170000000002,0.5319931776131862,-0.11214115682879262
3648-21-3,7.6,7.282594,0.3174060000000001,0.41141153444357886,0.5562778409055456
3658-77-3,0.95,0.310468,0.639532,0.44027369221866347,1.1182269758548662
3658-80-8,1.94,1.0382015,0.9017985,0.08330287450062954,1.5757511521125604
36653-82-4,6.675,6.9640207,-0.2890207,0.04492700752269013,-0.501634154633999
367-27-1,1.46,2.0936542,-0.6336542000000001,0.24423090001183495,-1.1028476462477053
3681-71-8,2.7,2.4105265,0.28947350000000016,0.19087528187649908,0.5075495662180883
371-62-0,-0.67,-0.32258022,-0.34741978000000007,0.24293250008503453,-0.6035114091488044
3724-65-0,0.72,1.0970417,-0.3770416999999999,0.2661885504316253,-0.6551868787462225
39255-32-8,2.09,1.8971596,0.1928403999999999,0.16764216216014532,0.3389730248880766
3937-56-2,1.69,1.5753713,0.11462869999999992,0.13043996082508796,0.20253263461248325
40018-26-6,0.127,0.72692055,-0.59992055,0.6922934578336609,-1.043999259479226
4098-71-9,4.75,4.297875,0.45212499999999967,0.3852236046009023,0.7912952735599644
4101-68-2,6.12,5.209138,0.9108619999999998,0.17542254265201607,1.5915624370899082
41492-05-1,5.4,4.9531727,0.4468273000000007,0.10753325505800884,0.7820534305164956
423-55-2,6.1,4.5995903,1.5004096999999996,0.30455636082752996,2.6200289999453177
431-03-8,-1.34,0.22387658,-1.56387658,0.34374653857886156,-2.7256215351964346
439-14-5,2.847,2.7909675,0.05603250000000015,0.1899056418852111,0.10031150405699485
452-86-8,1.37,1.5591418,-0.1891417999999998,0.18309378156529785,-0.32739531189951054
464-07-3,1.48,2.397706,-0.9177059999999999,0.20895951362700482,-1.598376300534529
466-97-7,-0.17,-0.076887034,-0.093112966,0.4933247454480515,-0.15987291322168937
466-99-9,0.505,0.8296834,-0.32468339999999996,0.3008187291824265,-0.563847771091401
4764-17-4,1.64,1.542137,0.09786299999999981,0.35736979834811977,0.17328485389369655
480-40-0,3.52,3.4876099,0.0323901000000002,0.4819028335638834,0.05906731318719298
480-54-6,-1.88,-1.733379,-0.1466209999999999,0.3453186324302539,-0.2532177330100293
481-39-0,1.92,1.8882368,0.03176319999999988,0.4485733949098912,0.05797368549895947
4812-20-8,2.09,2.177075,-0.08707500000000001,0.16267761238496975,-0.1493396753875704
4813-57-4,6.8,6.9459667,-0.14596669999999978,0.13323225552300777,-0.2520763059939008
48145-04-6,2.58,2.051417,0.5285830000000002,0.20864013481910515,0.9246763324001558
486-12-4,3.96,3.4523234,0.5076765999999999,0.5022868512022631,0.8882050963158141
490-79-9,1.74,1.2645359,0.47546409999999995,0.20202283076146557,0.8320103572709838
4901-51-3,4.21,3.6764598,0.5335402,0.08396849639871909,0.9333241728469706
4940-11-8,0.63,1.0831491,-0.45314909999999997,0.20987618159888832,-0.787956315529475
495-76-1,1.05,1.1978658,-0.14786579999999994,0.39283144366062317,-0.25538928787733256
497-23-4,-0.6,-0.38016516,-0.21983483999999998,0.19335388780636048,-0.38093935142741264
498-00-0,0.42,0.64577526,-0.22577525999999998,0.22989957364754093,-0.3913024201652222
499-75-2,3.49,3.4140067,0.07599330000000037,0.15978929685286342,0.13513313997864204
50-00-0,0.263,1.1923169,-0.9293169,0.05970974538177766,-1.6186315274053285
50-24-8,1.413,1.1667765,0.24622349999999993,0.6976044840327968,0.4320998971862242
50-36-2,2.3,1.9399862,0.3600137999999997,0.3449127036168659,0.6306071913835991
50-48-6,4.913,4.6331162,0.27988380000000035,0.2732292414606953,0.49082032480502824
50-49-7,4.8,4.7843094,0.01569060000000011,0.34159260632405986,0.029935018435803044
50-52-2,5.9,5.8104005,0.08959950000000028,0.3066063470149164,0.1588691697308117
50-53-3,5.24,4.9751287,0.26487130000000025,0.24534129104438532,0.4646310032711355
50-70-4,-2.2,-3.038762,0.838762,0.21779882351262986,1.465783913686501
50-78-2,1.187,1.2903215,-0.10332149999999984,0.1700376979598751,-0.17768171117777062
50-81-7,-1.925,-2.085845,0.1608449999999999,0.7075833115708673,0.283157017014271
50-91-9,-1.24,-1.4552194,0.21521940000000006,0.4929728269960814,0.3780132131716394
501-30-4,-0.64,-0.3377971,-0.3022029,0.3972612752211099,-0.5246305159545038
502-44-3,0.32,1.1196237,-0.7996236999999999,0.10188475892311273,-1.3923816079675642
502-56-7,2.88,2.9452562,-0.06525620000000032,0.4507202151246049,-0.1112767565743356
502-72-7,5.6,5.34757,0.2524299999999995,0.39750039847612884,0.4429271427549232
503-74-2,1.16,1.4333979,-0.27339789999999997,0.22448805246480183,-0.4743801641287735
504-02-9,0.461,0.89532155,-0.43432155,0.520078437350383,-0.7551116353865648
504-63-2,-1.04,-0.34923324,-0.69076676,0.17695526216250085,-1.2024805653127333
505-29-3,0.77,1.0820949,-0.31209489999999995,0.3477018823812674,-0.541887120025329
507-20-0,2.38,1.7291137,0.6508862999999998,0.27757725936397637,1.1380345637644265
509-34-2,3.649,3.6470659,0.0019341000000001607,0.739110412719997,0.005936790180616246
51-28-5,1.67,1.691031,-0.021031000000000022,0.3248161677393729,-0.03412585014964195
51-48-9,4.0,3.3348584,0.6651416000000001,0.9992175273865443,1.162902949127431
51-79-6,-0.15,0.2497992,-0.3997992,0.15047103918422022,-0.6948873606651276
513-85-9,-0.92,0.43361673,-1.3536167300000002,0.16796752256681355,-2.358823012810555
513-86-0,0.1,-0.14164345,0.24164345,0.354349646020229,0.42410999529837723
517-28-2,0.3,0.37415555,-0.07415555000000001,0.5219192877733401,-0.1268016817095655
518-28-5,1.67,1.8364359,-0.16643589999999997,0.6469264779442733,-0.2877848462331387
52-39-1,1.08,1.0986087,-0.018608699999999923,0.611399566773328,-0.029900145333551984
52-51-7,0.21,0.60766196,-0.39766196,0.4059781624093811,-0.691158943309251
52-86-8,4.2,3.9765022,0.22349780000000008,0.3977940833156435,0.39245489039969444
520-26-3,0.3,0.21538396,0.08461603999999998,0.856161776940715,0.15017551868726128
520-36-5,3.02,2.751445,0.2685550000000001,0.49781806804367024,0.47105722167142833
525-82-6,3.56,3.2305124,0.3294876000000002,0.36786499433788833,0.5773542044055543
526-75-0,2.355,2.2235265,0.1314734999999998,0.15084703726132825,0.2319184053617995
527-17-3,2.23,2.0549126,0.17508739999999978,0.6620780585539479,0.3080028983141417
527-60-6,2.73,2.8311517,-0.10115169999999996,0.22383892792552157,-0.17389649286874567
528-29-0,1.69,1.5498282,0.14017179999999985,0.17590073803012118,0.24709259856734547
529-20-4,2.26,2.2181852,0.0418147999999996,0.6267067529959419,0.07550871193226952
5292-45-5,1.78,2.2044964,-0.4244964,0.31875050540873173,-0.7379716512087979
53-03-2,1.173,1.2723638,-0.09936379999999989,0.6976044840327952,-0.1707774994985243
53-19-0,6.0,5.4551525,0.5448475000000004,0.1850020139462756,0.953049769208682
53-41-8,3.69,3.6664357,0.02356429999999987,0.6174213172353094,0.04367069610184159
53-70-3,6.5,6.4173436,0.0826564000000003,0.3069832621311629,0.14675692471219592
5307-14-2,2.115,1.9511698,0.16383020000000026,0.11639354737972965,0.2883647014534374
532-03-6,0.44,0.588519,-0.148519,0.2604334855536734,-0.2565287959423411
532-27-4,1.84,1.4371477,0.40285230000000016,0.2546634153402585,0.7053389982465246
5329-14-6,0.1,0.81562257,-0.7156225700000001,0.0823671356859618,-1.245841551162881
534-22-5,1.85,1.6352534,0.2147466,0.2096868110211106,0.3771884130902921
534-52-1,2.345,2.3090189,0.03598110000000032,0.32364239467958367,0.06533181634311047
5343-92-0,0.06,0.60960746,-0.54960746,0.10278867806208802,-0.9562280227515875
535-80-8,2.68,2.9148114,-0.2348113999999999,0.11543887813897541,-0.40706597559471536
536-60-7,2.49,2.9412212,-0.4512212,0.14156608387247627,-0.7845930920167228
536-78-7,1.66,1.4454618,0.2145382,0.16780449929487973,0.3768248590781247
536-90-3,0.93,0.41449666,0.51550334,0.4302909255612075,0.9018588522140442
538-93-2,4.68,3.9397707,0.7402292999999998,0.1368077823360236,1.2938935182225488
539-88-8,0.324,0.2515213,0.07247870000000001,0.1767244663077203,0.12900191670050526
5392-40-5,3.105,2.7383301,0.36666989999999977,0.35777996138351126,0.6422187646100267
54-05-7,4.52,4.4018726,0.11812739999999966,0.43694348985916087,0.20863612032443152
54-31-9,2.03,1.8039311,0.2260688999999998,0.3487963027940088,0.3969401769672737
54-42-2,-0.82,-1.139232,0.31923200000000007,0.44451963547370305,0.5594632997645556
540-54-5,2.04,1.7293726,0.3106274,0.08299380647020485,0.5444525663044034
540-59-0,1.93,1.2476023,0.6823976999999999,0.08154221039865887,1.1930062331454825
540-88-5,1.76,1.7914392,-0.03143919999999989,0.22625746205607294,-0.0522829656459988
541-31-1,2.67,2.6922264,-0.02222640000000009,0.09411448366139794,-0.03621122666665224
541-35-5,-0.21,0.5458947,-0.7558946999999999,0.14079486044472134,-1.3160963229480411
541-73-1,3.53,3.0345328,0.4954671999999998,0.05410210212162221,0.8669057855856951
541-85-5,2.76,2.6884687,0.07153129999999974,0.4796469405731657,0.12734917643597793
542-75-6,1.94,1.6283604,0.3116395999999999,0.09832014711789663,0.5462183502349016
543-59-9,2.73,2.9689794,-0.23897939999999984,0.04561892180196342,-0.4143370558380634
544-63-8,6.11,6.1299777,-0.019977700000000098,0.07323448881430686,-0.03228836722730076
54423-67-5,4.6,4.1677237,0.43227629999999984,0.3770564629760741,0.7566691962024444
547-25-1,-4.8,-4.5208483,-0.2791516999999999,0.5390362291694396,-0.48441767408658926
5471-51-2,1.33,1.1576961,0.17230390000000018,0.23899215202542354,0.3031470797303229
55-21-0,0.729,1.380426,-0.651426,0.09383492882113308,-1.1338505694407797
552-30-7,0.54,0.8792513,-0.3392512999999999,0.2672458248808011,-0.5892614874726563
552-45-4,3.34,2.9149976,0.4250023999999999,0.12463606511962817,0.7439798702470486
5522-43-0,5.06,4.752566,0.30743399999999976,0.2059531806445278,0.5388816767532735
553-86-6,1.347,1.4736316,-0.12663160000000007,0.14259020154472146,-0.21834620435926574
554-12-1,0.827,0.50638145,0.32061854999999995,0.10231373337599592,0.5618821376511711
554-84-7,2.0,1.9353426,0.06465739999999998,0.18185754663618087,0.11535765088781352
556-08-1,1.31,1.6241919,-0.31419189999999997,0.3223645468056986,-0.5455453386602381
556-24-1,1.82,1.6241668,0.19583320000000004,0.11235069833977943,0.34419396753498
556-50-3,-2.92,-2.482801,-0.4371990000000001,0.9992175273865432,-0.7601313498410329
556-82-1,0.91,1.547547,-0.637547,0.17345453556907442,-1.1096386398108784
557-40-4,0.7,0.5859614,0.11403859999999999,0.3337176250675412,0.2015032045617157
557-98-2,2.0,1.3322607,0.6677393,0.09711471411413164,1.1674346394220916
558-13-4,3.42,2.0112426,1.4087573999999998,0.029531729072369527,2.4601414692861487
558-37-2,3.04,2.4513004,0.5886996,0.26957330342360564,1.0295498023035297
56-23-5,2.767,2.0112426,0.7557573999999998,0.029531729072369527,1.3209823044813624
56-38-2,3.82,3.0253952,0.7946047999999997,0.25256184398886283,1.3887516333310366
56-40-6,-3.21,-1.4396889,-1.7703111,0.14354439652711753,-3.085746765502831
56-45-1,-3.07,-3.47217,0.40217000000000036,0.2832065336372866,0.7041487252018904
56-49-5,6.42,6.3321533,0.08784670000000006,0.2769320155927859,0.15581140834632456
56-53-1,5.07,5.2505083,-0.18050829999999962,0.37803237012826,-0.3123341623599358
56-55-3,5.685,5.439982,0.24501799999999996,0.3926978563486286,0.4299969012089315
56-81-5,-1.76,-1.8931835,0.1331834999999999,0.199595031678263,0.23490150210271268
56-84-8,-3.89,-3.8014998,-0.08850019999999992,0.3902301167367733,-0.15182593823853466
56-85-9,-3.477,-3.1262462,-0.35075379999999967,0.1942122478408212,-0.6093276104330954
56-86-0,-3.69,-3.2821639,-0.4078360999999999,0.40990163116821565,-0.7089077408973167
56-87-1,-3.05,-2.233684,-0.816316,0.17650404989547802,-1.421501342311624
5625-37-6,-2.7,-2.8512363,0.15123629999999988,0.4028645210635452,0.26639463008186703
563-12-2,5.073,4.94484,0.12816000000000027,0.44507714811232096,0.22613800123839964
563-47-3,1.98,1.6969045,0.28309549999999994,0.16337335903094674,0.4964231387247879
563-80-4,0.84,0.6383586,0.20164139999999997,0.4484237190173917,0.3543263783481792
565-80-0,1.86,1.2585917,0.6014083000000001,0.5156717135120781,1.0517201423919749
5655-61-8,4.3,4.230919,0.06908099999999973,0.18612815574013536,0.12307462559138192
5675-51-4,3.1,2.9501746,0.1498254000000001,0.12862213510632692,0.2639333135954615
569-65-3,5.8,5.545326,0.2546739999999996,0.5675810357047903,0.4468418030394899
57-11-4,8.23,7.606822,0.6231780000000002,0.09636377849406991,1.0896974062052227
57-13-6,-2.333,-0.50559103,-1.82740897,0.23849218301601838,-3.185354057847903
57-14-7,-0.4,-0.20176616,-0.19823384000000002,0.2703869968069991,-0.34325638493591476
57-41-0,2.38,3.1722007,-0.7922007,0.6267067529959427,-1.379432176910373
57-50-1,-3.693,-3.448949,-0.24405100000000024,0.5914674189205852,-0.42318446720134734
57-55-6,-0.92,-0.38589668,-0.53410332,0.0995153654422469,-0.9291810347371671
57-83-0,3.87,4.08838,-0.2183799999999998,0.34483225548503355,-0.37840138156627207
575-43-9,4.44,4.1312385,0.30876150000000013,0.13435601112558354,0.5411975018547723
576-26-1,2.36,2.3349462,0.025053799999999793,0.24718148576585242,0.046269130368268296
579-74-8,1.82,1.983712,-0.16371199999999986,0.1881964498641974,-0.2830329999099965
579-75-9,1.59,1.7351903,-0.14519029999999988,0.13869097895261112,-0.2507218754034654
58-00-4,2.467,2.2631793,0.20382070000000008,0.6364974536550568,0.35812816941687625
58-08-2,-0.07,-0.03867685,-0.03132315000000001,0.2691848800338471,-0.05208051630285108
58-22-0,3.32,3.2791994,0.040800599999999854,0.36219106661755823,0.0737394389997355
58-25-3,2.44,2.6024933,-0.16249329999999995,0.3030993708851377,-0.2809069765192652
58-27-5,2.2,2.3794823,-0.17948229999999965,0.44800794986224796,-0.310544304315388
58-55-9,-0.01,0.42957732,-0.43957732,0.9992175273865479,-0.7642803315023474
58-73-1,3.27,3.803145,-0.5331450000000002,0.36197114533315133,-0.9275092445215231
58-85-5,0.39,0.25976366,0.13023634,0.28013846733947356,0.22976017848227476
581-89-5,2.78,2.6395457,0.1404542999999996,0.300782296671239,0.247585420104952
582-17-2,1.9,1.454015,0.44598499999999985,0.41830819519278717,0.7805840373089672
583-59-5,1.84,1.8732631,-0.03326309999999988,0.09824582728786965,-0.05546476105287082
583-78-8,3.087,2.6711206,0.4158794000000001,0.1845150292994538,0.7280647874591255
584-02-1,1.21,0.832421,0.377579,0.29834999980911014,0.6612497006663393
584-03-2,-0.02,0.18973304,-0.20973303999999998,0.15037592236883845,-0.3633167510429946
584-84-9,3.4,3.4198124,-0.019812400000000174,0.11794214469797887,-0.03200000120901264
5850-86-2,-0.95,0.15790613,-1.10790613,0.211398043772276,-1.9301806209580539
586-38-9,2.02,1.9516805,0.06831950000000009,0.15318191621844282,0.12174618806611634
586-62-9,4.47,4.0503807,0.4196192999999999,0.21769806342911374,0.7345890468166342
587-98-4,0.137,0.76085615,-0.6238561499999999,0.29405344525647725,-1.0857549380475282
5888-33-5,4.52,4.673825,-0.15382500000000032,0.2873594498074289,-0.2657851183442623
589-18-4,1.58,1.7451721,-0.16517209999999993,0.1213434985266463,-0.28558014584649194
589-92-4,1.38,1.1920059,0.18799409999999983,0.3423112143069581,0.33051864960416616
589-98-0,2.645,3.0945034,-0.4495033999999998,0.11677207630806281,-0.7815963881678685
59-30-3,-2.61,-2.7041047,0.09410469999999993,0.5485495994569157,0.16672849571745507
59-42-7,-0.31,0.5941667,-0.9041667,0.23963535797090058,-1.5747569779004689
59-43-8,-3.93,-3.5361795,-0.39382050000000035,0.467141526338027,-0.6844575124283466
59-46-1,1.953,1.6994332,0.2535668,0.43623845255431215,0.44491029151227485
59-50-7,3.1,2.2436128,0.8563871999999999,0.10923075198289284,1.4965310930303253
59-67-6,-0.391,0.015054494,-0.406054494,0.3166059738470909,-0.7057997274165033
590-01-2,2.67,2.139315,0.5306850000000001,0.12118686930404834,0.928343273540155
590-86-3,1.405,1.2357203,0.16927969999999992,0.2636962214220133,0.2978713597514516
591-17-3,3.41,2.946398,0.4636020000000003,0.05201807694733923,0.8113169117444441
591-20-8,2.63,3.0604963,-0.43049630000000016,0.10699517546233,-0.7484384828671631
591-31-1,1.71,1.9420078,-0.2320078000000001,0.44537389407480354,-0.4021750925404329
591-35-5,3.62,2.9467373,0.6732627,0.1351884543988926,1.1770702163453421
591-50-4,3.25,2.9682038,0.28179620000000005,0.36787408196024796,0.49415650855199966
591-78-6,1.38,1.4371201,-0.05712010000000012,0.2051735592357068,-0.09708332184115268
591-87-7,0.97,0.8858718,0.08412819999999999,0.13757605760077551,0.14932448131060225
592-41-6,3.39,3.4851062,-0.09510620000000003,0.0888814440108691,-0.16335011196395663
592-76-7,3.99,4.06487,-0.07486999999999977,0.07135239924860726,-0.12804804046193075
592-84-7,1.32,1.9258258,-0.6058257999999999,0.09517726637330617,-1.0543009741162295
592-88-1,2.61,2.1017375,0.5082624999999998,0.3482137883350984,0.8892271994623057
593-45-3,2.3,5.1614966,-2.8614966000000006,0.06681497658433519,-4.9893209811645365
593-60-2,1.57,1.1870021,0.3829979000000001,0.11653077320834174,0.6707029772332012
595-41-5,1.67,1.7702093,-0.10020930000000017,0.19909198606084336,-0.17225247510930955
595-46-0,0.39,0.40897948,-0.018979479999999993,0.6426828572148607,-0.030546971421034984
598-75-4,1.28,1.7099577,-0.4299576999999999,0.12365500244938689,-0.7474988946188259
5989-54-8,4.57,4.306584,0.2634160000000003,0.18207908234028508,0.462092230939527
599-64-4,3.7,3.9854038,-0.28540379999999965,0.16919700103083374,-0.4953244689017129
60-00-4,0.13,-0.5887161,0.7187161,0.6995273925193561,1.2563637189204384
60-01-5,2.54,2.412031,0.12796900000000022,0.4167392917663213,0.2258048015439467
60-12-8,1.37,1.9413021,-0.5713020999999998,0.09388594534754699,-0.9940743443184178
60-18-4,-0.753,-0.8905328,0.1375328,0.3415003737687202,0.24248886038063852
60-24-2,-0.056,-0.096092105,0.040092104999999996,0.05023435061801547,0.07250346875093272
60-27-5,-1.76,-0.6792213,-1.0807787,0.2806564327959319,-1.8828567917052204
60-29-7,0.89,0.30201963,0.58798037,0.23479386332319174,1.0282951048362976
60-33-3,7.05,6.667905,0.38209499999999963,0.4569094284300203,0.6691278672639779
60-34-4,-1.05,-0.17717423,-0.8728257700000001,0.11837450656754384,-1.5200826936079648
60-35-5,-1.26,0.31029186,-1.57029186,0.11903036289990426,-2.7368129976876885
60-54-8,-1.335,-1.2904295,-0.04457050000000007,0.9992175273865439,-0.07519053186468377
60-87-7,4.673,4.222233,0.4507669999999999,0.36890314349324593,0.7889262411774153
602-01-7,2.09,1.8087382,0.2812617999999998,0.12888066737667858,0.4932242472079384
602-87-9,3.85,3.4428504,0.4071495999999999,0.3967829142400471,0.7128356424715097
603-34-9,5.74,5.139616,0.600384,0.49352989443020334,1.0499332499991576
6032-29-7,1.22,0.89308995,0.32691004999999995,0.0944058102150968,0.5728576658064074
604-35-3,7.2,7.3881297,-0.18812970000000018,0.4649549016343349,-0.32562970241911465
606-20-2,2.075,1.9062706,0.16872940000000014,0.17095510141513345,0.29691136084120384
606-45-1,2.04,2.1952934,-0.15529340000000014,0.14345238812529293,-0.2683467436392074
608-25-3,0.183,0.85784477,-0.67484477,0.5634323379500341,-1.174704637547909
608-33-3,3.36,3.638329,-0.27832900000000027,0.16933575875235007,-0.4829824730990173
608-66-2,-3.1,-3.038762,-0.061237999999999904,0.21779882351262986,-0.10426700258349476
608-71-9,5.65,3.0608094,2.5891906000000002,0.12199165023050215,4.519408388458953
608-93-5,5.105,3.7232764,1.3817236000000004,0.06507984137665077,2.4129809776636386
609-15-4,1.2,1.111721,0.088279,0.19446762753893093,0.1565655561364395
609-19-8,4.01,2.903482,1.106518,0.12557323909139145,1.9328845282829332
609-89-2,1.91,1.6587416,0.2512584,0.09977586948768147,0.4408832853621441
61-90-5,-1.52,-1.4593403,-0.06065969999999998,0.26381824276585975,-0.10325815764474053
610-39-9,2.04,2.1087377,-0.06873769999999979,0.12347533581132741,-0.11735023686877245
610-81-1,1.01,1.9916056,-0.9816056,0.15838927601057268,-1.7098492177892917
611-06-3,3.085,2.8960586,0.18894140000000004,0.05946291788250969,0.33217121541859157
611-15-4,3.58,3.8086028,-0.2286028,0.12277036796998655,-0.39623506657387786
611-19-8,3.32,2.5458846,0.7741153999999999,0.11765825660445953,1.3530078541712343
614-45-9,3.0,3.372724,-0.37272399999999983,0.1421671362027429,-0.647654646700468
614-47-1,4.018,4.0140204,0.003979600000000083,0.26783916609692554,0.009505167013094196
615-58-7,3.22,2.8342872,0.3857128000000003,0.11561750053490788,0.6754391230471808
615-67-8,1.4,2.010553,-0.6105529999999999,0.12126463082285835,-1.0625475793288868
615-74-7,2.9,2.3375506,0.5624493999999998,0.07898088454228167,0.983756301678784
616-38-6,0.354,0.42780682,-0.07380682,0.15488747548264264,-0.1261933218695312
616-86-4,2.38,2.3857436,-0.005743600000000182,0.16879530885643185,-0.007456965285880072
617-35-6,0.435,0.7604402,-0.3254402,0.20377536374275684,-0.5651680094618825
62-23-7,1.89,1.6071881,0.2828119,0.6702849759772358,0.49592839823606116
62-44-2,1.58,2.0415,-0.4615,0.3000011028094269,-0.8025244690813407
62-53-3,0.91,1.2107671,-0.30076709999999995,0.2244495076449556,-0.5221257613927477
62-56-6,-1.08,0.27550977,-1.35550977,0.22595607250695662,-2.3621254230178166
62-73-7,1.44,1.2288145,0.21118550000000003,0.23789031922087733,0.37097607051481535
620-17-7,2.4,2.3290265,0.07097350000000002,0.16702593140314181,0.12637609376809464
620-79-1,2.52,2.631869,-0.111869,0.25056944075399695,-0.19259283362979068
620-92-8,2.91,3.206982,-0.29698199999999986,0.39511992548134844,-0.5155226505892213
622-24-2,2.95,2.961873,-0.011873000000000022,0.09562810145312199,-0.018149709826085696
622-45-7,2.64,2.5649645,0.07503550000000025,0.1278541198229861,0.13346225690352695
622-62-8,1.81,2.0398846,-0.2298846000000001,0.15451171980316886,-0.3984711679788501
622-97-9,3.465,3.3895838,0.07541619999999982,0.15358352332034975,0.1341263884411084
623-05-2,0.25,0.8021746,-0.5521746,0.15775977993519308,-0.9607064010951355
623-37-0,1.65,1.5073371,0.14266289999999993,0.15965007581499766,0.2514383250534792
623-42-7,1.29,1.301232,-0.011231999999999909,0.07914266384725903,-0.017031484673497646
623-91-6,2.12,2.4741414,-0.35414140000000005,0.3205602916408919,-0.6152372820819363
624-24-8,1.96,1.8271998,0.13280019999999992,0.0725763348357222,0.2342328348624835
624-49-7,0.74,1.2675195,-0.5275194999999999,0.15426548586449237,-0.9176955540443261
624-89-5,1.54,0.86152077,0.67847923,0.11114531458165926,1.1861704582411754
624-92-0,1.77,1.3879107,0.3820893000000001,0.0869940610067394,0.6691179236081756
625-33-2,0.52,0.60294247,-0.08294246999999999,0.18402053750642602,-0.1421304725953334
625-80-9,2.84,3.217605,-0.37760499999999997,0.12186693832547234,-0.6561695561697058
625-98-9,2.76,2.3774834,0.38251659999999976,0.1187088372960048,0.6698633488931997
626-27-7,5.58,5.4386163,0.14138370000000045,0.18707857542578743,0.24920675935115497
626-93-7,1.76,2.0590034,-0.2990033999999999,0.08486637346413536,-0.5190489849471638
627-13-4,1.74,0.7440029,0.9959971,0.13535436094830833,1.7400807057140615
627-93-0,1.03,1.7531157,-0.7231156999999999,0.16244871248451037,-1.2589133240764698
628-63-7,2.26,2.1389482,0.1210517999999996,0.08119247963278697,0.21373773910169805
6283-25-6,2.23,1.640383,0.5896170000000001,0.133860984291675,1.0311502075375143
629-11-8,-0.055,0.07232,-0.12732,0.13441381007585468,-0.21954711886011036
629-14-1,0.66,0.7376365,-0.0776365,0.19695985970278967,-0.13287420252844329
629-59-4,7.2,7.107184,0.09281600000000001,0.0462835533765813,0.16448035725545837
629-73-2,8.063,7.661717,0.4012830000000003,0.06829278597727909,0.7026013527988553
629-96-9,8.025,8.132201,-0.10720099999999988,0.08182010709731485,-0.18444950287740342
629-97-0,6.0,6.2002163,-0.20021630000000012,0.11078999708325545,-0.3467147884242134
6290-03-5,-0.9,-0.7299519,-0.17004810000000004,0.10196066919885374,-0.29408633281063934
63-74-1,-0.68,0.0496662,-0.7296662,0.1354799870972029,-1.2703406779953885
630-20-6,2.66,1.0877856,1.5722144000000002,0.9992175273865431,2.745292372198088
632-99-5,1.36,1.9004898,-0.5404897999999998,0.9992175273865435,-0.9403222555991
6320-03-2,1.96,2.877715,-0.9177149999999998,0.04643701546478121,-1.5983920010436918
633-03-4,0.765,0.5289913,0.23600869999999996,0.46888066550089647,0.41428016818676344
6334-18-5,2.6,2.7752607,-0.17526069999999994,0.3359231143057856,-0.30317971881747136
634-66-2,4.64,3.2316215,1.4083784999999995,0.037496467125593694,2.4594804778503985
634-90-2,4.66,3.3616424,1.2983576000000001,0.0590167917235985,2.2675489057905667
635-22-3,2.06,2.149833,-0.08983300000000005,0.08554266733952291,-0.15415100919542896
635-51-8,1.03,0.93794465,0.09205534999999998,0.6172726917712846,0.16315340255605745
6359-85-9,-0.8,-0.42140022,-0.37859978000000005,0.3555165401118563,-0.6579049508924694
6362-80-7,6.2,5.704285,0.49571500000000057,0.19835810789575098,0.8673380729379762
638-49-3,2.786,2.5558445,0.23015549999999996,0.11002728308700935,0.4040692548277506
64-13-1,1.77,2.1581168,-0.38811680000000015,0.24092116155089843,-0.674507401971536
64-17-5,-0.313,0.626509,-0.9395089999999999,0.12933284443764598,-1.6364116562316788
64-18-6,-0.54,0.42746294,-0.9674629400000001,0.06536708536803923,-1.6851773330209643
64-19-7,-0.17,0.12838274,-0.29838274,0.11665822050512967,-0.5179662429452838
64-67-5,1.14,1.3000894,-0.16008940000000016,0.20909095720030793,-0.2767133705219084
64-86-8,1.03,1.1340743,-0.10407429999999995,0.5451522527610634,-0.1789949715441798
6408-78-2,-0.09,0.24211599,-0.33211599,0.49160434290336275,-0.576813931913356
6428-31-5,-1.5,-1.4989866,-0.0010133999999999421,0.7319610563853589,0.0007948734298318295
643-58-3,4.14,4.266113,-0.12611300000000014,0.14946429072313763,-0.21744150613129073
644-08-6,4.63,3.6813264,0.9486735999999998,0.11518374481619445,1.6575248117850576
644-35-9,2.93,3.0573692,-0.12736919999999996,0.10190168422437987,-0.21963294831019972
645-56-7,3.2,2.7370265,0.46297350000000037,0.16903750949911242,0.8102204928545823
6485-40-1,2.71,2.6773293,0.032670700000000163,0.26649280018042365,0.059556820172865545
65-45-2,1.28,1.1759456,0.1040544000000001,0.15348541903500793,0.18408575749702377
65-82-7,-0.03,-0.43742734,0.40742734,0.23767455787483366,0.7133201601842709
65405-77-8,4.8,4.440597,0.3594029999999995,0.2737468590219586,0.6295416501617568
657-84-1,-3.18,-0.300672,-2.879328,0.08466118589979604,-5.020427876618287
66-23-9,-3.61,-2.725645,-0.8843549999999998,0.4133908360017919,-1.5401954470806172
66-25-1,1.78,2.2769613,-0.49696129999999994,0.21332877768165667,-0.8643867430337019
66-71-7,1.78,1.8968637,-0.1168636999999999,0.7123983541049541,-0.20130609286478357
66-76-2,2.413,2.3340926,0.07890739999999985,0.7338832954941343,0.14021679039542156
661-19-8,8.3,7.271414,1.0285860000000007,0.10905800586881537,1.7969320749420976
6635-20-7,2.0,1.5037619,0.4962381,0.7046193581206852,0.8682506214205317
6640-27-3,2.65,2.5274231,0.12257689999999988,0.08718104819940745,0.21639827760436894
6683-19-8,1.36,1.849136,-0.4891359999999998,0.8677179839081897,-0.8507354992169377
67-45-8,0.273,0.4270812,-0.15408119999999997,0.2234077340274421,-0.2662320595050932
67-52-7,-1.47,-0.5035306,-0.9664693999999999,0.9992175273865428,-1.6834441014794628
67-56-1,-0.76,-0.25314227,-0.50685773,0.07368336309619472,-0.8816510752440374
67-63-0,0.05,0.807056,-0.757056,0.06674441274808546,-1.3181222119803349
67-64-1,-0.24,0.90776294,-1.14776294,0.19526369039074795,-1.9997108665803864
67-66-3,1.97,1.9194748,0.05052520000000005,0.033625089972261456,0.09070401360013494
67-68-5,-1.35,-0.39087936,-0.9591206400000001,0.21372283874368075,-1.670624182177854
67-71-0,-1.41,-0.36897594,-1.0410240599999998,0.2413433399239801,-1.8135047817519048
67-72-1,4.02,1.7586129,2.2613870999999994,0.47871904697945605,3.9475548489794945
6740-88-1,2.18,2.344023,-0.1640229999999998,0.2116541198905468,-0.28357553972661853
6742-54-7,8.14,7.9779444,0.1620556000000004,0.06829331848734796,0.28526890994675685
676-22-2,5.5,4.5371084,0.9628915999999998,0.7583737153636404,1.6823281272600876
68-12-2,-0.975,0.4235895,-1.3985895,0.24380255625826003,-2.437278055861332
68-26-8,5.68,5.8585563,-0.17855630000000033,0.4502239168553108,-0.3089288963726492
688-84-6,4.37,4.9543376,-0.5843375999999996,0.11091792123559632,-1.01681478733957
6893-02-3,1.96,1.8931135,0.06688650000000007,0.9277229399754782,0.11924631810721086
69-65-8,-3.1,-3.038762,-0.061237999999999904,0.21779882351262986,-0.10426700258349476
69-72-7,2.245,1.695172,0.5498280000000002,0.1971575313919746,0.9617382565292181
69-89-6,-0.73,-0.86763966,0.13763966000000005,0.9992175273865409,0.2426752777594304
691-37-2,3.375,3.4313016,-0.05630159999999984,0.13009442715661262,-0.09565544775785553
6920-22-5,0.58,0.65422654,-0.07422654000000006,0.08093071033262428,-0.12692552383683892
693-54-9,3.73,3.438785,0.2912149999999998,0.13287379941480587,0.5105876147410701
695-12-5,5.01,4.761763,0.2482369999999996,0.17689924027901888,0.43561244998612325
696-29-7,6.0,4.9987226,1.0012774000000002,0.14285674294417094,1.749292194439818
6972-71-0,2.07,1.6329827,0.43701729999999994,0.1841677955967726,0.7649398755291513
6976-93-8,1.551,1.1616877,0.38931229999999983,0.143628150734037,0.681718454461751
70-30-4,7.23,6.08782,1.1421800000000006,0.7650588844382583,1.995096923589624
70-34-8,1.5,2.0113418,-0.5113417999999998,0.11839235811787492,-0.8894735399241691
70-55-3,0.82,0.78959954,0.030400459999999963,0.11919440646745229,0.05559638418158431
708-06-5,6.0,4.268306,1.731694,0.33216797545085835,3.0235046967607238
71-00-1,-3.32,-2.5346076,-0.7853923999999997,0.9992175273865411,-1.3675550906289935
71-41-0,1.51,1.7858356,-0.27583559999999996,0.05140240618761213,-0.47863273426054165
71-43-2,2.13,3.2032773,-1.0732773,0.04718870707140456,-1.8697705917682117
71-55-6,2.49,1.3791966,1.1108034000000002,0.35098052720837963,1.9403604129458043
7116-95-2,5.51,4.833099,0.676901,0.14023327444239805,1.1834172343994145
712-50-5,3.7,3.4945724,0.20542760000000015,0.5185482260052062,0.3609314081028256
719-22-2,4.42,3.834408,0.5855920000000001,0.44876572173934354,1.0241285909397513
719-59-5,3.16,3.6705258,-0.5105257999999999,0.25248644407973664,-0.8880500270934178
72-18-4,-2.26,-1.929598,-0.33040199999999986,0.2931746238969934,-0.5738238746133805
72-48-0,2.91,3.0139732,-0.10397319999999999,0.6364974536550569,-0.17881860249125217
72-69-5,4.37,4.328127,0.04187299999999983,0.27101259605719985,0.07561024189152205
723-46-6,0.827,0.9279596,-0.10095960000000004,0.7046193581206878,-0.17356137422317308
73-22-3,-1.06,-0.8417531,-0.21824690000000002,0.22590063405289737,-0.3781691884807663
73-24-5,-0.09,0.6224662,-0.7124661999999999,0.5998205798804435,-1.2403352604844506
732-11-6,2.89,2.6129014,0.2770986,0.36574679652374387,0.4859615405694774
732-26-3,6.06,5.412081,0.6479189999999999,0.3220983415170191,1.1328581058934843
7365-45-9,-3.85,-3.9274552,0.07745519999999972,0.44980355869663147,0.1376834260169688
74-11-3,2.65,2.329079,0.3209209999999998,0.12032782193956962,0.5624097619840884
74-88-4,1.51,1.8828677,-0.3728677,0.0545528222920427,-0.6479053314967661
74-95-3,1.79,1.1923169,0.5976831,0.05970974538177766,1.0452215271994314
74-96-4,1.61,1.1889148,0.42108520000000005,0.04393158704874507,0.7371463108590346
74-97-5,1.41,0.13949724,1.2705027599999998,0.06032368182739023,2.2189561090521726
7452-79-1,2.0,2.1664217,-0.1664216999999999,0.16107395029041743,-0.28776007431868184
7473-98-5,1.62,2.101147,-0.481147,0.1932885423589279,-0.8367986805835147
7493-74-5,2.33,2.2813778,0.04862220000000006,0.3715326836514956,0.08738422816273296
75-01-4,1.46,1.2611269,0.1988730999999999,0.12373765685026765,0.3494970761798344
75-03-6,2.0,1.972072,0.027927999999999953,0.08884422066571525,0.05128317519442771
75-05-8,-0.32,0.8344189,-1.1544189,0.9992175273865481,-2.011322195576671
75-07-0,-0.017,0.14250986,-0.15950986,0.26366628105865886,-0.2757023624018914
75-08-1,1.5,1.3414886,0.15851140000000008,0.0564480603815997,0.27908604943848503
75-09-2,1.25,1.1923169,0.05768309999999999,0.05970974538177766,0.10319097743743373
75-12-7,-1.51,-0.3861705,-1.1238295,0.42775948226819355,-1.9579589561342832
75-18-3,0.84,0.92017543,-0.08017543000000005,0.18967158671857506,-0.13730336849827157
75-25-2,2.39,1.9194748,0.4705252000000002,0.033625089972261456,0.8233944411928
75-26-3,2.14,1.8681167,0.27188330000000005,0.12040996597251657,0.4768634444098965
75-27-4,2.0,0.7451531,1.2548469,0.05156243168822651,2.1916444453432895
75-29-6,1.9,1.6849742,0.21502579999999982,0.10992054930378611,0.3776754777745391
75-34-3,1.795,1.629458,0.16554199999999986,0.10133824498443941,0.29135093829618225
75-35-4,2.27,1.463444,0.806556,0.12410352175394629,1.4096005138982883
75-36-5,-0.47,1.3793133,-1.8493133,0.05118290467677886,-3.223566183833215
75-52-5,-0.35,0.043156303,-0.393156303,0.0788930646324187,-0.6832988200856418
75-56-9,0.03,-0.029334327,0.059334327,0.20011478751365103,0.10607154462001125
75-61-6,1.99,2.0112426,-0.02124260000000011,0.029531729072369527,-0.03449498656506736
75-64-9,0.4,1.5673077,-1.1673076999999998,0.16302483338829937,-2.0338067202984718
75-65-0,0.333,1.4357734,-1.1027734,0.15758224509589008,-1.9212265682475356
75-69-4,2.53,2.0112426,0.5187573999999997,0.029531729072369527,0.9075355631969299
75-83-2,3.82,3.6767159,0.1432840999999998,0.15160399166062738,0.2525220090859089
75-85-4,0.89,1.4314524,-0.5414524,0.1287474899493947,-0.9420015122791019
75-91-2,0.846,1.31101,-0.46501000000000003,0.1348690384738485,-0.8086476676547937
75-97-8,1.2,1.5854301,-0.3854301,0.999217527386546,-0.6698204510862662
7534-94-3,5.09,5.343375,-0.25337500000000013,0.24867692713841077,-0.43945019469390434
76-01-7,3.445,2.2419016,1.2030984,0.8561617769407078,2.101369134409292
76-03-9,1.453,0.6662841,0.7867159,0.3137995974625956,1.3749894392495234
76-05-1,-2.1,0.48260695,-2.58260695,0.12894543118586638,-4.502797702808182
76-13-1,3.23,1.7767309,1.4532691,0.025398216872771405,2.5377921752525214
76-22-2,2.38,2.2829537,0.0970462999999997,0.9992175273865461,0.17186011991223224
760-23-6,2.37,1.4678762,0.9021238,0.1473021388908811,1.5763186382937413
763-32-6,0.89,1.1263163,-0.23631630000000003,0.1357598488674897,-0.40969127517682086
765-69-5,-0.8,0.17494169,-0.9749416900000001,0.5094120046336226,-1.6982240200099132
768-94-5,2.393,2.3145108,0.07848919999999993,0.4103285233307568,0.1394872400696616
769-78-8,2.8,2.1584868,0.6415131999999999,0.2663151243340623,1.1216831812718817
77-09-8,2.41,2.6153443,-0.2053442999999997,0.5078428699215689,-0.3556605896449155
77-47-4,4.52,3.2138715,1.3061284999999994,0.3508573807437758,2.281105248751946
77-73-6,2.78,2.9974027,-0.21740270000000006,0.3641085697268236,-0.3766964807213051
77-78-1,0.16,0.3516478,-0.1916478,0.2855247105179712,-0.33176703145081377
77-79-2,1.0,1.8453696,-0.8453695999999999,0.2781097134872057,-1.4721853770904483
77-83-8,2.6,2.5701032,0.029896799999999946,0.1465958570647791,0.05471774879881922
77-85-0,-1.105,-0.44800228,-0.65699772,0.30177594068119457,-1.143570440653224
77-90-7,4.92,4.5226173,0.39738269999999964,0.38392467007124653,0.6957972754780455
77-92-9,-1.655,-1.7019933,0.046993300000000016,0.4009125822234624,0.084542610454386
77-93-0,0.71,0.22987561,0.48012438999999996,0.33763669882829717,0.8401402379205215
770-35-4,1.5,1.9145858,-0.4145858,0.1459308994273973,-0.7206825994190365
7731-29-5,1.79,1.9564079,-0.16640790000000005,0.11807997536338125,-0.2877360002046327
7756-96-9,3.69,3.2971058,0.39289419999999975,0.25301200121932943,0.6879670826584036
776-34-1,1.77,2.026252,-0.2562519999999999,0.3218882993426088,-0.44446912412291373
7779-31-9,5.25,4.758529,0.49147099999999977,0.29657191641061664,0.8599344106172526
78-40-0,0.8,1.7301663,-0.9301663,0.21303719325296214,-1.620113306570084
78-44-4,2.1,2.3707428,-0.27074279999999984,0.37090718532042644,-0.46974833947567496
78-59-1,1.69,2.0355542,-0.34555420000000003,0.3887710097477503,-0.6002569029394988
78-69-3,3.6,3.7067351,-0.10673509999999986,0.18882166656339067,-0.18363673985308096
78-70-6,2.97,2.7602627,0.20973730000000002,0.3094331737305069,0.3684496841404351
78-78-4,4.0,3.334886,0.665114,0.13027270033316754,1.1628548008993318
78-79-5,2.36,2.305628,0.054371999999999865,0.16662109558545637,0.0974147601164762
78-81-9,0.73,0.9554174,-0.2254174,0.11712778850338162,-0.39067813303089294
78-82-0,0.46,1.5852938,-1.1252938000000001,0.0989813342051355,-1.9605134289750545
78-83-1,0.773,1.7670746,-0.9940745999999999,0.09193742265178281,-1.7316014009837035
78-84-2,0.985,1.0149881,-0.029988100000000073,0.5343278092550027,-0.04975152021866646
78-85-3,0.9,1.2058431,-0.30584310000000003,0.3675460437678435,-0.5309808485605105
78-87-5,2.0,0.623075,1.376925,0.069171363819471,2.40460981507829
78-90-0,-1.8,-1.0563636,-0.7436364,0.1392271626047133,-1.2947117061181386
78-92-2,0.607,0.98461413,-0.37761413,0.11906346460952626,-0.656185483464001
78-93-3,0.29,0.31032816,-0.02032816000000004,0.3489358850452967,-0.032899745054096194
78-94-4,0.117,1.0315403,-0.9145403000000001,0.18342515707769608,-1.5928537336616007
78-95-5,0.28,0.5194683,-0.23946829999999997,0.2389385840453893,-0.41518994238580187
78-96-6,-0.973,-0.52636385,-0.44663615,0.10058688076053075,-0.7765944676237854
78-98-8,-1.28,-0.32187298,-0.95812702,0.48617572198383974,-1.6688908110762715
78-99-9,2.3,1.3259653,0.9740346999999998,0.17963958327629842,1.70176727655463
781-43-1,5.69,5.1178503,0.5721497000000006,0.49201192063902377,1.0006784849044454
79-00-5,2.12,0.58339864,1.5366013600000001,0.12676926229351915,2.6831653876612434
79-01-6,2.515,1.4290131,1.0859869000000002,0.04552738576339269,1.8970680034306773
79-06-1,-0.707,0.90600973,-1.61300973,0.18024431349666237,-2.8113343653928022
79-08-3,0.41,0.31392872,0.09607127999999998,0.18902448599768418,0.17015919652958653
79-09-4,0.33,0.06755279,0.26244721000000004,0.21564040528673128,0.46040217579822296
79-10-7,0.353,1.3942019,-1.0412019000000001,0.29757303952581915,-1.8138150238129602
79-11-8,0.26,0.9511922,-0.6911922,0.9992175273865451,-1.2032227458258642
79-20-9,0.18,0.47578058,-0.29578058,0.11114370754179928,-0.5134267721760826
79-24-3,0.19,0.7438907,-0.5538907,0.07366520368240723,-0.9637001392922587
79-27-6,2.8,1.3680058,1.4319941999999999,0.14419838905771679,2.500678090543018
79-29-8,3.42,2.5414662,0.8785338,0.3674168469814023,1.5351658592772868
79-34-5,2.39,1.1658106,1.2241894000000002,0.4098208076796741,2.138162405381571
79-46-9,0.93,1.7125665,-0.7825665,0.8561617769407658,-1.362625305202008
79-74-3,3.3,3.6233478,-0.3233478000000001,0.5652634102277477,-0.5615178155316566
79-92-5,4.16,3.8741503,0.2858497,0.2697292265075789,0.5012278434287778
79-97-0,4.11,4.0044007,0.10559930000000062,0.3647012511916488,0.18678083711985302
80-00-2,3.25,3.4788778,-0.2288777999999998,0.17073855143564692,-0.3967148043538489
80-05-7,3.32,3.6527545,-0.33275450000000006,0.2790918632444893,-0.5779278132584088
80-07-9,3.9,4.0902524,-0.19025239999999988,0.2816759799439478,-0.3293327547301878
80-08-0,0.78,0.51341313,0.26658687000000003,0.4734447214611614,0.46762381688271876
80-40-0,1.81,1.9864855,-0.17648549999999985,0.12457371374893395,-0.3053163836644129
80-46-6,3.83,3.6382284,0.19177160000000004,0.22782517275072167,0.3371085021999553
80-48-8,1.88,1.2985017,0.5814982999999998,0.1619617666736768,1.0169871271220459
80-56-8,4.83,4.7154975,0.1145025000000004,0.20382386706918398,0.20231247858400267
80-62-6,1.38,1.3192518,0.06074819999999992,0.09278647744387043,0.1085380475079438
81-07-2,0.91,2.124334,-1.214334,0.12621695090437224,-2.115844148524903
81-16-3,-1.16,0.42234153,-1.5823415299999999,0.8489237787015298,-2.7578336592701893
81-64-1,4.16,3.84525,0.3147500000000001,0.9992175273865472,0.5516444462015311
81-81-2,2.675,2.6836135,-0.008613500000000052,0.7075833115708647,-0.012463508757661246
818-61-1,-0.21,-0.101675,-0.10832499999999999,0.13719589948778932,-0.18641032202172303
82-44-0,3.98,3.9903648,-0.010364800000000063,0.29520026299653657,-0.015518653390620871
82-58-6,-0.24,-0.09406914,-0.14593086,0.617272691771285,-0.2520137830774133
82-68-8,4.495,3.605201,0.889799,0.08969357470469434,1.5548180121461364
821-55-6,3.14,3.0911112,0.04888880000000029,0.1309073986682441,0.0878493121341529
823-36-9,0.3,0.80613405,-0.50613405,0.5151155123163652,-0.8803886147472749
82799-44-8,6.267,5.6211386,0.6458614000000003,0.30016179993222813,1.1292686205986882
83-12-5,2.75,2.4476407,0.3023593,0.3928309708590696,0.5300288574368346
83-32-9,3.91,3.7064242,0.2035758000000003,0.2949239614836528,0.3577009411175494
83-56-7,1.82,2.171982,-0.3519819999999998,0.842616203006705,-0.6114702065834987
83-79-4,4.1,3.9431283,0.1568716999999995,0.7023212393884006,0.2762255911191419
830-13-7,4.1,4.2416716,-0.14167160000000045,0.3105936168966189,-0.24458349967115614
836-30-6,3.82,2.940296,0.8797039999999998,0.17445294881903922,1.537207274368641
83834-59-7,6.0,5.548782,0.4512179999999999,0.20443144130914878,0.7897130111365682
83846-85-9,5.89,5.4628377,0.4271623,0.28976208530516245,0.747747817995995
84-11-7,2.52,3.145072,-0.6250719999999998,0.5783573738880023,-1.087875989610358
84-15-1,5.28,5.192737,0.08726300000000009,0.28877927186849073,0.15479314310207265
84-54-8,3.406,3.6402478,-0.2342477999999999,0.31827852073016266,-0.40608277482092675
84-61-7,5.21,5.019738,0.1902619999999997,0.442251907669694,0.3344750034630645
84-65-1,3.39,3.8510559,-0.46105589999999985,0.6639430677427262,-0.8017497361792121
84-66-2,2.47,2.8214593,-0.3514592999999997,0.18944945039913688,-0.6105583559013493
84-69-5,4.11,3.9421086,0.16789140000000025,0.3772731736032042,0.2954494689880548
84-74-2,4.573,4.2812705,0.29172950000000064,0.28456280360325914,0.5114851605148726
840-65-3,3.5,3.3501868,0.1498132000000001,0.3429461416346815,0.263912030683041
846-49-1,2.945,3.4562497,-0.5112497,0.3777223101453778,-0.8893128713804045
85-01-8,4.46,5.079881,-0.6198810000000003,0.5078577069147886,-1.078820284825517
85-36-9,1.04,0.93323934,0.10676066000000006,0.5720768173039124,0.18880683082220687
85-44-9,1.6,1.6751341,-0.07513409999999987,0.37304831243664843,-0.12850876318080526
85-68-7,4.75,4.5991316,0.15086840000000024,0.2500775984564996,0.2657528281573169
85-79-0,4.333,4.3283234,0.004676599999999809,0.5103358760536743,0.010721084222693925
85-91-6,2.947,2.3082476,0.6387524,0.16850860872536647,1.1168669628611727
86-57-7,3.19,3.2015429,-0.011542900000000245,0.24095304525018832,-0.017573850040018612
86-73-7,4.18,3.9648278,0.2151721999999996,0.24894634729531748,0.3779308727235853
860-22-0,-3.57,-2.5526693,-1.0173307,0.7373621930190128,-1.7721716911102219
868-77-9,0.445,0.5603592,-0.11535919999999994,0.15453977117633333,-0.1986814910830856
87-08-1,1.745,1.7189757,0.0260243,0.3810531549933116,0.04796216860631314
87-22-9,4.8,4.439623,0.3603769999999997,0.18585631125090288,0.631240794153365
87-25-2,2.57,2.5347996,0.03520039999999991,0.23664798519716532,0.06396988439829644
87-61-6,4.05,3.2170625,0.8329374999999999,0.048431564519127696,1.4556230675067068
87-65-0,2.75,2.5320957,0.21790429999999983,0.13827368325746658,0.382697023955076
87-66-1,0.985,0.85624325,0.12875674999999998,0.3468685445909573,0.22717903222093702
87-68-3,4.84,2.2106285,2.6293715,0.06239272764436042,4.589504009416234
87-82-1,6.07,3.104463,2.9655370000000003,0.08756077896086129,5.175945066408858
87-83-2,5.43,3.7176504,1.7123495999999996,0.11971322599681641,2.989758371266619
87-86-5,5.083,3.0563288,2.0266712,0.11926394046911107,3.5380927224704544
872-05-9,6.85,6.0182686,0.8317313999999998,0.05666478877890375,1.453519024828803
872-36-6,0.437,1.7626086,-1.3256086,0.0541793160587126,-2.3099628015111
872-50-4,-0.38,-0.44393095,0.06393094999999999,0.17716426607323096,0.11409035812323094
872-93-5,-0.4,0.41040942,-0.81040942,0.16200828123298333,-1.4111973074882662
873-75-6,1.59,2.1639452,-0.5739452,0.117188063956296,-0.9986852349592996
88-04-0,3.27,3.1227858,0.14721420000000007,0.22429656077803045,0.2593780725370568
88-06-2,3.695,2.9231863,0.7718137,0.11058224487463003,1.348992536177925
88-18-6,3.305,3.7510052,-0.44600519999999966,0.15775537976669915,-0.7754937747064286
88-30-2,2.84,2.1178482,0.7221517999999998,0.11539796855349678,1.2623573010682478
88-44-8,-0.67,0.7230559,-1.3930559,0.5536094317056798,-2.427624685027697
88-51-7,-0.97,-0.04520975,-0.9247902499999999,0.24102477303681083,-1.6107347818718467
88-58-4,2.44,3.238259,-0.7982590000000003,0.27887610552290676,-1.390000887428194
88-60-8,4.11,3.863026,0.24697400000000025,0.13381877589537775,0.43340914520029217
88-69-7,2.88,2.625142,0.25485800000000003,0.09980000411829829,0.4471627912268169
88-72-2,2.3,2.664222,-0.36422200000000027,0.11713223922837242,-0.6328228990447715
88-73-3,2.38,2.6367915,-0.2567915000000003,0.062273876598234364,-0.4454102824221673
88-74-4,1.645,2.240904,-0.595904,0.18312751808832428,-1.0369923839150657
88-75-5,1.79,1.8582325,-0.06823249999999992,0.27399582897298896,-0.11646891495443978
88-89-1,1.735,1.4278296,0.3071704000000002,0.5976046389895276,0.5384218262849089
88-99-3,0.73,1.7729895,-1.0429895,0.27601400986634406,-1.8169334938328758
882-33-7,4.41,3.4735227,0.9364773,0.18136888191540596,1.636248354018276
89-61-2,3.01,3.0546935,-0.044693500000000164,0.09349864927713246,-0.0754051054899075
89-63-4,2.72,2.3788555,0.3411445000000004,0.0819214851687951,0.5976896783231854
89-72-5,3.27,3.3019366,-0.03193659999999987,0.13101413123352174,-0.05315068045239065
89-79-2,2.4,2.1983674,0.20163259999999994,0.22681758451872577,0.35431102673922005
89-83-8,3.3,2.9568408,0.34315919999999966,0.10975365018300798,0.6012043245243054
89-98-5,2.33,3.223552,-0.8935520000000001,0.2789465196014826,-1.556239622943879
90-00-6,2.47,2.842026,-0.37202599999999997,0.09961645351502293,-0.6464369849898499
90-02-8,1.81,1.5177877,0.2922123000000001,0.2810659389645829,0.5123274056063996
90-04-0,1.18,1.9044087,-0.7244087000000001,0.13138808753970863,-1.2611689638928447
90-05-1,1.32,1.0614508,0.25854920000000003,0.12879496615639338,0.4536020933847456
90-13-1,4.0,3.6210823,0.37891770000000013,0.05780660490356643,0.6635850641792402
90-15-3,2.85,3.2545178,-0.4045177999999998,0.37281222986719936,-0.703118963169029
90-43-7,3.127,3.6919136,-0.5649136000000001,0.149621743270022,-0.9829295995644285
90-44-8,3.66,3.9274492,-0.2674491999999997,0.3482776237744621,-0.4640026509225338
91-10-1,1.15,1.0989139,0.0510860999999998,0.4569434073871946,0.09168250422117434
91-16-7,1.6,1.2633455,0.3366545000000001,0.28600048321277094,0.5898568687520156
91-17-8,4.7,4.683381,0.016619000000000383,0.2725020128255426,0.03155461318098692
91-20-3,3.317,3.9121172,-0.5951171999999998,0.12400331142178589,-1.0356198105140417
91-22-5,2.04,2.2503521,-0.21035210000000015,0.2755635473680885,-0.36439670184324613
91-23-6,1.73,1.587385,0.14261499999999994,0.1514530935788834,0.25135476345471325
91-57-6,3.86,3.9730117,-0.11301169999999994,0.0991763504903154,-0.19458627494314804
91-80-5,2.87,2.8722563,-0.002256299999999989,0.2983205638790417,-0.0013733668855371165
915-30-0,6.3,6.109758,0.19024199999999958,0.47405085934967084,0.33444011344270275
915-67-3,-5.13,-3.7907517,-1.3392483,0.4878802706933997,-2.333757272047375
92-52-4,3.727,3.9316554,-0.20465540000000004,0.2686536785938205,-0.3544588028935623
92-69-3,3.2,3.78336,-0.5833599999999999,0.2000526881307818,-1.015109363144298
926-57-8,2.84,1.5504572,1.2895427999999998,0.12107968724944468,2.2521714782164137
93-11-8,2.207,2.346447,-0.1394470000000001,0.10273754481078189,-0.2407026827063397
93-51-6,1.2,1.5108702,-0.3108702000000001,0.1379965876244586,-0.5397506296284894
93-53-8,1.96,2.1846256,-0.22462559999999998,0.3480221838921731,-0.3892968371247789
93-55-0,2.19,2.6847055,-0.49470550000000024,0.2999008042226488,-0.8604514976371226
93-58-3,2.12,2.2901971,-0.17019709999999977,0.057623995964309824,-0.29434626346233245
93-89-0,2.64,2.7297492,-0.08974919999999997,0.08055393080342721,-0.1540048200101139
930-28-9,2.7,1.8464266,0.8535734000000001,0.13058021840606077,1.4916224160656584
930-55-2,-0.19,1.0434574,-1.2334574,0.21561596899132845,-2.1492049392940116
931-87-3,5.0,4.798653,0.20134700000000016,0.2087838882409464,0.35381279724845743
933-75-5,3.785,2.7080457,1.0769543000000001,0.08206012852004173,1.8813106235347878
933-78-8,3.8,2.8852966,0.9147033999999996,0.09865871850415787,1.5982637633007517
935-95-5,3.89,3.7055914,0.18440860000000026,0.11205273623998191,0.32426374120384904
939-97-9,3.1,3.368565,-0.2685649999999997,0.3193241970990828,-0.465949165158505
94-02-0,1.87,2.1047497,-0.23474970000000006,0.27789721869584993,-0.4069583398819002
94-04-2,3.59,3.7720387,-0.1820387000000001,0.2768631032925969,-0.3150039467180028
94-09-7,1.86,2.2942712,-0.43427119999999975,0.24098571872805513,-0.7550237997603041
94-13-3,3.04,2.667414,0.3725860000000001,0.17629493177467495,0.6525394070830771
94-36-0,3.46,2.8989933,0.5610067000000001,0.2411602206865682,0.9812395100600039
94-47-3,4.01,4.140873,-0.13087300000000024,0.12968631276028075,-0.22574533097734112
94-60-0,2.29,1.8184785,0.4715214999999999,0.4101139900565996,0.8251324875571104
94-96-2,3.36,3.453513,-0.09351300000000018,0.2259089858408734,-0.16057077294195538
947-19-3,2.81,2.6507146,0.1592853999999999,0.2770003568991192,0.2804362932264769
95-13-6,2.92,2.6243305,0.2956694999999998,0.14307512731963087,0.5183584945260976
95-25-0,1.6,2.162415,-0.5624150000000001,0.1300600487311503,-0.9785707893206593
95-46-5,3.5,3.4792464,0.020753599999999928,0.04964151113296647,0.03876742709033049
95-47-6,3.12,3.707171,-0.5871710000000001,0.17927279092369264,-1.0217576565241928
95-48-7,1.95,2.386666,-0.436666,0.10922470780660942,-0.7592015307983973
95-49-8,3.41,3.503413,-0.09341299999999997,0.05158968887971556,-0.16039632284014724
95-50-1,3.405,3.378777,0.026222999999999885,0.08241456406640134,0.04830880095860499
95-53-4,1.375,1.7697288,-0.3947288,0.13157789032050035,-0.686042042703066
95-54-5,0.15,1.4759296,-1.3259296,0.4416803977509128,-2.310522786337903
95-55-6,0.62,1.1341165,-0.5141165,0.4342598136540221,-0.8943140068990297
95-56-7,2.35,2.5566132,-0.20661320000000005,0.09522076263653012,-0.35787418698675494
95-57-8,2.15,2.0316718,0.1183282000000001,0.1129286232406802,0.20898641612886232
95-63-6,3.737,4.008779,-0.27177899999999955,0.1473097132773353,-0.47155599143060667
95-65-8,2.23,2.3161926,-0.08619259999999995,0.20529365645900582,-0.14780032768921844
95-73-8,4.24,3.94844,0.29156000000000004,0.06739754511240803,0.5111894675923074
95-77-2,3.33,2.9707594,0.35924060000000013,0.07874118534248586,0.629258343196422
95-87-4,2.33,2.2842932,0.04570680000000005,0.14298264752108258,0.082298309894629
95-94-3,4.75,4.159379,0.5906209999999996,0.08389733472028671,1.0329016865596636
95-95-4,3.71,3.1914966,0.5185034000000002,0.18791637995835733,0.907092459938339
96-05-9,2.15,2.2263348,-0.07633480000000015,0.18058963619959859,-0.13060338555321171
96-14-0,3.6,3.907209,-0.30720899999999984,0.15543140863105687,-0.5333636625011027
96-18-4,2.27,0.9613576,1.3086424,0.20216550326140165,2.285490749861293
96-22-0,0.99,1.473298,-0.483298,0.40972142208408907,-0.8405511022734
96-23-1,0.78,0.08178111,0.69821889,0.1844709673714398,1.2206063152076847
96-24-2,-0.53,-0.901391,0.371391,0.07295804255602592,0.6504547283664741
96-27-5,0.0,-0.10584104,0.10584104,0.09521229520194568,0.18720255279596207
96-29-7,0.63,0.037041314,0.592958686,0.2522841903128234,1.0369797821666105
96-33-3,0.8,0.84942216,-0.04942215999999999,0.17266574875739357,-0.08365425767405084
96-34-4,0.76,0.47573763,0.28426237,0.09979366226692893,0.4984587446277524
96-37-7,3.37,3.2234354,0.14656460000000004,0.1345012715096009,0.2582448446757134
96-41-3,0.71,0.83362967,-0.12362967000000002,0.11252197192503521,-0.21310933441806745
96-49-1,0.11,0.57786244,-0.46786244,0.196495739051114,-0.8136237521387994
96-76-4,5.19,5.381981,-0.1919809999999993,0.1811855716147332,-0.33234829919003606
96-88-8,2.075,2.0727818,0.00221820000000017,0.3616443733297544,0.006432402919852158
97-00-7,2.17,1.245618,0.924382,0.15801558373122448,1.61514809085432
97-02-9,1.89,1.8415356,0.04846439999999985,0.3098485962387056,0.08710894590207993
97-41-6,4.66,4.558894,0.10110600000000058,0.22526993495835373,0.17894227069532412
97-53-0,2.38,2.2358425,0.14415749999999994,0.19271318594583264,0.25404565627509823
97-54-1,3.04,2.76791,0.27208999999999994,0.2093394453440024,0.477224032770333
97-62-1,1.8,1.6774641,0.12253590000000014,0.2092921845119301,0.21632675306262822
97-63-2,1.94,2.1909463,-0.25094629999999984,0.08822491459483567,-0.43521332507129834
97-72-3,1.1,1.3632367,-0.2632367,0.31284974733820037,-0.45665394038388163
97-77-8,3.89,2.9036567,0.9863433000000001,0.6576814912467828,1.7232396417857425
97-88-1,2.57,2.6191692,-0.049169200000000135,0.10663354445949624,-0.08321296869651815
97-90-5,2.4,2.3850205,0.014979499999999923,0.3693119399743462,0.028694503761847612
98-01-1,0.427,0.89302343,-0.46602342999999996,0.2370612790594738,-0.8104155973215441
98-06-6,4.11,4.4080553,-0.2980552999999997,0.12379085050971644,-0.5173950235319239
98-09-9,3.39,2.581336,0.8086640000000003,0.10047512285936316,1.4132779220443967
98-11-3,-0.8,0.8749567,-1.6749567,0.1266930806097841,-2.919400917624636
98-15-7,2.14,2.679269,-0.539269,0.05228628454993392,-0.938192568756231
98-29-3,2.86,2.9174893,-0.0574893000000003,0.2540071857065167,-0.0977273916170273
98-54-4,3.31,3.7771125,-0.4671124999999998,0.1484313089841981,-0.8123154810453018
98-56-6,3.7,3.4657319,0.23426809999999998,0.11129558038688173,0.41124368971469727
98-82-8,3.66,3.8981986,-0.23819860000000004,0.07893258200504194,-0.41297494944314866
98-86-2,1.58,1.4011999,0.17880010000000013,0.12605043685525688,0.3144797072439596
98-92-0,-0.373,-0.1509084,-0.2220916,0.1907948884700758,-0.3848762715449699
98-95-3,1.853,2.2823143,-0.4293142999999999,0.14775481939130752,-0.7463764826637947
99-05-8,0.65,1.142094,-0.4920939999999999,0.18371450436034312,-0.855895733228412
99-08-1,2.45,2.9356282,-0.48562819999999984,0.1155944389986422,-0.8446161385457245
99-09-2,1.37,1.621037,-0.25103699999999995,0.15603798186331658,-0.4353715513136382
99-10-5,0.86,0.434829,0.42517099999999997,0.5492233542571315,0.7442739931186966
99-30-9,2.3,1.7456741,0.5543258999999998,0.161814622505992,0.9695848476584293
99-54-7,3.12,2.5886993,0.5313007000000001,0.10264816157482537,0.9294173628169855
99-55-8,1.87,1.9533843,-0.08338429999999986,0.14670588635964055,-0.14290124548015049
99-56-9,0.88,1.0825579,-0.20255790000000007,0.23065336746463883,-0.3507997120081442
99-57-0,1.26,1.5226756,-0.2626755999999999,0.4080963930079602,-0.45567510086263807
99-59-2,1.47,1.6249284,-0.15492839999999997,0.2910161743483557,-0.2677100007676087
99-62-7,4.815,4.570635,0.24436500000000017,0.23527950800323197,0.4288577420441271
99-65-0,1.49,1.7108023,-0.22080230000000012,0.2601500470716049,-0.3826270863823624
99-76-3,1.96,2.0995486,-0.1395485999999999,0.12123524805086487,-0.2408799240097761
99-85-4,4.5,4.08958,0.41042000000000023,0.25689342467966114,0.7185408586010319
99-86-5,4.25,3.591953,0.6580469999999998,0.22396173468833555,1.150526412204576
99-87-6,4.1,4.053052,0.046947999999999546,0.13863570619080717,0.08446358455826626
99-89-8,2.9,3.0419638,-0.14196380000000008,0.1067340667094044,-0.24509324286863782
99-94-5,2.27,2.2533972,0.016602799999999807,0.12582724135440515,0.03152635226449306
99-96-7,1.58,1.3908308,0.18916920000000004,0.1476523821138388,0.3325686127505097
99-99-0,2.39,2.0897396,0.3002604,0.14107263775146942,0.5263673242499911
