y_true,y_pred,residual,std_residual,leverage
3.7,3.7050781,-0.0050780773,-0.03963141199871088,0.6615725245946753
1.6,1.5263672,0.07363284,0.7311582394529351,0.79094219284112
1.94,1.7529297,0.18707037,1.8459023536340253,0.7882913270401974
2.31,2.1367188,0.1732812,1.3588169553016427,0.6647822315263356
3.3,3.0605469,0.23945308,1.4833874348162925,0.4628720629949246
0.99,0.94628906,0.043710947,0.6254042570718148,0.8993057077857254
1.19,0.9663086,0.22369146,2.3795652599336687,0.8178414042077642
1.47,1.4052734,0.06472659,0.39322266355388236,0.44148546895760715
-1.1,-1.0595703,-0.04042971,-0.38801983155299274,0.7762105940421891
1.97,1.8417969,0.12820315,0.8907858423285646,0.5730304609741719
1.58,1.5068359,0.073164105,0.6708900474226891,0.7548456955438537
1.75,1.7666016,-0.016601562,-0.11097912025760102,0.5387233598255784
2.49,2.515625,-0.02562499,-0.2668359059340823,0.8098987487317524
2.36,2.3925781,-0.03257823,-0.3235565244857595,0.7910219213498901
2.7,2.7714844,-0.07148433,-0.6978999713506453,0.7837374117675919
2.64,2.4589844,0.18101573,1.823834714436773,0.7969477696864694
0.6,0.50341797,0.096582055,0.8264105176849839,0.7184553360800834
2.78,2.6230469,0.1569531,0.885282345247423,0.35207870052759005
3.2,3.1132812,0.0867188,0.5621846446244465,0.5095275416547399
4.13,3.8105469,0.31945324,2.7488699482795753,0.7216108570468467
2.3,2.3691406,-0.06914067,-0.4112341830053344,0.4173136098703079
3.67,3.4277344,0.2422657,1.6372184275601993,0.5486466125101421
2.34,2.3554688,-0.015468836,-0.0837966267940696,0.29756155084513647
1.11,1.0400391,0.06996095,0.49887467022570064,0.5946085366778149
0.33,0.3076172,0.022382826,0.2182669443162754,0.783229602939483
0.87,0.77685547,0.093144536,0.5937397042561733,0.49269555031556095
-0.84,-0.7475586,-0.09244138,-0.727285645768891,0.6669810890585308
3.14,2.9042969,0.23570323,1.403516743446255,0.41864426703772173
3.97,3.5898438,0.38015628,3.288485580130953,0.7245273166419197
2.6,2.1210938,0.47890615,3.172602046423626,0.5303052297788895
2.2,2.2539062,-0.053906202,-0.40376492962293525,0.632576970695626
2.1,1.9873047,0.11269522,0.6467386497053476,0.37410796321053735
3.3,3.3847656,-0.08476567,-0.9397973403263067,0.8323059357977332
1.99,1.9677734,0.022226572,0.22054650447912597,0.7906414484502723
1.78,1.6318359,0.14816403,0.9697063273240023,0.5187716370375182
2.33,2.1855469,0.14445305,1.8991107111353815,0.8807388629431779
2.0,1.8242188,0.17578125,1.563714591248681,0.739518905825664
1.52,1.6728516,-0.15285158,-1.1237152272078248,0.6186063749543915
2.87,2.9824219,-0.11242199,-1.4646735714179475,0.8785585538623549
0.77,0.5703125,0.19968748,1.0628661735078373,0.27240351300271803
1.54,1.8603516,-0.3203516,-1.7312582488918236,0.29420890734414357
3.8,3.7929688,0.0070312023,0.06938612251317317,0.7883296442360284
3.5,3.6542969,-0.15429688,-0.8287508650207226,0.2854833406192221
0.6,0.41845703,0.181543,1.3489565836006872,0.6266560447733498
1.19,1.2607422,-0.07074213,-0.6175329417713032,0.729490765085738
2.7,2.5625,0.13750005,1.1255111372830213,0.6923533490167949
2.56,2.5117188,0.048281193,0.3479518046143878,0.6031157333874346
3.3,3.2558594,0.044140577,0.29276764824146273,0.5314284268649935
3.86,3.7558594,0.10414052,0.6739754131715223,0.5078500274782173
1.6,1.5410156,0.0589844,0.3496458957506575,0.4133709933026436
3.4,3.1464844,0.25351572,2.547541872727941,0.7958670012194934
1.9,1.7675781,0.13242185,0.9350798048422158,0.586602313152747
2.33,2.2871094,0.04289055,0.356157442282702,0.701059163933
2.83,2.3183594,0.51164055,3.489184176268307,0.5567709557586444
0.29,0.34692383,-0.056923836,-0.35357191740434774,0.46570773712019814
1.93,1.7832031,0.14679682,0.9562289427111013,0.5142021043232272
3.7,3.4785156,0.22148442,3.3961389189424516,0.9123278678460436
3.2,3.1035156,0.09648442,1.3593811215420493,0.8961568091825498
3.06,3.2246094,-0.16460943,-0.9203976312309964,0.340667418727534
3.66,3.3613281,0.29867196,2.036793160827591,0.556757762882648
3.24,3.2421875,-0.0021874905,-0.014251197506797634,0.5143362302804652
3.6,3.265625,0.3343749,4.237181013506542,0.8716312229611478
2.82,2.7226562,0.09734368,0.9083981254693683,0.7632940477872943
3.47,3.1601562,0.30984378,3.2866457932392135,0.8167998417604305
3.11,2.9492188,0.16078115,0.9963678034395774,0.46324394529939295
2.78,3.0136719,-0.2336719,-2.3039480063661166,0.7879619835509682
2.0,1.7382812,0.26171875,1.7392486469489108,0.5332413078174079
1.5,1.8134766,-0.31347656,-1.7254434136880823,0.31961489531887954
3.92,3.9082031,0.011796951,0.09066265395176026,0.6509972856224232
2.42,2.5507812,-0.13078117,-0.9906329654735002,0.6407382366284934
1.53,1.21875,0.31124997,2.8314798393798424,0.7509206172591703
2.75,2.8808594,-0.13085938,-0.9174301512394538,0.580618032150361
3.5,3.5351562,-0.03515625,-0.21960941274092627,0.4717381171696056
2.42,2.1933594,0.2266407,1.251159845519311,0.3236113630373961
1.56,1.4316406,0.12835932,0.7054755798051384,0.31760330001735737
2.8,2.6992188,0.1007812,0.8256546823288611,0.6928798848663453
2.15,2.1113281,0.03867197,0.30312418623399157,0.6644961498639719
0.5,0.453125,0.046875,0.449255048071392,0.775589735406901
1.0,1.0224609,-0.022460938,-0.20610379149662944,0.7551895882658377
3.4,3.2539062,0.14609385,1.7604353947071578,0.858038772752594
0.9,0.8911133,0.008886695,0.07595015619937347,0.7177920225710289
1.74,1.6640625,0.07593751,0.6735149311033805,0.7379619665299872
1.22,1.1621094,0.057890654,0.33385637077382,0.3802112944952942
4.15,3.8886719,0.26132822,1.8476078799274605,0.5876185720392579
3.7,3.5566406,0.14335942,1.1688553417791905,0.6899176528366002
2.1,2.0390625,0.060937405,0.37021251743565736,0.4415146349949192
-0.25,-0.1907959,-0.0592041,-0.43419160850513383,0.6167458851641242
3.37,3.1445312,0.22546864,2.3740253345219173,0.8140707734144693
4.1,4.0,0.099999905,1.3193190321809105,0.8815743970674594
1.85,1.6894531,0.1605469,1.8361694019397128,0.8424115303846292
0.84,0.92626953,-0.08626956,-0.5180479309306716,0.4283616703457151
2.0,2.1113281,-0.111328125,-1.360848527791997,0.8620453633542609
2.61,2.5488281,0.06117177,0.7756774205404943,0.871800632074683
3.0,2.8925781,0.107421875,1.0571766333000028,0.7871682411169763
1.84,1.7070312,0.13296878,1.2188413413924932,0.7546697365582858
-0.91,-0.75,-0.16000003,-2.490533939261887,0.9149251353521999
0.6,0.7607422,-0.16074216,-2.1005378541873396,0.8792896017876719
3.8,3.7148438,0.0851562,1.138833279646721,0.8847453759706216
0.83,0.59375,0.23624998,1.4383390095821715,0.44388175644066746
0.63,0.5263672,0.10363281,0.9509005763565892,0.7551667509004469
2.1,2.0898438,0.010156155,0.07190359749953887,0.5887523230165395
1.08,0.9580078,0.12199223,1.0135882022481972,0.7014016954332802
2.8,2.6113281,0.18867183,1.0436789475895436,0.32636234907968703
2.8,2.6757812,0.1242187,1.0280975581110077,0.6990797537583372
3.8,3.6542969,0.14570308,1.2406180637853312,0.7156800487898627
2.09,2.0449219,0.04507804,0.619991745659319,0.8910306636219543
2.59,2.7148438,-0.124843836,-1.4987084727368305,0.8569637977652189
2.52,2.4570312,0.06296873,0.5911776984375243,0.7661378789244878
0.91,0.69873047,0.21126956,1.295018922430791,0.4513849659602529
1.0,1.0800781,-0.080078125,-0.4107513585392066,0.21654174243502947
2.9,2.8945312,0.0054688454,0.04814419911714612,0.7340197178895811
4.28,4.1757812,0.10421896,0.6714122193098648,0.5033378381667258
-0.96,-0.73876953,-0.22123045,-2.2236155431474027,0.7959594523681438
0.82,0.8774414,-0.057441413,-0.3570555818273482,0.4665119821942627
1.82,1.6494141,0.17058599,1.8577751544316177,0.8262013065107041
2.22,2.1074219,0.11257815,0.9211738930254117,0.6921273650258055
2.06,2.1015625,-0.041562557,-0.4094307582140366,0.7875828010418751
1.74,1.7265625,0.01343751,0.11446121949587272,0.7159028208853333
2.0,1.8496094,0.15039062,1.1897634344177659,0.6706433918622988
2.1,2.0898438,0.010156155,0.07521606453123098,0.6241768881768871
1.73,1.4882812,0.24171877,2.6382259608241982,0.8269614542071766
3.4,3.4472656,-0.04726553,-0.4686080147920749,0.790291651128892
1.69,1.5302734,0.15972662,1.1819530174762676,0.6235561017562703
1.5,1.4375,0.0625,0.3474978588577788,0.33319038020424613
1.88,2.0195312,-0.13953125,-1.21571346375667,0.7284644886980535
3.2,3.28125,-0.08124995,-0.8736620902395276,0.8217188877759334
2.49,2.3125,0.17750001,1.4569743009833145,0.6940580246991034
1.31,1.1923828,0.11761713,1.1647047425246453,0.7897889420272779
3.98,3.6660156,0.3139844,2.918716424709563,0.7614505554764495
2.66,2.5605469,0.09945321,0.5421657772413313,0.3063833580388565
-1.02,-0.9121094,-0.107890606,-1.4016953442598157,0.8778745743157076
2.76,2.6074219,0.15257812,0.7765347617456776,0.20419112659190308
0.5,0.2932129,0.20678711,1.2234095554694198,0.41108952920564173
-0.25,-0.27294922,0.022949219,0.12807922772404476,0.33820345031215804
2.96,2.9296875,0.030312538,0.2945128299952702,0.7816353896392029
3.39,3.3144531,0.07554698,0.8626321573260545,0.8419010392086119
1.97,1.8945312,0.07546878,0.4108046888865622,0.3043193132413652
2.9,2.8183594,0.08164072,1.051372339152174,0.8757070057560797
2.0,1.9023438,0.09765625,0.9168932570344963,0.7661654841837708
4.26,3.9296875,0.33031273,2.0503166731313494,0.46499872015631155
4.3,4.2734375,0.02656269,0.3498104101022728,0.8811430010655013
3.0,2.8125,0.1875,1.6710631850445012,0.7404847466681246
0.56,0.6660156,-0.10601562,-0.5776122104794517,0.30559459360427105
0.23,0.31933594,-0.08933593,-0.5398596907455532,0.43553548824458
3.8,3.6757812,0.1242187,1.3609191115306238,0.8282663352004822
1.02,0.9458008,0.0741992,0.8136484359935132,0.8285762695427342
3.9,3.7246094,0.17539072,1.5779466217801121,0.7453318135367167
2.56,2.2753906,0.28460932,1.7484917313646597,0.4538434446771414
1.05,1.1708984,-0.120898485,-0.8690746045229715,0.6010911351652505
1.88,1.7832031,0.09679687,0.78979297034036,0.6903706003500718
1.4,1.5419922,-0.14199221,-0.9187528449641527,0.5076456949355332
2.13,1.9853516,0.14464855,1.5662362173328674,0.8241834539606578
1.84,1.6582031,0.18179691,1.5345172669584433,0.7106819592869599
1.96,1.796875,0.16312504,0.9228455276851013,0.35593556740142446
0.33,0.57421875,-0.24421874,-1.4620467454221617,0.42484945906772337
1.6,2.3828125,-0.7828125,-10.105812777353522,0.8763144202940191
1.92,1.8291016,0.090898395,0.8405715293919027,0.7589488756774072
2.63,2.8164062,-0.18640614,-3.7593747247100904,0.9493201571481187
3.2,3.0527344,0.14726567,2.591047320518307,0.9334116199362994
3.34,3.2714844,0.06851554,0.3728272425050454,0.3038401542890601
2.44,2.375,0.06500006,0.655681243790005,0.7974239751651969
3.7,3.5703125,0.12968755,0.8607863858797551,0.5321012717303749
0.93,0.90966797,0.020332038,0.11172793095001875,0.3173714974289892
3.4,3.09375,0.3062501,1.795625426210814,0.4003924947264997
2.19,2.0449219,0.14507818,0.8320493706260748,0.3733109509338914
3.5,3.4042969,0.095703125,0.5060175579303948,0.26266108888522405
4.4,4.21875,0.1812501,1.5761173920513554,0.7274002503802287
0.86,0.8647461,-0.0047460794,-0.025912998877936293,0.30851821781336436
1.3,1.2832031,0.016796827,0.1326785922683011,0.6696313013023808
4.3,3.9179688,0.38203144,2.8664876299973203,0.6338625466055533
3.83,3.6269531,0.2030468,1.6800376174985507,0.6989072009104537
2.84,2.7636719,0.07632804,0.5411289714890888,0.5898783208519808
2.11,1.9472656,0.16273427,1.2275336461180297,0.6377258726214047
3.86,3.8554688,0.004531145,0.030668646127646547,0.5500411297049406
3.52,3.5800781,-0.060078144,-0.45745166796329756,0.6444598322242421
0.92,0.7163086,0.20369142,1.5561246089570613,0.6468145284356652
3.53,3.421875,0.10812497,0.8772287041965997,0.6868355677707486
2.7,1.9414062,0.7585938,5.858683386763371,0.6544072637960763
2.75,2.8046875,-0.0546875,-0.5166953819003157,0.7690845089362625
2.18,1.9667969,0.21320319,1.4571549706924687,0.5587121119028824
0.99,0.7895508,0.20044923,1.369624229787051,0.5584783498490808
2.6,2.4121094,0.18789053,2.043673365448099,0.825766003157936
3.6,3.2695312,0.33046865,1.9696581720836397,0.4197369611008367
2.63,2.3964844,0.23351574,1.7432440652768386,0.6301190080833173
2.11,2.6757812,-0.56578135,-6.685519547328105,0.8523705422077208
1.32,1.2158203,0.10417974,0.6641924883915227,0.49286368970661104
0.91,0.82128906,0.088710964,0.6726860154821536,0.6415109587960249
0.63,0.5493164,0.08068359,0.5856815775974826,0.6088049261997145
3.19,2.9335938,0.2564063,1.795048342880386,0.5794175006336185
0.08,0.054779053,0.025220945,0.1633837233129178,0.508808054484959
0.6,0.5859375,0.014062524,0.10222467794346858,0.6099133124638352
3.57,3.3242188,0.24578118,4.376030847595579,0.9349746647907179
3.33,3.1464844,0.18351555,1.3816965964725647,0.6363643570544758
0.44,0.4584961,-0.018496096,-0.15404498980081233,0.702825814989594
3.09,3.0996094,-0.009609461,-0.06266427560593134,0.515265330864814
1.64,1.7705078,-0.13050783,-1.2932244156802124,0.7900714949802967
1.26,1.1816406,0.078359365,0.47166720824551267,0.4310730047199755
0.67,0.48876953,0.18123049,1.0742384431864618,0.41331198693686755
2.48,2.2148438,0.26515627,1.5238174895015182,0.37585717931092444
-0.22,-0.37231445,0.15231445,1.3295983163989782,0.729487453514355
2.98,2.8964844,0.083515644,0.6078304891545142,0.6108502141174827
0.3,0.32421875,-0.024218738,-0.33694814733578804,0.893506533747531
1.29,1.2539062,0.03609371,0.4214853868521078,0.8488374749873759
1.94,1.6367188,0.3032813,4.171117665866085,0.8910235912461921
-0.37,-0.27514648,-0.09485352,-0.5830353306178476,0.45441395915075794
3.31,3.2226562,0.08734369,0.7371345162299514,0.7105885615973141
1.42,1.375,0.044999957,0.4767205075008522,0.8163281427229534
2.6,2.3886719,0.21132803,1.2377393812939574,0.39910045221724055
0.2,0.20056152,-0.00056152046,-0.003836302320873645,0.5583770800424427
0.75,0.8183594,-0.068359375,-0.4304526506297306,0.48013391996170063
3.41,3.4296875,-0.019687414,-0.20688683588425535,0.8133372205757395
4.0,3.8125,0.1875,2.4318563649357605,0.8774614346015623
3.0,2.96875,0.03125,0.3134447436561212,0.795108402459455
3.9,3.5820312,0.31796885,4.240942348865587,0.8841248017742104
2.34,2.2324219,0.10757804,0.5642547843825252,0.2507222510394878
3.1,2.9570312,0.14296865,0.8741859950989591,0.4486592921791428
0.5,0.6020508,-0.10205078,-0.5757950598428897,0.35249535744243665
2.7,2.5390625,0.16093755,1.487294765156986,0.7586391937137995
2.7,2.7910156,-0.09101558,-1.0158559476463422,0.8345322776414427
-1.17,-0.9345703,-0.23542964,-1.2511871052283974,0.270166385556774
3.72,3.3535156,0.3664844,5.112214626721326,0.8940651331300922
0.01,0.2836914,-0.27369142,-2.876751637315101,0.8134205956306955
2.06,1.9287109,0.131289,1.6551591502140657,0.8703049845984342
0.4,0.3017578,0.09824219,0.8590543482572569,0.7304117820858042
-0.42,-0.27026367,-0.14973632,-1.2766531764520144,0.7164337698160446
2.6,2.1582031,0.44179678,6.022313221813184,0.8890660440001534
1.01,0.9160156,0.093984365,0.8457663430332647,0.7454597197119649
1.55,1.3232422,0.22675776,1.7193212887511888,0.6414445390260808
2.8,2.8105469,-0.010546923,-0.11765163081847467,0.8343460829818994
2.08,2.2109375,-0.13093758,-0.7359672863982881,0.3475343352735049
2.79,2.703125,0.08687496,0.7817332506615589,0.7454235817286752
2.65,2.4921875,0.1578126,1.2164818477544999,0.6530889393690683
4.29,3.828125,0.46187496,2.3717927162228185,0.2182975635361286
4.0,3.8554688,0.14453125,0.7756667445280391,0.2843193734017802
1.22,1.1103516,0.109648466,0.8278149211481453,0.638353131577315
3.4,3.5585938,-0.15859365,-1.298556849059794,0.6925349417479316
2.5,2.3515625,0.1484375,1.6604583868469684,0.8352682324922651
3.11,3.0039062,0.106093645,0.642445321518158,0.43784964660072995
1.84,1.6445312,0.19546878,1.318300334164008,0.5468184888101074
3.5,3.4179688,0.08203125,1.0803385954105886,0.8811538921451675
2.9,2.8339844,0.06601572,0.36690028403643654,0.33266373652425996
2.93,2.8847656,0.04523444,0.37325873730170805,0.6972636344315272
3.04,2.8769531,0.16304684,1.5581390487516389,0.7742860399941874
2.7,2.5039062,0.1960938,3.0397439840059364,0.9142172849812759
1.5,1.7929688,-0.29296875,-2.2287832864033836,0.6438335567277563
3.0,2.921875,0.078125,0.3991468826793169,0.21030267847634457
2.58,2.3867188,0.19328117,2.4405331303497677,0.8707127252316501
2.3,2.4433594,-0.14335942,-1.2251738089121476,0.7177700060758364
1.36,1.4160156,-0.05601561,-0.4012711486611533,0.5983124532394115
3.13,2.8457031,0.284297,1.463468886065073,0.22210026738475308
3.8,3.7402344,0.059765577,0.4026589253421351,0.5458768248886795
-0.66,-0.5151367,-0.14486331,-0.8808886783439743,0.4425308680565208
1.24,1.1015625,0.13843751,1.9438530263868525,0.895449336480038
3.4,3.3125,0.087500095,0.5443994911339886,0.4674900592937368
1.9,1.7539062,0.14609373,2.3158498999129065,0.9179670357676859
0.22,0.06817627,0.15182373,1.5317753000955376,0.7974952226844677
1.58,1.4599609,0.120039105,0.8011223485298221,0.5371994207272698
2.58,2.5449219,0.03507805,0.20902449885733665,0.41947281775481704
1.2,1.0830078,0.116992235,0.9275713820881791,0.6720818293433548
0.81,0.7084961,0.10150391,1.308772448257868,0.8760109500457243
1.0,1.046875,-0.046875,-0.2721287267656416,0.38838254685802126
0.46,0.5151367,-0.05513671,-0.5427519501936111,0.7872718292913365
1.9,1.7060547,0.19394529,1.9534693852630203,0.7968151430999518
2.39,2.4355469,-0.04554677,-0.3607100398340608,0.671341554573077
3.58,3.4921875,0.08781242,0.43216175132419693,0.14892984175654275
3.6,3.4550781,0.14492178,1.1786384229087978,0.6883607033968038
1.2,1.1777344,0.022265673,0.2619703388371949,0.8510935585229207
2.72,2.5898438,0.13015628,1.291841432271101,0.7907536383937233
3.41,3.1875,0.22250009,1.514473219073626,0.5550786383847041
2.6,2.5898438,0.010156155,0.05852831328024498,0.3793129558903514
2.26,2.1074219,0.15257812,0.8652691801320602,0.35904415692519
1.91,1.8447266,0.065273404,0.7319703519201638,0.8360801183665237
1.0,0.8364258,0.16357422,1.3982293310707854,0.7178896752205747
2.05,2.0117188,0.038281202,0.4375346129932453,0.8422053058578983
-1.17,-1.0380859,-0.13191402,-1.0143748159987755,0.6513970329644112
3.7,3.5136719,0.18632817,1.7093707567417409,0.7550764206079147
0.3,0.3034668,-0.003466785,-0.023515024496622537,0.5519680113099344
2.5,2.4238281,0.076171875,0.6478135122635155,0.7150062242211922
2.47,2.7871094,-0.31710935,-3.2954269464334405,0.8091286278046177
2.41,2.4179688,-0.007968664,-0.05437652526632184,0.5573155853292335
1.36,1.2548828,0.1051172,1.0599675264081463,0.7972744205249985
2.7,2.4355469,0.26445317,1.4261847527009845,0.29125163011864336
2.4,2.3183594,0.08164072,0.5983318599371861,0.616226054879126
0.9,0.81640625,0.083593726,0.7897298399395996,0.7690402185343451
2.0,1.6875,0.3125,2.7956252325587125,0.7424341811696156
-1.29,-0.92871094,-0.36128902,-2.942760087795935,0.6892966683753206
2.5,2.3300781,0.16992188,1.0706158528782797,0.48074901199925885
3.8,3.5839844,0.21601558,1.1904027264044466,0.32122099267874754
1.2,1.0400391,0.15996099,1.415020885351333,0.7365801316306382
3.1,3.1308594,-0.03085947,-0.28287093807479513,0.7546724268368816
2.9,2.7890625,0.110937595,0.6006759299531564,0.296890242122574
2.6,2.5410156,0.05898428,0.34723493070177136,0.40519880434171157
3.66,3.4902344,0.16976571,1.5822920189373504,0.762713644872009
3.2,2.9804688,0.2195313,1.6336305572119738,0.6277529365782453
3.1,2.875,0.2249999,1.6758949129699487,0.628450064251387
3.47,3.375,0.09500003,0.9615372892375658,0.798784562343946
3.62,3.4765625,0.14343739,1.070309324438879,0.6297865512233943
2.04,1.8701172,0.16988277,1.071726946902224,0.48206354907409704
2.0,1.8945312,0.10546875,0.7178946138620854,0.555089868488733
2.07,2.3066406,-0.23664069,-1.4096479514191038,0.4190970108816988
1.92,2.0429688,-0.12296879,-0.7699611782082695,0.4742270351987771
1.49,1.2177734,0.27222657,1.4455219304984346,0.2689320464779942
1.87,1.9013672,-0.031367183,-0.27178277421435987,0.725429887905039
3.1,3.0078125,0.092187405,1.0423233243253103,0.8387557070424447
1.26,1.2578125,0.0021874905,0.013264505666732783,0.4393958798191661
1.94,1.8398438,0.10015631,0.6871774908780713,0.5621101844400271
3.41,3.2363281,0.17367196,1.1614057298708522,0.5390672414330512
3.13,3.1074219,0.02257824,0.11742926649954896,0.23796741863924653
3.1,3.2109375,-0.110937595,-0.8769320065172045,0.6701080323501027
3.3,2.9335938,0.3664062,3.6988894466836943,0.7977311438207929
4.21,4.328125,-0.11812496,-0.7773709197316553,0.5240373544418452
0.57,0.36499023,0.20500976,2.7700375622645788,0.887092227532001
3.0,2.9003906,0.099609375,1.0397672493219776,0.810820422859865
0.92,0.7392578,0.1807422,1.0232061180998346,0.35681044976008186
1.99,1.7871094,0.20289063,2.4615212602913097,0.8599565160752084
3.34,3.1914062,0.14859366,1.159863348388005,0.6616758322757017
1.64,1.8632812,-0.22328126,-1.5080945614713743,0.5481508126214532
4.1,3.8457031,0.25429678,2.143594811568882,0.709903549982479
1.11,0.9868164,0.12318361,0.6609948433895235,0.28409435664682503
2.77,2.5683594,0.2016406,1.1932176462204276,0.4113424200302491
1.84,1.8271484,0.012851596,0.07038992064970954,0.3128694499646629
1.78,1.6328125,0.14718747,1.0489514426564595,0.5941392930894658
1.91,1.7705078,0.13949215,0.8698867474625529,0.4699458723875548
1.52,1.5898438,-0.06984377,-0.44613331924322047,0.49478980683115653
3.36,3.3261719,0.03382802,0.3137235041774412,0.7603347143455619
-0.54,-0.35717773,-0.18282229,-0.9967769214792606,0.3065607581854918
-0.49,-0.38476562,-0.105234385,-0.8874747997766884,0.7101659811001758
3.8,3.6210938,0.1789062,1.314667338901442,0.6182622279222714
1.99,1.8466797,0.14332032,0.8589814003275718,0.42615563888044883
2.41,2.1816406,0.22835946,2.7664192967000996,0.8595414776704773
1.9,1.4160156,0.48398435,2.8080625263926104,0.38765640516674993
4.1,3.9511719,0.14882803,1.0754273050530607,0.6052215532140935
3.1,3.0761719,0.02382803,0.1990649997159813,0.7046530191503484
4.15,4.328125,-0.1781249,-1.1877475352978566,0.5363960775527954
2.63,2.4472656,0.18273449,1.3484297174461517,0.6214436759169727
1.92,1.9648438,-0.044843793,-0.27048625608947263,0.4334211491385962
2.4,2.3496094,0.05039072,0.5434949260099748,0.8228030534600124
3.22,2.8886719,0.33132815,3.6124982364498157,0.8266006436745892
2.27,2.546875,-0.27687502,-1.884704258625908,0.5551360526501847
2.18,1.9511719,0.22882819,1.5031967145888114,0.5223239031018092
2.54,2.3789062,0.16109371,1.002824628082738,0.4680714722130191
-0.31,-0.24108887,-0.068911135,-0.4321829222496839,0.4759295252223316
0.16,0.14758301,0.012416989,0.07781028489713844,0.4750660730234091
3.9,3.8046875,0.095312595,0.8927716439164246,0.765055164238698
2.82,2.9375,-0.11750007,-0.6370794645230745,0.2988109879775449
-0.9,-0.72802734,-0.17197263,-1.146962628540752,0.5365891145688204
2.81,2.828125,-0.018125057,-0.16555907640839995,0.7529420289121083
1.33,1.8193359,-0.4893359,-3.901636599507461,0.6757599909356934
0.59,0.76416016,-0.17416018,-2.441146572620827,0.8950805229371862
3.83,3.7949219,0.03507805,0.3128884296268539,0.7409175863847279
1.87,1.7402344,0.12976563,0.9838341703464117,0.6413906235332714
0.85,1.3720703,-0.5220703,-3.5964637456463873,0.5656371537025272
2.82,2.609375,0.21062493,1.2901826551781597,0.4506321364245358
3.7,3.7832031,-0.08320308,-0.8612435581072578,0.8076142532816979
2.01,1.875,0.13499999,0.9234589206816086,0.5594670457215668
1.25,1.2441406,0.005859375,0.04976087770177988,0.7141931645204214
2.24,2.2929688,-0.05296874,-0.44127812623497575,0.7029971757246178
2.96,2.7519531,0.20804691,1.1681572179847166,0.3461681881874102
1.46,1.4882812,-0.028281212,-0.1826727663386446,0.5059231485207342
2.76,2.6425781,0.117421865,0.8916803971755279,0.6425415228074713
2.31,2.2226562,0.08734369,0.5025899963658885,0.37743957991638566
0.85,0.77685547,0.073144555,0.6868616669469536,0.7662392811677333
1.51,1.4667969,0.043203115,0.3694142554879531,0.7180650488180663
2.69,2.4804688,0.2095313,1.3759732031192253,0.522004310197227
2.91,2.9746094,-0.06460929,-0.3692778211735157,0.3689997019357736
3.58,3.5078125,0.07218742,0.6883514271041364,0.7733014518666026
-0.2,-0.070739746,-0.12926026,-1.29302546829112,0.7940024956170686
2.05,2.0566406,-0.0066406727,-0.03503934354919592,0.25961380136647466
3.56,3.3730469,0.18695307,1.7761755618548796,0.7716297647777008
1.56,1.4482422,0.111757755,0.8106414054638214,0.6082185557030348
1.5,1.7148438,-0.21484375,-1.2501369391804127,0.39119759365912193
3.78,3.5351562,0.24484372,2.025964930721047,0.6989350593531658
0.39,0.48583984,-0.09583986,-0.5055627194390451,0.25922156839603044
3.39,2.96875,0.4212501,3.550195263002735,0.7097837998146728
1.63,1.4277344,0.20226562,1.9363294248453766,0.7750781024821103
2.43,2.1992188,0.23078132,1.5046869168158377,0.5150967530974774
-1.08,-0.9345703,-0.14542973,-0.7728839914511771,0.270166385556774
4.3,4.0,0.3000002,3.6506612091274624,0.8607978037954414
0.22,0.2607422,-0.04074219,-0.23235607325367624,0.3662372016425522
3.37,3.2773438,0.092656136,0.47007761822322436,0.19914239035093365
1.67,1.3710938,0.2989062,2.243309824365565,0.6340367812710355
1.78,1.7333984,0.046601534,0.4114390531853787,0.7355549223453439
2.75,2.4746094,0.27539062,1.9167451456239082,0.5744842426268834
4.41,4.1132812,0.2967186,2.160296450650482,0.6111259899754468
1.69,1.4873047,0.20269537,1.122888018834291,0.32832242656311383
2.01,1.9267578,0.08324218,0.9087757618155444,0.8270504300386127
2.1,1.8984375,0.2015624,1.7208783031257961,0.717209489769532
3.1,2.9394531,0.16054678,1.249183044562092,0.6595156746337885
2.54,2.34375,0.19624996,1.8482926732845921,0.7676066127945242
2.8,2.5527344,0.24726558,1.4089515706765612,0.36513515559735366
0.25,0.46069336,-0.21069336,-1.5487096397697049,0.6184883711477012
2.79,2.7832031,0.006796837,0.05205805255798138,0.6486144129656533
1.62,1.6621094,-0.04210937,-0.23760021080121319,0.3525444807718618
1.41,1.4238281,-0.013828158,-0.13637082695743696,0.788050776534702
3.66,3.5234375,0.13656259,1.8858237271601295,0.8919045634576241
3.6,3.4238281,0.17617178,1.794297008030939,0.8012852498957594
1.0,1.0234375,-0.0234375,-0.1343582840602099,0.3727513132989649
3.35,3.2929688,0.057031155,0.750063366829898,0.8808279235947434
2.97,2.828125,0.14187503,0.8770426829760032,0.4605930314178194
4.46,4.1445312,0.3154688,3.7969054263623168,0.8577018273100256
3.31,3.1035156,0.20648432,1.4282283222797851,0.5691511361317602
0.66,0.7158203,-0.055820286,-0.5593578620681768,0.7947180741622206
2.03,2.703125,-0.673125,-4.211942363650827,0.47353109334632904
2.87,2.7207031,0.14929676,1.763813572295207,0.8523132625270848
2.98,2.6484375,0.33156252,2.178587839881213,0.5225512083313713
2.7,2.71875,-0.018749952,-0.11221117026113106,0.4244616867154726
1.15,1.21875,-0.068750024,-0.7669430425083003,0.8343598671720541
2.74,2.6601562,0.07984376,1.0021792337595479,0.8691609913028546
2.01,1.9404297,0.0695703,0.5733320319766395,0.696484087916902
3.72,3.7070312,0.012968779,0.09662176211400546,0.628640674984386
0.58,0.34887695,0.23112303,1.4423705091168284,0.47072806590357125
-0.01,0.0463562,-0.0563562,-0.5699535073232571,0.798464936672865
1.33,1.4003906,-0.07039058,-0.41814428843505286,0.415852041839652
2.57,2.5859375,-0.015937567,-0.13157178600008318,0.6975423442984076
3.1,2.984375,0.115624905,0.6992887745653227,0.43644572380142815
3.07,3.03125,0.038749933,0.28602585747943077,0.6216642223376077
1.42,1.4296875,-0.009687543,-0.10303195867008293,0.8177659803592411
2.62,2.5488281,0.07117176,0.4641603402243515,0.5153530920344059
2.78,2.578125,0.20187497,1.1965912782760941,0.4132955556281799
1.7,1.9316406,-0.23164058,-1.381682415061699,0.42062612976095365
2.0,1.7744141,0.22558594,2.176973470108698,0.7786579839184455
1.34,1.4140625,-0.07406247,-0.45300041128429136,0.4490080686198249
3.5,3.28125,0.21875,1.8783100690446148,0.7204190102506528
1.95,1.8789062,0.0710938,0.8108725578117792,0.8415455975739186
2.01,2.3691406,-0.35914063,-2.9921188066109696,0.7030266271679428
1.82,1.609375,0.21062505,1.5140573307330176,0.6010839592611076
2.06,2.1367188,-0.07671881,-0.4631614025229387,0.4344317105409038
2.99,2.7988281,0.19117188,1.47884313044541,0.6555311826109519
2.41,2.1835938,0.22640634,4.363882970429462,0.9445148135708814
2.5,2.4765625,0.0234375,0.17252657876802605,0.6195858720992987
2.86,2.9082031,-0.04820323,-0.26222142267535686,0.30343439138000533
3.0,2.7480469,0.25195312,1.4856641261052907,0.4071506976692543
2.67,2.7402344,-0.0702343,-0.7285044262923827,0.8084067524564287
2.67,2.4628906,0.20710945,1.5811583896016703,0.6463324853310566
2.0,1.7753906,0.22460938,1.40034233701551,0.46968561429691696
1.13,1.1171875,0.012812495,0.11103250609146227,0.7255183998764476
3.0,2.9492188,0.05078125,14.17497592792629,0.9997354497354625
0.22,0.2529297,-0.03292969,-0.18141436000690758,0.3208307480004761
1.8,1.8925781,-0.09257817,-0.5703234531225309,0.4568486864009383
-0.45,-0.5341797,0.0841797,0.5201482239286292,0.4601083764270182
1.1,1.0996094,0.00039064884,0.00550798627937271,0.8963108126859579
1.02,0.7109375,0.30906248,2.573521657149218,0.7027081482447249
1.78,0.97753906,0.8024609,6.91592853050783,0.7224809083322706
1.72,1.5166016,0.20339847,1.6391342235074862,0.6825959976642153
1.26,1.2851562,-0.02515626,-0.1582255438257153,0.47894324894336815
2.55,2.2441406,0.30585933,2.1420123351467453,0.579713334756063
1.8,1.8974609,-0.097460985,-1.0294668595941834,0.8152506405842714
2.01,1.8046875,0.20531249,2.97281539243307,0.9016802086923814
2.73,2.4296875,0.30031252,1.6183472275805364,0.2901778531917217
3.01,2.9101562,0.09984374,0.8552265263442301,0.7190523216204678
1.42,1.0546875,0.36531246,2.2871542465399908,0.4741230415991911
3.2,3.2734375,-0.07343745,-0.4360179521314131,0.4152468766609753
1.21,0.8466797,0.36332035,3.0124840971932993,0.7001693603459559
-0.26,-0.25390625,-0.0060937405,-0.035426372038086816,0.3900971871730492
3.1,2.9746094,0.12539053,0.8332818927559991,0.5332421055591515
3.12,3.0703125,0.049687386,0.29668572903768714,0.4218439615300257
2.8,2.5585938,0.2414062,1.5491297052840554,0.4994270560443285
2.45,2.5097656,-0.059765577,-0.6992502527788823,0.849414532421205
1.48,1.2646484,0.21535158,2.9772892514287026,0.8921549639241296
0.67,1.125,-0.45499998,-3.6179527656075,0.6739808850306084
0.07,0.13171387,-0.061713867,-0.5482950801367907,0.7388542821696372
2.9,2.6796875,0.2203126,2.7062871128255974,0.8633917266034337
0.97,1.0488281,-0.0788281,-0.9430061027724959,0.8559613112493237
-1.25,-1.0771484,-0.17285156,-1.6900233228150368,0.7843709292929701
4.39,4.109375,0.28062487,1.4966659883787834,0.2753161008169934
3.1,3.0585938,0.041406155,0.41158757398466805,0.7913821920464593
-0.95,-0.73046875,-0.21953124,-3.0297415080090455,0.8917750017467436
2.22,1.9716797,0.24832034,1.7306222267756886,0.5756090385320948
2.44,2.4941406,-0.054140568,-0.37324194500969193,0.5662786389439793
3.7,3.3691406,0.33085942,1.9951542466551737,0.4331343393408487
2.93,2.9140625,0.015937567,0.1519717327272607,0.7732932289773796
1.82,1.7568359,0.063164115,0.9009417178635755,0.8986803866477193
3.99,3.7871094,0.20289063,1.0812438784178888,0.2741903044455994
3.1,2.953125,0.1468749,0.9267852054672664,0.4822941192021938
3.77,3.4160156,0.35398436,2.3434009774371365,0.5296501469491048
2.4,2.5,-0.099999905,-1.6916823343941725,0.9279709592286126
3.16,3.0605469,0.09945321,0.6257069703803546,0.47923508239541035
3.24,3.2089844,0.031015635,0.37107962901242575,0.8559964489471237
0.81,0.5185547,0.2914453,2.5315590437228437,0.7267978438746148
1.46,1.6318359,-0.1718359,-0.856674679453533,0.17064202163239317
2.55,2.5019531,0.048046827,0.3379803494784872,0.5834255623389397
1.9,1.8232422,0.07675779,0.5545289354262387,0.6050495876479272
2.29,2.3144531,-0.024453163,-0.130926280653228,0.28094432634507543
2.74,3.34375,-0.60375,-3.6309580008907836,0.4300747338437578
2.32,2.5742188,-0.25421882,-1.9925931386246627,0.6644755193216464
-0.42,-0.3239746,-0.09602538,-0.8982411717652597,0.7644233621084395
1.1,0.70703125,0.39296877,3.799087455880279,0.77945176379753
0.71,0.6459961,0.064003885,0.4307351408970048,0.5448671857131493
2.9,2.7402344,0.15976572,2.783370011246684,0.9320841087431143
3.17,3.1660156,0.0039844513,0.040153480327118324,0.7970277132521768
0.79,0.78271484,0.0072851777,0.06695035715059,0.7559265209745433
2.6,2.4433594,0.15664053,1.4642624425981914,0.7641061994999777
3.04,2.9667969,0.07320309,0.925062880252737,0.8709189858850778
2.15,1.9785156,0.17148447,1.6178284859121106,0.76840417566485
0.46,0.49194336,-0.03194335,-0.18913605992563692,0.4120256769553408
2.2,2.1074219,0.09257817,0.6141731935788333,0.5316380749551131
3.5,3.5429688,-0.04296875,-0.36781392021831666,0.7186835005272686
3.2,2.5742188,0.6257813,4.313257085881508,0.5661090837500868
3.09,3.2421875,-0.15218759,-1.7092408846444862,0.8365827121199302
0.77,0.7607422,0.009257793,0.1379098726241392,0.9071097043699875
1.86,1.7099609,0.15003908,1.0483620123365611,0.5777863178663596
1.27,1.3564453,-0.08644533,-0.7480849653928148,0.7247500026105265
1.14,1.0,0.13999999,0.9380717084684088,0.5408760013611251
2.15,1.9853516,0.16464853,1.0102746742168884,0.4525015600832571
0.44,0.39257812,0.047421873,0.32416582333225785,0.5588675192876891
3.42,3.1992188,0.22078133,1.2943689359371247,0.4002716202473246
2.49,2.6074219,-0.117421865,-0.8259358438729505,0.5833691629425736
4.2,3.8203125,0.3796873,2.7038139601039455,0.5935148926336685
1.2,1.3017578,-0.101757765,-0.6114596132967771,0.42911891880131803
1.6,1.3974609,0.20253909,1.4119527391117106,0.5758461040538415
2.9,2.9003906,-0.00039052963,-0.0029995184817796492,0.650577401483835
1.7,1.5976562,0.1023438,1.056091357168737,0.8064174672588257
1.05,1.0273438,0.022656202,0.1547942472030481,0.5584186901567844
1.79,1.6181641,0.1718359,0.9713603323160149,0.35492061955018406
0.31,0.3330078,-0.02300781,-0.32940177827103684,0.8994354816120302
1.1,1.1181641,-0.018164039,-0.28527019648460683,0.9164285147820551
2.36,2.3007812,0.059218645,0.3523902049411304,0.41787618790748277
0.95,1.3496094,-0.3996094,-2.9696348980371776,0.6267401010782853
2.43,2.4511719,-0.021171808,-0.12710148523970763,0.42804647551616204
1.99,1.7607422,0.22925782,1.2270808175816106,0.2804713713319379
3.6,3.6445312,-0.044531345,-0.6691756442205612,0.9087154101265722
3.27,2.953125,0.31687498,2.075656256523189,0.5195910129224266
2.98,2.5488281,0.4311719,2.0921018940290477,0.12444927933171297
2.51,2.390625,0.11937499,0.7713444354703016,0.5062852684289116
1.9,1.1308594,0.7691406,4.341099414338548,0.3529198173911246
0.25,0.2824707,-0.032470703,-0.17559499005891466,0.2951361587642793
0.9,0.84375,0.056249976,0.7379333166777189,0.8802276595499231
2.09,2.0117188,0.078281164,0.9300899605594083,0.8539805440162831
2.1,2.0742188,0.025781155,0.33872302550704886,0.8805843146109297
1.18,1.1796875,0.00031244755,0.002747619065883469,0.7334447218169335
4.09,3.9257812,0.1642189,1.1634528798738857,0.5893282951386491
-0.12,0.030197144,-0.15019715,-1.1479737045663743,0.6471374391301153
3.16,2.828125,0.3318751,2.9046059168075273,0.7308955038359537
4.0,3.6777344,0.32226562,2.249172536905978,0.5768167102622844
2.58,2.5273438,0.052656174,0.36885317174178334,0.5799145510286935
0.93,0.7949219,0.13507813,1.2662315717110464,0.7654205814696159
2.66,2.7929688,-0.13296866,-0.8565503033654742,0.5032487679373135
3.8,3.6972656,0.10273433,28.677053374531845,0.9997354497354608
1.58,1.4541016,0.12589848,1.4733452531603495,0.8494856151763928
-0.87,-0.65966797,-0.21033204,-1.2818529156163876,0.44501589046127976
0.8,0.9370117,-0.1370117,-1.5232304394094456,0.833225279526479
2.96,3.0292969,-0.06929684,-0.6797157266422511,0.7857512615333029
2.7,2.5664062,0.1335938,0.8863004013745945,0.5316648141090905
3.25,2.9609375,0.2890625,4.4439537292462505,0.9127851295672461
2.8,2.4726562,0.3273437,2.5074998081791824,0.6487047714494484
3.05,2.8964844,0.15351558,1.6587595265419097,0.823443330445215
1.79,1.5712891,0.2187109,1.1674888683888434,0.2765951036741396
2.45,2.4492188,0.0007812977,0.007502142289730687,0.7764325529817404
3.14,2.8320312,0.30796885,1.755061214883586,0.36529028372262995
1.5,1.1796875,0.3203125,3.301588728084197,0.8059793676426915
3.59,3.3769531,0.21304679,2.7867893490898004,0.8795275366900664
3.58,3.4609375,0.11906242,1.01345363884075,0.7154964084517514
0.92,0.8959961,0.024003923,0.1624523169317513,0.5499521242553124
1.19,1.3359375,-0.14593744,-1.2393147452746536,0.7141644000029446
0.03,-0.79833984,0.8283398,7.307603883454465,0.7351419571575157
3.38,3.1289062,0.25109386,1.3709313728460943,0.30850847908111756
0.96,0.8691406,0.09085935,25.362297093534803,0.999735449735459
-0.12,-0.12573242,0.0057324246,0.057271385038022385,0.7934869925985184
3.0,3.0175781,-0.017578125,-0.23073252161870178,0.8803607835632254
2.51,2.5664062,-0.05640626,-0.38996058055531874,0.5687200444864233
3.29,2.96875,0.32124996,1.982439799572834,0.4587072112552351
0.86,0.8520508,0.007949233,0.11398576328634895,0.8997474740308748
2.72,2.5546875,0.16531253,1.285513188388695,0.6591176206504346
2.9,3.0097656,-0.10976553,-0.873254771859246,0.6743162369184154
-1.08,-0.8798828,-0.20011723,-2.4467052692165785,0.8621039771025201
1.05,0.8613281,0.18867183,0.9855766774282126,0.24459585497834405
-0.56,-0.5126953,-0.04730469,-0.33848218292280724,0.5973915728862467
-0.93,-0.9213867,-0.008613288,-0.1127198392882012,0.8796396770562727
2.6,2.5605469,0.03945303,0.33631953071342846,0.7163370412280956
2.86,2.5917969,0.26820302,1.9711931121012414,0.6183941095657257
0.2,0.02859497,0.17140503,1.299567284998974,0.6414120558460791
1.98,1.8486328,0.1313672,0.8301080099750557,0.48376100224567353
-0.12,0.18811035,-0.30811036,-3.293887211335934,0.8196395823731922
3.04,2.9863281,0.053671837,0.5822913082044969,0.8248708699343125
2.5,2.4921875,0.0078125,0.0939113135946798,0.8573439095192951
2.5,2.5175781,-0.017578125,-0.10398018826408449,0.410898693427995
3.56,3.2265625,0.33343744,2.2232168106076977,0.5363276636867538
1.72,1.7158203,0.004179716,0.03665894499618888,0.7320339752612374
0.87,0.86376953,0.0062304735,0.04230240222477787,0.5528449538625688
2.84,2.9042969,-0.06429696,-0.4266858772048298,0.5319303936334183
0.68,1.3955078,-0.7155078,-8.778118636974279,0.8630468747447971
3.0,2.7832031,0.21679688,1.883597583654875,0.7269288154714261
3.42,3.203125,0.21687508,1.1902025945811467,0.3155785809685224
-0.16,-0.19506836,0.035068363,0.22862491671737162,0.5150131615859319
2.71,2.3320312,0.3779688,2.8993460869243495,0.649685715693242
1.67,1.6484375,0.021562457,0.3250418006059142,0.9092881229439589
3.1,3.1914062,-0.091406345,-0.5461438928526169,0.4225895824398683
1.58,1.4111328,0.16886723,1.2259672056640774,0.6089078103273198
-0.65,-0.36938477,-0.2806152,-1.9814785346912034,0.5865816400771102
1.81,1.625,0.18499994,1.160263323154089,0.4759458700656333
1.59,1.5380859,0.051914096,0.3989271636150863,0.6509163893657884
1.5,1.5078125,-0.0078125,-0.055848943656189115,0.5966368477904674
0.76,0.546875,0.21312499,1.5819377815591786,0.6258583607203186
0.28,0.46435547,-0.18435547,-1.0511384290056256,0.3659283956030732
1.81,2.0175781,-0.20757818,-2.1002676544181353,0.7986460244096746
2.35,2.4082031,-0.05820322,-0.3959003522628922,0.5544788345861479
2.19,2.0664062,0.12359381,1.483377165595533,0.8569010885093671
2.9,2.7285156,0.17148447,1.8962621355233495,0.8314227618207081
1.72,1.6943359,0.025664091,0.3408344264381775,0.8831278711009793
1.72,1.7333984,-0.013398409,-0.08618384596865063,0.5018033518337498
3.2,2.9023438,0.2976563,2.263254425225648,0.643458996340508
3.22,3.1679688,0.05203128,0.3067191323679819,0.40681064277611717
3.21,2.9082031,0.3017969,1.8789020750129233,0.46817667300268984
0.9,0.96240234,-0.062402368,-0.7273182663037634,0.8482602958083715
1.2,1.0761719,0.12382817,0.7861141768602612,0.48853754458125775
0.89,0.85058594,0.03941405,0.42789873564296665,0.8251095206812249
2.4,3.1933594,-0.7933593,-6.50204730820258,0.6931079420039636
1.68,1.5136719,0.16632807,1.624222731287931,0.7838346755437499
2.8,2.6875,0.11249995,0.7037673937192547,0.473264630796998
3.4,3.2421875,0.1578126,0.999282632257947,0.4858939275055415
3.6,3.5800781,0.01992178,0.1414654420044388,0.5912087138548303
2.28,2.0410156,0.23898435,1.3481129902608635,0.35221272657117775
2.69,2.6542969,0.035703182,0.21317889106158264,0.42180871229404654
3.4,3.0273438,0.37265635,3.048093000335164,0.6918893560217845
3.22,3.0703125,0.14968753,0.973511090654755,0.5126561196008304
0.29,0.10473633,0.18526366,1.7555879042533917,0.7704478188757213
2.16,2.4726562,-0.31265616,-1.813352949177726,0.3872047463960311
0.99,0.5263672,0.46363282,2.5812194551844123,0.33496488841704186
2.9,2.8339844,0.06601572,0.5933004725314011,0.7447936755162214
2.8,2.5039062,0.2960937,1.962420086497901,0.5307325104669997
1.74,1.4023438,0.33765626,2.6971212746557214,0.6769314006845039
3.14,2.8886719,0.25132823,1.5713413290379181,0.4726638232173267
3.1,3.1464844,-0.04648447,-0.31084311783759916,0.53902290233297
2.27,2.0039062,0.26609373,2.1476175080637554,0.6835526217276494
2.92,2.78125,0.13875008,0.7149147264780946,0.22356686191288225
2.75,2.8027344,-0.052734375,-0.4883463786095228,0.7596313904467612
3.33,3.25,0.07999992,0.6273229097017374,0.6647699536000236
2.6,2.4492188,0.15078115,0.8733853894335902,0.3856323036773368
3.26,2.8945312,0.36546874,2.5784205877805055,0.5858677609438538
2.0,1.9257812,0.07421875,0.41237256647634224,0.3322808562071705
2.87,3.0898438,-0.21984386,-2.2803132231416443,0.8084042922042991
2.4,2.3671875,0.032812595,0.28768226948422804,0.731835637839018
3.5,3.6152344,-0.115234375,-0.5870464400384885,0.20573528107162548
3.49,3.5039062,-0.01390624,-0.15866640208452826,0.8416581882158206
1.6,1.4160156,0.1839844,1.5307252348380849,0.7022076065001607
1.59,1.3847656,0.20523441,1.308384126681559,0.49280390383016937
2.73,2.5371094,0.19289064,1.891957851351173,0.7857378294102321
3.46,3.2832031,0.17679691,2.2417306883765593,0.8717880310899094
2.99,2.9003906,0.089609385,0.7240008003121435,0.6842270064383121
3.5,3.4589844,0.041015625,0.29788560633051975,0.609207952213751
1.28,1.3515625,-0.07156253,-0.4510432575054525,0.4811031276300205
2.41,2.4042969,0.005703211,0.030883198883173278,0.2970241843662321
1.06,0.9116211,0.14837885,1.154412208207144,0.6594598978222381
2.22,2.1171875,0.10281253,1.115597763495665,0.8249254982839275
0.05,0.08728027,-0.037280273,-0.48677767157239793,0.8790953648796783
1.14,1.0654297,0.0745703,0.675012471158307,0.7484326621146609
3.46,3.2734375,0.18656254,1.4824841619782514,0.6735513729012951
1.04,0.9135742,0.12642574,0.8854256167986603,0.5797449386829674
2.43,2.4257812,0.0042188168,0.027058263231284813,0.49889633655398086
2.66,2.2851562,0.37484384,2.926604664615264,0.661842741607957
3.48,3.1894531,0.2905469,2.2454653634648145,0.6548834061413438
2.5,2.4589844,0.041015625,0.38898378895886815,0.7708173426349026
2.5,2.9101562,-0.41015625,-3.4567367409412944,0.7097901531454999
2.99,2.8261719,0.16382813,1.1308838361887281,0.5673994505969217
2.2,2.1816406,0.018359423,0.21408165279986324,0.8483978951906799
0.29,0.2763672,0.013632804,0.12019738600658389,0.734828751371438
0.99,1.0859375,-0.09593749,-0.536631320201557,0.3411739498284886
4.0,3.6113281,0.38867188,2.4549521658557034,0.4833145285403513
3.52,3.296875,0.22312498,1.7890254626994722,0.6793661004613851
-0.28,-0.24182129,-0.038178712,-0.4244904826726761,0.8332550378267553
1.52,1.6308594,-0.110859394,-0.6669916040238861,0.4305568740937205
3.9,3.6464844,0.25351572,2.1234783007925366,0.7061942961709265
3.28,3.1132812,0.16671872,1.103806311109141,0.5297496970631242
1.62,1.8066406,-0.18664062,-1.1854793070809497,0.4890593329714951
2.7,2.8476562,-0.1476562,-1.0529694484045797,0.594661425767991
2.95,2.8398438,0.1101563,0.5553801340906719,0.18906869178327246
2.8,2.6523438,0.1476562,1.1941627466567204,0.6848462791360621
1.2,1.1298828,0.070117235,0.478292412921885,0.5569949568796432
2.36,2.3535156,0.00648427,0.03865905058429949,0.4200829026849357
1.4,1.5478516,-0.14785159,-0.8454381692834273,0.3695736419805863
2.17,2.0585938,0.11140633,0.564880409480839,0.1982245248624392
2.31,2.3535156,-0.043515682,-0.2186172437424181,0.18328815944019897
3.22,2.9394531,0.2805469,2.420582265610718,0.7231035720807292
3.01,2.6855469,0.32445312,2.0843475703758307,0.5005296590664837
3.18,2.8828125,0.29718757,1.8359380638628373,0.45987869510668045
2.0,1.7734375,0.2265625,1.4409556293367982,0.4904099631478203
2.7,2.859375,-0.15937495,-0.7842077852379647,0.14861905740416315
4.3,4.2265625,0.07343769,0.6069362978212309,0.6982148335532703
3.41,3.3417969,0.06820321,0.8021527955017803,0.8509810406101845
-0.34,-0.2052002,-0.13479981,-0.9507899050522189,0.5856612868914985
3.3,2.859375,0.44062495,2.1681042908850565,0.14861905740416315
1.38,1.2470703,0.13292968,0.8689334160886772,0.517589195196825
0.75,0.80810547,-0.05810547,-0.6825924475860042,0.8506321435876099
1.14,1.0947266,0.045273423,0.335398779994796,0.6244136522338284
2.7,2.5898438,0.1101563,1.12663975124729,0.802941755699624
2.41,2.3144531,0.09554696,0.6821552528437146,0.5955979136396987
0.3,0.7519531,-0.4519531,-4.6634338226147785,0.8063929285117766
2.4,2.4316406,-0.03164053,-0.16388899801592743,0.23169443851102384
3.85,3.7851562,0.064843655,0.4105629303282373,0.485812414284001
3.4,3.2714844,0.12851572,0.8426182542322869,0.5204908806187293
2.48,2.3652344,0.114765644,0.7279108568197564,0.48759484458470626
3.84,3.6464844,0.19351554,2.2044846124885544,0.8411586267771222
1.7,1.7109375,-0.010937452,-0.1681515995722332,0.9127879636299499
-0.38,-0.39526367,0.015263677,0.09241398277950297,0.4376728829242422
-0.18,-0.097229004,-0.082771,-0.7045042602255471,0.7154652729920737
1.46,1.3955078,0.064492226,0.5853338181789239,0.7497618132948491
2.47,2.1816406,0.2883594,2.533465461495443,0.7329550625248551
3.8,3.7929688,0.0070312023,0.05887568825744135,0.7060095095201737
2.8,2.7617188,0.038281202,0.2677137752803352,0.578521146789808
3.7,3.4355469,0.26445317,2.0300281847997965,0.6501841237324909
1.59,1.3095703,0.28042972,3.38402797614312,0.8584446532906205
-0.03,-0.2199707,0.1899707,1.620039726035271,0.7165555131424672
2.81,2.6640625,0.14593744,1.3986811734769824,0.775590058077724
1.84,2.0097656,-0.16976559,-0.8981383625949728,0.26352342741178036
4.1,3.9863281,0.11367178,1.0040493651407634,0.7357948524741827
2.2,2.3730469,-0.17304683,-2.348288257407649,0.888063800496386
4.2,3.96875,0.23124981,3.6516254571407076,0.9173321958085459
0.39,0.34057617,0.049423814,0.3665409006117334,0.6252223250372708
2.85,2.2695312,0.58046865,4.401319066927892,0.6414597417543734
2.51,2.3378906,0.17210937,1.1328380116211982,0.5242054439091368
2.85,2.8183594,0.03164053,0.20792584218478985,0.5226722991960725
3.25,3.3320312,-0.08203125,-0.7475976848327365,0.7518188165518872
0.44,0.3713379,0.06866211,0.6182574282065665,0.7457613028608415
1.9,1.7509766,0.14902341,1.8371626451194152,0.8643687106976873
1.6,1.7724609,-0.17246091,-1.1934448683840018,0.569549982141968
1.4,1.4550781,-0.05507815,-0.5965314082548803,0.8242731480920996
0.9,0.9111328,-0.011132836,-0.09649446187045352,0.7256196786271981
-0.96,-0.7866211,-0.17337888,-1.29663010964922,0.6314416172776091
3.6,3.3867188,0.21328115,1.1533743138801489,0.2951276030973685
1.94,1.8935547,0.04644537,0.3208094114931422,0.5679472881032974
2.03,1.9570312,0.07296872,1.0214498132269978,0.8948073263043317
3.21,3.0585938,0.15140629,0.8826673992935372,0.3934875225243838
3.2,2.9296875,0.27031255,1.9900410001011521,0.6196753702427198
0.03,0.10131836,-0.07131836,-0.564755199670351,0.6712783674745766
-0.16,-0.23181152,0.07181153,0.4960119806173818,0.5679340138874486
2.4,2.640625,-0.2406249,-1.3891013714912175,0.3814720103360004
2.35,2.2832031,0.06679678,0.39254851573589467,0.40314277038855845
0.27,0.4333496,-0.1633496,-1.2034591588134775,0.6202309934483942
3.43,3.5546875,-0.12468743,-0.7132250799258285,0.37000334308550936
1.4,1.2392578,0.16074216,1.508134314081105,0.7658330147682384
2.6,2.3535156,0.24648428,1.636970358250886,0.5326492878036105
3.6,3.3398438,0.26015615,2.734439785528042,0.8134146383906238
1.65,1.7402344,-0.0902344,-0.5696665378668682,0.48281141972690544
3.0,2.7714844,0.22851562,1.2163867222301805,0.27249740343800544
3.7,3.3300781,0.36992192,3.3343128213970057,0.7462806778762836
2.69,2.6816406,0.008359432,0.06271770805468238,0.6337991979837999
3.21,2.9101562,0.2998438,3.8259153610846997,0.8733907361460903
3.21,3.1660156,0.043984413,0.38742595464235696,0.7343154697474846
2.3,2.3046875,-0.0046875477,-0.03991081445025297,0.7156479888751256
2.39,2.203125,0.1868751,1.4417509632780812,0.6536872457805007
2.4,2.671875,-0.2718749,-1.9722248276214873,0.6082838400132
2.4,2.5136719,-0.11367178,-0.7172980351331482,0.482331041031067
3.48,3.3945312,0.08546877,0.5121065352695682,0.42583019436674185
0.9,0.8496094,0.0503906,0.4996653113968474,0.7903539102253666
0.21,-0.056152344,0.26615232,1.7156879914518832,0.5039448250255103
3.8,3.9492188,-0.1492188,-1.476636430835795,0.7895029553352163
3.3,3.1601562,0.1398437,1.1377117242606654,0.6885649792446887
1.03,0.8486328,0.18136716,2.112666849976984,0.8480847572529617
2.96,2.2949219,0.66507816,6.1164962280475015,0.7562828781720436
2.26,1.96875,0.29125,3.3397670075983314,0.8432362704447037
2.06,1.9912109,0.068789005,0.42065103736769954,0.44876064213352884
2.6,2.7988281,-0.19882822,-1.4922636565282235,0.6340590472602092
3.07,2.7089844,0.36101556,3.849961770040793,0.8187470469563786
2.55,2.4316406,0.11835933,0.9672657351608427,0.6913548495853841
2.11,2.1074219,0.00257802,0.01832997633426308,0.5922491489647091
2.85,2.6152344,0.23476553,3.407135132142445,0.9021330551391353
-0.12,-0.14172363,0.021723635,0.14217499546189072,0.5187567446628941
3.15,3.0546875,0.095312595,0.5258609038643846,0.32281876999404574
3.5,3.53125,-0.03125,-0.19060749363987764,0.4459280176706216
3.3,3.1386719,0.16132808,1.0169974409977063,0.4812880138710773
4.36,4.0742188,0.28578138,3.01114776621462,0.8143265443747568
0.14,0.23852539,-0.09852539,-1.2260757392808928,0.8668908790415182
2.83,2.5761719,0.25382805,2.176004073423205,0.7195174144647333
3.24,3.0703125,0.16968751,1.0713451669907508,0.4828851499104127
3.52,3.6210938,-0.10109377,-0.8638499418234565,0.7176952091170569
3.75,3.4667969,0.28320312,1.9409157170326352,0.5611371524457742
-0.15,-0.28857422,0.13857421,0.740915087976958,0.2789356064009205
1.2,0.89501953,0.30498052,2.7955434716119765,0.7546659779904034
3.2,3.2128906,-0.012890577,-0.11188778089359906,0.7263940716957812
0.36,0.45996094,-0.09996092,-0.6910794510449811,0.5687286130016344
1.4,1.2851562,0.114843726,1.4422396051311217,0.8692969257204213
3.39,3.2636719,0.12632823,0.6858559725144922,0.3006717699476464
1.2,1.25,-0.049999952,-0.292245652204531,0.3966224453429641
1.91,1.8798828,0.030117154,0.2740020223523925,0.7509615445497126
2.96,2.8046875,0.15531254,1.0137831957282757,0.5161965670212919
2.9,2.6835938,0.21640635,2.9529226973848184,0.8892912586037768
-1.0,-0.8408203,-0.15917969,-1.1959846557718987,0.6348509560905436
1.35,1.0341797,0.31582034,1.8234827805036664,0.3816662694466052
3.1,3.1503906,-0.05039072,-0.28012645816953496,0.3329798383995047
1.9,1.7167969,0.1832031,1.6597295491492923,0.74884774751994
4.37,4.515625,-0.14562511,-0.8403998216033165,0.38106257449791653
2.19,1.9785156,0.21148443,2.5809740236976983,0.8616001472855239
0.31,0.6694336,-0.3594336,-3.835741872033767,0.8189974615928537
3.04,2.8125,0.22749996,1.7446561033073762,0.6494991495447036
1.65,1.5507812,0.099218726,1.1415330455527974,0.8442756934900258
3.39,3.0214844,0.36851573,2.881849855035434,0.662933611465006
3.3,2.7753906,0.5246093,4.614143227326193,0.7335375841600438
2.39,2.0898438,0.30015635,1.7411556495944487,0.38741553289559705
1.83,1.6992188,0.1307813,1.5532597927741434,0.8538667173355686
2.72,2.6347656,0.0852344,0.6545569358356823,0.6504727153595748
2.88,2.7910156,0.08898449,0.9342806471342058,0.813009299720301
-0.22,-0.16662598,-0.053374022,-0.28999421883078136,0.3017237479051059
2.09,1.1708984,0.9191015,13.83145507808638,0.9089799070976462
2.61,2.5351562,0.074843645,0.47191484672082856,0.4815239881375004
3.17,3.0957031,0.07429695,0.6335495681005467,0.7165170940491823
1.99,2.6152344,-0.62523437,-3.568243427173291,0.3671178889264082
2.41,2.1074219,0.3025782,1.7492780335422988,0.3832577457274872
3.82,3.6816406,0.13835931,1.192500137072772,0.7225108691641714
1.64,1.6455078,-0.005507827,-0.08224263928922625,0.9075487983334165
0.7,0.7397461,-0.039746106,-0.2880499812954589,0.6075362485453325
2.89,2.8027344,0.08726573,0.9582954146188379,0.8290635348508797
1.98,2.34375,-0.36374998,-3.139517136128792,0.7232890594244203
2.66,2.6386719,0.02132821,0.14194205471856194,0.534593158915258
0.14,0.15283203,-0.012832031,-0.0937207346300017,0.6135747501587386
2.8,2.4804688,0.3195312,3.8833743782366312,0.8604422004476027
2.8,3.0605469,-0.26054692,-2.2019292862048765,0.7113900838719195
1.69,1.9394531,-0.24945307,-2.1864040473889013,0.731673885957204
2.08,2.0371094,0.04289055,0.2387933146337514,0.3349949174252673
1.52,1.4443359,0.07566404,0.5324947603338066,0.583807258009243
1.86,1.6689453,0.1910547,1.2884141693508238,0.5467366927888625
1.1,1.0087891,0.09121096,0.9675491630575769,0.8168132444346383
0.82,0.95166016,-0.13166016,-0.7503758439004021,0.3654042228386361
3.8,3.5820312,0.2179687,2.732299984628044,0.8688169857207055
-0.3,-0.3005371,0.00053709745,0.005831865591969795,0.8251614230323433
3.49,3.2910156,0.19898438,1.3976704973400036,0.5821941811495793
3.6,3.3984375,0.2015624,1.5987370770324627,0.6723493336322299
2.23,2.1621094,0.067890644,0.37363756784886676,0.319442424444393
0.56,0.7416992,-0.18169922,-1.7283400117845906,0.7721789610242468
2.2,1.7402344,0.45976567,4.654281425750795,0.798852845418855
3.52,3.4394531,0.080546856,0.6529704670428571,0.6863421255172746
3.5,3.6074219,-0.107421875,-0.7155364596126446,0.5354119772792723
2.88,2.8125,0.067500114,1.0317342516290702,0.91176936414519
1.4,1.2060547,0.19394529,2.1680885477993668,0.8350506816080977
2.63,2.5195312,0.110468864,0.6491529395960398,0.4030584469111819
3.7,3.5449219,0.15507817,1.2840125852571695,0.6993169984820544
1.2,0.94384766,0.2561524,2.369781514902379,0.759161284392131
2.92,2.9648438,-0.044843674,-0.23990787311611841,0.27978949033501016
1.07,1.1210938,-0.051093698,-0.3073318690976304,0.4302746299837547
1.07,1.0507812,0.019218802,0.15315645046963072,0.6754152226568133
3.3,3.2773438,0.022656202,0.14073068153362625,0.4657522097348087
4.25,4.1132812,0.13671875,1.0825130797797204,0.67119687169462
3.09,2.7421875,0.3478124,2.8600814803631205,0.6951547489484953
1.5,1.2451172,0.2548828,1.5765002681039622,0.4611857271468043
2.97,2.8261719,0.14382815,1.0734265434450696,0.6299254344815368
3.9,3.6230469,0.27695322,1.6960678183936533,0.4503673807203122
3.17,3.0722656,0.09773445,1.378359572905438,0.8963626278612454
0.75,0.61376953,0.13623047,0.9316494778725307,0.5592528628928031
1.65,1.6816406,-0.03164065,-0.24218429631450386,0.6481602600579365
3.12,3.2851562,-0.16515636,-1.2639787057640544,0.6480692609811977
2.3,2.2324219,0.06757808,0.6610135372275823,0.7845546906075281
3.4,3.2675781,0.13242197,1.1340175331943136,0.7189221385388497
1.09,0.8666992,0.22330081,1.4921612988563342,0.5383687940673121
0.78,0.5673828,0.21261716,1.3408290909656035,0.4816825132508569
3.42,2.9941406,0.42585945,3.210778497305732,0.6373748039660391
3.44,3.3378906,0.10210943,0.618761007653732,0.438652316988196
2.36,2.3632812,-0.003281355,-0.025057441028351838,0.6465084273491996
1.66,1.4052734,0.25472653,2.466511520462321,0.7801491508966969
3.0,2.9238281,0.076171875,0.4418346330077188,0.38734515791084023
4.01,3.6484375,0.36156273,2.961430459121609,0.6927369613410359
3.7,3.3339844,0.36601567,3.0360748017374135,0.7004146877034569
1.6,1.4277344,0.17226565,1.2244890936784267,0.5920249410686671
3.27,3.1640625,0.10593748,0.9436503236935022,0.7402095484216186
2.19,1.9775391,0.212461,1.6840322734236173,0.671901920436225
0.97,0.7470703,0.22292972,3.0208075112707995,0.8877371899541641
-0.01,0.07281494,-0.08281494,-1.0233050892861246,0.8649939609226988
2.17,2.3085938,-0.13859367,-0.8585013436822393,0.4627815209486791
3.47,3.0546875,0.41531253,4.935043693402951,0.8540130118731907
3.4,3.0839844,0.31601572,2.32034642588536,0.617652897391204
2.41,2.2597656,0.15023446,1.6489835322782629,0.8288989888037472
3.0,2.7011719,0.29882812,3.542410497260793,0.8533131254238351
2.6,2.5527344,0.04726553,0.39922214366224756,0.7110611760762193
3.16,2.9414062,0.21859384,2.014761128201433,0.7573530797231308
1.5,1.2695312,0.23046875,2.619880819327186,0.8404829498616619
0.79,0.68115234,0.10884768,1.569134222792516,0.9008108349853864
-0.15,-0.13366699,-0.016333014,-0.15079032473706994,0.7581579633986462
2.99,3.3417969,-0.35179687,-1.894576259483681,0.28926805319824195
1.41,1.3876953,0.022304654,0.2118384442975545,0.7714782626611558
2.63,2.421875,0.20812511,1.2092456561549791,0.3893870717411579
1.4,1.3251953,0.07480466,0.8010505715170588,0.8202439286520015
3.1,2.9726562,0.12734365,0.8281838697115634,0.5126430411211073
3.6,3.6015625,-0.0015625954,-0.00839838753072421,0.2864123395095653
2.24,2.2988281,-0.058828115,-0.6073532315445452,0.806610332365103
1.4,1.2841797,0.11582029,32.32984228830338,0.9997354497354651
-0.82,-0.68115234,-0.13884765,-1.2936820458981744,0.762552255944556
0.68,0.6464844,0.033515632,0.35295541675451203,0.8141334594685656
3.4,3.3066406,0.09335947,0.5936469775867612,0.49019237783189057
2.8,2.671875,0.12812495,1.873767145662154,0.9036210297643588
3.2,3.2949219,-0.09492183,-0.8663445128932721,0.7525445575596214
2.1,1.8349609,0.26503897,2.392647086637761,0.7470653908275469
2.05,2.0859375,-0.035937548,-0.36270034811174495,0.797629586245668
3.6,3.4316406,0.16835928,1.1225932999160582,0.5363659605213092
0.15,0.0014848709,0.14851514,0.9572907572749854,0.5038650917033964
3.78,3.9980469,-0.2180469,-2.3436906573202627,0.821579251099747
1.0,0.9692383,0.030761719,0.2961818310982043,0.7776431798718213
0.87,0.9970703,-0.12707031,-0.759276131442253,0.4226558681993541
4.21,4.4960938,-0.2860937,-2.61951793909687,0.7541218375482192
3.4,3.1230469,0.27695322,3.2651835441578494,0.8516991198411619
2.1,2.0507812,0.049218655,0.5770877736877212,0.8500585115223965
2.6,2.4472656,0.15273428,1.5886889756934155,0.8094796520734634
3.17,3.0019531,0.16804695,0.8813045738761899,0.25052816712492865
2.48,2.1953125,0.28468752,2.169969094966115,0.6452063436072945
2.23,2.0117188,0.21828127,2.454008643712378,0.8369101805898904
1.55,1.4785156,0.07148433,0.8031470617566406,0.8367032250830364
0.99,1.0205078,-0.030507803,-0.4195828521482147,0.8910235912461868
2.83,2.8574219,-0.027421951,-0.22100594065399898,0.6826526305549834
2.33,2.1289062,0.20109367,1.9563157932867676,0.7821964358985425
3.36,3.2519531,0.10804677,0.9900732139014929,0.7545093004194265
-0.7,-0.5463867,-0.15361327,-2.161783040669522,0.8959171102278376
1.7,1.6201172,0.07988286,0.7967625580873494,0.7927972734881417
2.2,1.9521484,0.24785161,2.7475754272182997,0.8322624366383795
2.69,2.84375,-0.15374994,-0.8850179919241001,0.37788336535240036
3.2,3.1699219,0.030078173,0.18687845854340437,0.4660132286676783
2.91,2.6992188,0.21078134,1.1549809950856504,0.31346810781235884
1.73,1.5322266,0.19777346,2.141701632785767,0.8242221451096661
3.12,2.4335938,0.68640614,4.600492690486924,0.54111938509695
0.15,0.37304688,-0.22304687,-1.3008291029018428,0.3939647840045051
1.3,1.2001953,0.09980464,0.6512676587199445,0.5159073073710488
1.0,0.9970703,0.0029296875,0.025356983408903105,0.7248347980765589
1.11,1.046875,0.063125014,0.5720986449715845,0.7490384264822182
2.5,2.7636719,-0.26367188,-3.3241656245543356,0.8703094312919907
0.31,0.20385742,0.10614258,1.0016614281927734,0.7685359910076266
3.56,3.6113281,-0.051328182,-0.5666756417328178,0.830882415975795
3.05,2.8164062,0.2335937,1.9739039511643521,0.7113202535490408
3.03,2.7597656,0.27023435,2.7382572669923984,0.7992393085268362
3.8,3.6523438,0.1476562,1.7915171700851007,0.8599743727651222
3.0,2.8789062,0.12109375,1.100703941394419,0.7505126662774183
1.7,1.6494141,0.050585985,0.3009478559878945,0.4175964607600279
2.2,2.1621094,0.037890673,0.21340087141396322,0.3501421912365219
2.54,2.3378906,0.20210934,1.1635274855838855,0.37803556996261867
1.33,1.1269531,0.20304692,2.4396794603740064,0.8572180360338991
3.2,2.8476562,0.3523438,2.463075905696235,0.5781833113059278
1.32,0.9814453,0.33855474,2.6806241332774876,0.6711998260532603
2.12,2.2597656,-0.13976574,-0.736971458458107,0.2586108885419231
3.24,2.6582031,0.5817969,3.277805848190163,0.35058484541634605
3.37,3.2207031,0.14929676,1.8252160636825758,0.8620828442322227
3.05,3.1171875,-0.06718755,-0.4427876553086108,0.5253946182273409
3.55,3.59375,-0.043750048,-0.31556442080564323,0.6037884913872184
0.61,0.71240234,-0.10240233,-0.8812037415201098,0.7216359829804443
3.09,3.0878906,0.0021092892,0.02422584495650573,0.8437354497552187
1.13,1.1796875,-0.049687505,-0.4055752234450733,0.6906161561029497
0.44,0.35546875,0.08453125,0.6645369241727143,0.6664642338022588
2.13,1.9970703,0.1329298,0.7518766509459668,0.35568594272696447
0.83,0.78759766,0.042402327,0.2711137688463469,0.49577738278431843
3.92,3.7324219,0.1875782,1.5734620244130317,0.7070467700560095
3.3,3.09375,0.20624995,1.4281998046614204,0.570111464935678
4.1,3.8046875,0.2953124,1.5902302440282259,0.28913120574784174
3.9,3.6894531,0.21054697,1.2976106561191574,0.4573056822518656
1.85,1.5117188,0.33828127,2.3517145542796296,0.5734864934860224
0.23,0.3701172,-0.14011718,-1.3107166570222712,0.7644347376885222
0.4,0.47485352,-0.07485351,-0.44963622627431044,0.4287215582919541
0.91,1.0195312,-0.109531224,-1.3320852852401575,0.8606336564281377
0.7,0.6357422,0.0642578,0.8333643349024956,0.8774458618331251
2.2,2.4140625,-0.21406245,-1.1292132361150042,0.2592440295872116
1.3,1.7285156,-0.42851567,-2.5351134655420475,0.4110414852231944
0.95,1.390625,-0.440625,-4.233336198661216,0.7766845042096898
3.61,3.5,0.109999895,0.7435297487879395,0.5488365271504462
3.3,3.0273438,0.2726562,1.699684022207913,0.4695548695863146
0.22,0.2709961,-0.050996095,-0.6139398791736328,0.8577775220579396
-0.89,-0.49609375,-0.39390624,-2.489783744609751,0.4840488968296579
3.1,2.9824219,0.11757803,0.6795970150483294,0.38298528917511726
2.64,2.6074219,0.03257823,0.3010552931956533,0.7586159773095069
3.0,2.90625,0.09375,0.5426013032874015,0.3846432405122465
0.47,0.40722656,0.06277344,0.7444563763972124,0.853438673813903
2.97,2.8261719,0.14382815,1.2130599666443402,0.7102193664583575
2.26,1.9521484,0.30785155,5.15091334697045,0.9263690680139303
3.49,3.5253906,-0.035390615,-0.4732942904730528,0.8847449966562988
1.15,1.0908203,0.059179664,0.5953391811777278,0.7963135488936113
1.91,1.9189453,-0.008945346,-0.08142176518637284,0.7511948668750379
2.2,2.1386719,0.061328173,0.3909487900631499,0.4927449368157317
3.75,3.5878906,0.16210938,1.282561424874886,0.6706891777177837
1.82,1.6767578,0.14324224,0.9043465371154585,0.4828476108952929
1.95,1.7177734,0.23222661,1.3110144736806537,0.35322223568611855
2.14,2.0625,0.077500105,0.7081512113553702,0.7531127490896027
2.12,2.1035156,0.01648426,0.17511019763503394,0.8173321350529482
1.52,1.4697266,0.05027342,0.46429737080172767,0.7583256980931504
3.3,2.6523438,0.6476562,5.419201161505271,0.7055818354135981
0.6,0.5932617,0.006738305,0.04038094325274363,0.4260229726881786
3.73,3.4433594,0.28664064,3.0149306434990586,0.8136767812671238
3.3,2.8476562,0.4523437,4.455239451639449,0.7875087343818757
2.19,2.1640625,0.025937557,0.30334759143221524,0.8492965723577663
2.06,1.9814453,0.07855463,0.7662103163871831,0.7833325482602974
2.7,2.8261719,-0.12617183,-0.6908208000925616,0.3123933583664717
2.2,2.0820312,0.1179688,0.9711347162601628,0.6958264580010189
1.71,1.6269531,0.08304691,0.753186675281557,0.7493961030473607
2.37,2.2714844,0.09851551,0.6248413605779511,0.48759215058093147
1.87,1.8320312,0.037968755,0.38101182051670884,0.7952980888806632
1.06,0.8754883,0.18451166,1.1049980584640506,0.42526096112176653
4.26,4.09375,0.16625023,1.7325997058298026,0.8102096533693046
-1.01,-0.7910156,-0.21898437,-61.126855069448865,0.9997354497354559
2.1,1.9980469,0.10195303,0.6505569736028163,0.49373758533448553
2.85,2.7148438,0.13515615,0.7229321886691364,0.27951885875901994
2.22,2.1855469,0.034453154,0.1892855830483906,0.3170813478535765
-0.51,-0.31396484,-0.19603515,-1.26773200851041,0.5070997251259644
2.5,2.2480469,0.25195312,3.4546561396697557,0.8903582562213159
0.89,1.046875,-0.15687501,-0.9354181866604153,0.42024830629163995
3.11,3.0058594,0.10414052,0.7466224085075566,0.5989638412933286
0.3,0.19482422,0.10517579,1.2195851159575388,0.8466960134072318
3.8,3.4453125,0.35468745,3.9670610106905615,0.8352217151041357
3.07,2.890625,0.17937493,1.1008465716097702,0.45271190101390674
2.49,2.3339844,0.15601563,1.2329314566752012,0.6699312070142823
0.83,0.85058594,-0.020585954,-0.14569892266474835,0.5884947210696327
3.96,3.5664062,0.3935938,3.363595335000165,0.7177492685124055
2.19,2.0566406,0.13335943,1.0151085516681781,0.6442306006280633
3.93,3.7324219,0.19757819,1.3640699054306238,0.5675351188688524
1.22,1.0869141,0.13308597,1.4600469943845615,0.8287317177673804
4.11,3.9511719,0.15882826,0.8739969705435829,0.31925919881898945
3.4,3.0273438,0.37265635,3.098415154045328,0.7018162907803778
0.91,0.8256836,0.08431643,1.0587695887748347,0.8692723011814353
1.21,1.1396484,0.0703516,0.770847598680722,0.8283052537680446
2.0,2.0351562,-0.03515625,-0.28020801284304075,0.6755183993583158
0.98,1.0556641,-0.07566404,-0.849807101148065,0.8365878033051727
0.61,0.6352539,-0.025253892,-0.15334291035558376,0.4409182442239128
2.47,2.4648438,0.0051562786,0.055746153094206594,0.8236444901397839
3.48,3.125,0.35500002,2.1232438009745467,0.4237603857079395
2.44,2.4121094,0.027890682,0.16202233850466227,0.38917814087886804
0.0,0.14440918,-0.14440918,-0.8167813101060496,0.35564662611329695
2.26,2.265625,-0.0056250095,-0.05068144479064232,0.7460813267569093
1.42,1.7060547,-0.28605473,-1.9918463553223769,0.5748592980561865
0.81,0.97216797,-0.16216797,-1.0251477823874904,0.48417394407063863
1.26,1.3154297,-0.055429697,-0.5691579045362033,0.8044915403396212
2.5,2.2246094,0.27539062,2.4791810808885293,0.7456522541160212
1.03,1.1123047,-0.082304716,-0.492825312863304,0.42507721878808974
0.9,0.7807617,0.11923826,0.6490532653600549,0.3043085748022543
2.56,2.5097656,0.050234318,0.3068493127034971,0.4475451440005512
2.4,2.3300781,0.06992197,0.42655397188469757,0.4461075781264747
3.99,3.4277344,0.56226563,6.651920478046845,0.852722951784531
3.0,2.703125,0.296875,3.275267031261681,0.8306442624535713
1.78,1.7822266,-0.002226591,-0.014542931867199993,0.5168042669541069
2.6,2.4335938,0.16640615,1.3799094999772914,0.7002331194497683
0.05,0.046447754,0.0035522468,0.043048456320248035,0.8596419921604073
3.15,2.9589844,0.19101572,1.8152644842627137,0.7717533102659032
0.41,0.46484375,-0.054843754,-0.32875273873432115,0.4263306189629334
3.3,3.1171875,0.18281245,2.6171958856891777,0.899426125995814
3.13,2.9863281,0.14367199,1.6910048989351607,0.8512008099057208
-1.04,-0.9897461,-0.050253868,-0.595896507356329,0.8533968171961948
3.1,2.8164062,0.28359365,2.2464973136821413,0.6715061075259006
4.2,3.9902344,0.20976543,1.4227355932737349,0.5519096969064898
3.14,2.9355469,0.20445323,2.9862796899925326,0.903378655082059
0.96,0.91064453,0.049355447,0.46115297497559893,0.7638835512182303
0.23,0.19677734,0.03322266,0.4028657846302498,0.8598173926234912
3.76,3.4863281,0.27367187,1.8659625040760748,0.5565950184795361
2.41,2.2167969,0.19320321,1.425509945857423,0.6213532237286751
2.6,2.7519531,-0.15195322,-1.56998262609677,0.8069026951198236
3.4,3.1054688,0.29453135,3.9282454348488938,0.8841190888565938
4.1,3.8867188,0.21328115,1.477199330463679,0.570292582918131
2.5,2.4882812,0.01171875,0.06504437700885127,0.3309028964063622
1.75,1.7890625,-0.0390625,-0.20158533109273397,0.22598691145277477
2.2,2.4960938,-0.2960937,-2.372390183135508,0.678905998718831
2.24,2.1660156,0.073984385,0.4392187812326244,0.4151231747280144
2.14,1.9755859,0.16441417,0.8970312660894463,0.30751654495965497
2.58,2.3652344,0.21476555,1.466015677472371,0.5576173453412009
2.2,2.0722656,0.12773442,1.148759662388171,0.745138853669815
3.03,3.140625,-0.11062503,-0.9201212512660698,0.7020367125552842
3.54,3.4472656,0.09273434,0.7592913661896243,0.6925246489676486
2.5,2.2929688,0.20703125,1.1656420234008034,0.3497393044541435
3.4,3.125,0.2750001,4.69692236036032,0.9293381483033549
2.58,2.4472656,0.1327343,1.9922872644748062,0.9085026555720808
2.6,2.6054688,-0.0054688454,-0.07113718339664461,0.8781728613781925
0.97,1.0683594,-0.09835935,-0.6102900981903815,0.4645675245944882
2.03,2.1777344,-0.1477344,-1.7472005785523568,0.8526249909354688
2.0,1.9189453,0.08105469,0.8237858230509091,0.8004398912345473
1.83,1.6894531,0.14054692,0.9940611921765284,0.587938061147033
2.52,2.6386719,-0.118671894,-0.8470657350094174,0.5954170214549926
1.32,1.0625,0.25750005,2.6409067993403834,0.8040277485403223
2.8,2.6621094,0.13789058,1.171038238703005,0.7141928334456862
1.3,1.3466797,-0.046679735,-0.2757179911378662,0.4091562526890482
3.37,3.09375,0.2762499,2.5108339520101266,0.7504748552690578
2.99,2.7050781,0.28492188,4.120466202048434,0.9014390248125219
3.0,2.9238281,0.076171875,0.6242204973815717,0.6930558722240819
-0.84,0.10534668,-0.94534665,-12.283920111500608,0.8779172500168029
2.4,2.3105469,0.08945322,0.7926935190980802,0.7375011331804917
4.3,4.2265625,0.07343769,0.6304589475093438,0.7203141554448452
3.3,2.9375,0.36249995,2.6234377478322064,0.6064313753897401
4.05,4.234375,-0.18437481,-1.0517097443385959,0.36648418588429554
1.91,1.7421875,0.16781247,1.401729425930342,0.7045621398519334
2.18,2.0351562,0.14484382,1.4455465294543872,0.7930421720298177
3.7,3.0996094,0.6003907,5.3323150725143655,0.7386741596770957
3.8,3.4101562,0.3898437,3.75108231189689,0.7773544880155909
3.2,2.8867188,0.3132813,2.256673425626027,0.6027374768890095
2.42,2.28125,0.13875008,1.8128725510060533,0.8792525403826349
2.4,2.2207031,0.17929697,1.327772405522551,0.6241238991965179
0.31,0.17346191,0.13653809,0.9843942415595331,0.6034338922639788
3.46,3.0957031,0.3642969,3.036893877719785,0.7033817704569766
3.15,3.0722656,0.07773447,0.5701510768561312,0.616828254081258
2.22,2.1230469,0.09695315,0.5514751636203558,0.36288467521805484
2.4,2.3144531,0.08554697,0.5785310708389261,0.5492850344924749
2.17,1.8847656,0.28523445,1.607991579676675,0.3513916932755647
3.29,3.2714844,0.018515587,0.13467745958708788,0.6103889913009337
0.51,0.50927734,0.0007226467,0.004482609273836594,0.46428182481199015
3.57,3.3613281,0.20867181,2.9716027174214217,0.8983535646077152
3.35,3.234375,0.115624905,1.0207744720161493,0.7355221766549531
0.07,0.042022705,0.027977295,0.1717073127843682,0.4527573265032666
1.69,1.7207031,-0.030703068,-0.34516601273102143,0.8369001434250198
4.37,4.1953125,0.17468739,1.2970684573211773,0.6261104028687272
4.28,4.1015625,0.17843771,0.9849526192643604,0.3234674601343841
3.08,3.0800781,-7.8201294e-05,-0.0007481021109318352,0.7747565318584205
0.38,0.3815918,-0.0015918016,-0.015895905531191436,0.7932938304862609
2.9,2.8066406,0.09335947,0.7932875385687481,0.7145029783005701
2.98,3.0273438,-0.04734373,-0.7932668922787651,0.9265769554381473
2.47,2.4335938,0.03640628,0.20529338795041296,0.3517407227155263
2.11,1.9042969,0.20570302,2.0525501425445434,0.7929668581301376
3.54,3.3925781,0.14742184,0.8654909990050209,0.4019401977497509
1.5,1.7978516,-0.29785156,-3.039399528670187,0.8020432706705266
2.63,2.8398438,-0.20984364,-6.077173446180663,0.9754226854131348
3.15,3.09375,0.056250095,0.346691625850451,0.4573673634256551
2.28,2.0292969,0.2507031,2.0537319529519626,0.6928305900973548
1.91,1.9511719,-0.04117191,-0.39006791734617363,0.7703493811328173
1.63,1.3867188,0.24328125,1.9218909030978515,0.6697020442868927
1.24,1.2080078,0.031992197,0.2097992408839411,0.5206790683368069
3.59,3.5078125,0.082187414,0.47994314608269123,0.395526685348542
1.58,1.2568359,0.3231641,2.608908119295347,0.6837177988828054
3.6,3.3730469,0.22695303,1.5041772802497486,0.5307330073775984
2.92,2.8046875,0.11531258,1.0281512239152442,0.7407101929395574
1.1,1.2539062,-0.15390623,-1.5180596690524784,0.788124479871557
2.23,2.0957031,0.1342969,0.7201228787135575,0.28308972073044875
2.01,1.8886719,0.121328115,0.8200173438520708,0.5487440766765945
2.9,2.6503906,0.24960947,1.2863061367254032,0.22378948389288497
1.96,1.7519531,0.20804691,1.353887532435789,0.5132527990337574
4.06,3.7675781,0.29242182,3.806471429828605,0.8783476552792433
1.69,1.2929688,0.3970313,2.8336080963328163,0.5953160077354015
3.51,3.21875,0.29125,1.7158237508441334,0.406073672276485
1.81,1.5654297,0.24457026,1.4426781317774553,0.4076007990510231
-0.29,-0.28588867,-0.00411132,-0.03830354037048377,0.76251796127906
3.49,3.421875,0.06812501,0.4880119158670728,0.5983031859123868
3.31,3.1464844,0.16351557,1.7132719803706584,0.8122362818404866
3.5,3.2949219,0.20507812,2.2452380062765616,0.828027108349096
1.59,1.5146484,0.075351596,0.4549661439629193,0.43457782466124095
2.25,2.1621094,0.087890625,0.5859764311648487,0.5362639092191431
2.9,2.8417969,0.05820322,0.3402064349188206,0.39666979340968983
4.1,3.7929688,0.30703115,1.8830346607412805,0.4519825956310183
2.61,2.4921875,0.117812395,1.2530273096193008,0.8177754085476265
3.6,3.3066406,0.29335928,4.219729724520089,0.9003731317262944
0.33,0.3491211,-0.01912108,-0.14348954602682853,0.6339584120512074
3.4,3.25,0.1500001,0.9266077372097455,0.45982147617727276
2.03,2.0527344,-0.022734404,-0.14070434222871414,0.46185635113913887
3.45,3.1914062,0.2585938,2.4831246754792278,0.7764445586840913
3.61,3.0859375,0.5240624,4.864271017548497,0.760736443239043
3.57,3.3476562,0.22234368,1.2479800446905245,0.3456947615924287
1.74,1.6767578,0.0632422,0.35594541306497446,0.34928145451976106
4.0,3.4453125,0.5546875,3.1699625779755958,0.3688471096655499
2.34,2.3476562,-0.007656336,-0.049973479631112136,0.516152104069162
2.08,2.0019531,0.0780468,0.9476794444028777,0.8601915713449296
1.1,1.3398438,-0.23984373,-1.9222730479217711,0.6790978257351473
1.77,1.6708984,0.09910154,0.9460859737961257,0.7738244178916296
3.7,3.546875,0.15312505,1.2182534259138533,0.6743408544473807
3.8,3.1757812,0.6242187,3.554868666737963,0.3644166381567528
1.1,1.0791016,0.020898461,0.26447140589608886,0.8712885258264507
2.26,2.1132812,0.14671874,1.0050131208092943,0.560687253187131
0.9,1.0585938,-0.15859377,-0.9694097708774605,0.44829925618351063
2.79,2.4980469,0.2919531,2.130224293458165,0.6128122892094223
3.26,3.1542969,0.105703115,1.1237420117451424,0.8176152894099566
4.05,3.8066406,0.24335957,2.947820169606219,0.8595114405894113
2.48,2.3476562,0.13234377,0.8255028788188244,0.47019518436768626
2.0,1.8212891,0.17871094,1.2652392090344964,0.5887526901241806
3.64,2.9570312,0.68296885,4.6711624164719385,0.5593457629901302
1.4,1.3652344,0.0347656,0.28101784290455345,0.6845156769724234
2.4,2.5683594,-0.16835928,-0.9211112985576049,0.31135406762458967
3.31,3.0625,0.24749994,3.3215896805066705,0.885553022277226
1.0,0.88916016,0.110839844,0.831733972603296,0.6339258893183956
3.69,3.6738281,0.016171932,0.16674314002676713,0.8061017178412243
3.65,3.6328125,0.017187595,0.09367501781021616,0.30604907173414125
2.37,2.2851562,0.084843636,0.6576092763688595,0.6568778410479116
0.79,0.93896484,-0.14896482,-1.5947071742193697,0.8201329393604344
2.67,2.6621094,0.007890701,0.0503093875439264,0.4929167866660322
2.48,2.3535156,0.1264844,0.6354414821922506,0.18328815944019897
2.0,1.9013672,0.09863281,0.6044414976113888,0.4511162464389712
-1.42,-1.125,-0.29499996,-3.005603611891251,0.8014240789686076
3.31,2.6210938,0.6889062,4.848518918906925,0.583851746527802
2.0,2.2226562,-0.22265625,-2.248699708476576,0.7979062226431172
2.42,2.3964844,0.023515701,0.1184402774655187,0.1874256192316226
2.48,2.2148438,0.26515627,1.4534177930743188,0.3139291902723489
0.68,0.71972656,-0.039726555,-0.4094643600453059,0.8059669575083935
1.3,1.3095703,-0.00957036,-0.056848486995177784,0.41579558793687477
2.37,2.296875,0.073124886,0.6443536644008184,0.7345224008896422
3.2,2.9707031,0.22929692,2.199807433420929,0.7760385813108538
2.4,2.4589844,-0.05898428,-0.49789002315772324,0.7106977576996291
1.9,1.8779297,0.022070289,0.1407674932910704,0.4932924672731281
3.94,3.5683594,0.37164068,4.6698416626647195,0.8694465736716871
3.88,3.7832031,0.09679699,0.6078919475224975,0.47734271610640366
2.66,2.7441406,-0.08414054,-0.4992211332172824,0.41444088520490074
1.34,0.95654297,0.38345706,2.676434255543987,0.5768772124296273
1.36,1.2021484,0.15785158,1.3689065171780923,0.7259080032973233
1.65,1.4033203,0.24667966,1.4807556505531965,0.4279341987418174
3.85,3.921875,-0.071875095,-0.8492684570833103,0.8523569638522246
2.82,2.5410156,0.2789843,2.5644611048538453,0.7560429303409627
2.1,2.0957031,0.0042967796,0.0245196969058532,0.3670024130330061
0.76,0.66259766,0.097402334,0.6577509977209458,0.5479756958868414
-0.18,-0.25512695,0.075126946,0.9007949957278074,0.8566209735755512
1.66,1.7128906,-0.05289066,-0.321649872032812,0.44263811258028635
2.5,2.4804688,0.01953125,0.10121721707421735,0.23246642711990487
0.87,0.7792969,0.09070313,0.6078465367484827,0.54101051066394
4.0,3.7128906,0.28710938,1.8452029524598588,0.5009402396141928
3.3,2.9277344,0.37226558,2.9368766144680514,0.6688075368939457
0.4,0.25317383,0.14682618,1.403105132491272,0.7742786452355208
3.65,3.2792969,0.37070322,1.9733228816237778,0.27255108237085335
3.3,3.0234375,0.27656245,2.8505720420527036,0.8059701802595497
2.78,2.8476562,-0.06765628,-0.43545999402484464,0.5024167236854523
1.5,1.3554688,0.14453125,0.8776395012219921,0.44096721079677204
3.6,3.6425781,-0.04257822,-0.33076706759121566,0.6584324752462374
2.62,2.5019531,0.11804676,1.631845268788137,0.8921310920850425
2.1,2.2949219,-0.19492197,-1.3138674742000305,0.5463044176799051
2.5,2.5039062,-0.00390625,-0.05112683990332501,0.8796715682017648
-0.54,-0.16381836,-0.37618166,-2.1005580940277775,0.33889272602276566
0.22,0.2529297,-0.03292969,-0.18141436000690758,0.3208307480004762
2.77,2.6074219,0.1625781,0.9098633386410644,0.3418606247306227
0.92,1.0136719,-0.09367186,-0.6965785072101752,0.6272443632498406
3.15,2.671875,0.4781251,2.706712914064043,0.356801865579926
3.42,3.3359375,0.08406258,0.46335497127624425,0.32154065958303535
2.35,2.3046875,0.045312405,0.2983994881486817,0.52468211069581
3.4,3.4433594,-0.04335928,-0.2453103551432343,0.3560110107584845
2.38,2.3457031,0.03429699,0.277118134389245,0.6842610254410728
2.5,2.203125,0.296875,1.4534477506618966,0.14000783707015388
-0.51,-0.54248047,0.03248048,0.2287861280024985,0.5845377748949082
2.06,1.9433594,0.11664057,0.9275588873423808,0.6740414658861218
3.45,3.0488281,0.40117192,2.660755578495214,0.5314055020551276
3.67,3.4941406,0.17585945,1.1492166723457895,0.517304022639144
3.28,3.3886719,-0.1086719,-0.5691896220934136,0.2486077851146231
2.88,2.8359375,0.044062614,0.28787535150498683,0.5170772667833659
3.42,3.3007812,0.11921883,1.2783526643955982,0.8207189406343871
1.18,1.2900391,-0.110039115,-0.7643816023006068,0.5728112430814489
2.3,2.2617188,0.038281202,0.36846064695746866,0.7774974430944257
1.95,1.7011719,0.24882817,2.204830983783537,0.7374605435092908
-0.01,-0.024398804,0.014398804,0.1314576677553074,0.7526983135797968
2.9,2.8476562,0.052343845,0.2794026007047812,0.27653679499573397
1.97,1.8564453,0.113554716,0.6159144888831841,0.2993266517943734
3.25,3.125,0.125,0.741235419931626,0.4137892395104322
3.6,3.3222656,0.27773428,1.885781157262711,0.5528816678862607
0.4,0.2097168,0.19028321,1.2708318291035536,0.537862878537233
2.15,2.2480469,-0.09804678,-0.587187825748254,0.4252768778403281
2.16,2.2167969,-0.05679679,-0.5490323072003888,0.7794038867856674
2.61,2.6230469,-0.01304698,-0.1059452926979084,0.6873900877734327
2.8,2.4824219,0.31757808,2.77395744215764,0.7298235255337127
0.99,1.0097656,-0.019765615,-0.16650891748506236,0.7095363589227495
0.8,0.87841797,-0.07841796,-1.1701980840184902,0.9074325356047053
3.3,3.3535156,-0.053515673,-0.3673533907295081,0.5625383769815072
3.12,2.7890625,0.3309374,1.926646050808904,0.39181755827324727
2.45,2.2832031,0.16679692,0.9117529349020433,0.31012911640356233
2.8,2.6425781,0.15742183,0.8813061747788341,0.3423083009814773
2.34,2.0957031,0.24429679,2.538722880536181,0.809124137903255
-0.87,-0.6040039,-0.2659961,-1.3449456058322422,0.19371759872379185
0.98,0.90283203,0.07716799,0.481061816311057,0.4695814956289297
1.3,1.1621094,0.13789058,1.1025101812873535,0.6775591552754339
0.47,0.46948242,0.00051757693,0.005000397730722983,0.7791553848022568
3.77,3.7421875,0.02781248,0.31118902111077673,0.8353442066143414
0.77,0.75390625,0.01609373,0.13732793829947032,0.7168987676937816
2.13,2.3574219,-0.22742176,-1.6449075371505606,0.6059719483813714
2.16,1.9365234,0.22347665,2.7245324778312208,0.8613159845163019
3.97,3.7578125,0.21218753,2.959735359509683,0.8940551049824073
3.32,3.3398438,-0.019843817,-0.20339235417691723,0.8037872350827499
2.6,2.4570312,0.14296865,0.8606846874363207,0.4312261830630248
3.29,3.0703125,0.21968746,1.2813883385015263,0.3941081707615858
3.0,2.9570312,0.04296875,0.44297223783306916,0.8060461030023574
2.4,1.9267578,0.47324228,6.55661550760019,0.8926124989926332
2.92,3.1074219,-0.1874218,-1.797636845462604,0.7759306941207018
3.1,2.3261719,0.773828,5.655246787739386,0.6140492601198715
1.52,1.1044922,0.4155078,2.805107472219545,0.5477220388173573
2.78,2.6894531,0.09054685,0.7578915794022143,0.7057756701196387
4.03,3.9042969,0.12570333,1.431762244979576,0.8411095209552024
1.84,1.7480469,0.09195316,0.7803156571261468,0.713754447760148
2.1,2.1289062,-0.028906345,-0.22772385245884436,0.6678644077851438
-0.87,-0.65478516,-0.21521485,-2.3180733153808757,0.8223209530181879
2.94,3.0175781,-0.07757807,-0.6579398256113315,0.7134161886567041
3.68,3.546875,0.13312507,0.9012340647466384,0.5502299138775795
3.33,3.5195312,-0.18953133,-52.90539299055851,0.9997354497354619
2.0,2.2363281,-0.23632812,-2.1237416299906537,0.7447454183963669
2.79,2.7792969,0.010703087,0.06179697102027303,0.38165648579779327
2.53,2.71875,-0.18875003,-1.3297140865228605,0.5846601506392058
3.91,3.84375,0.066250086,0.4810280277070949,0.6089986879316474
3.5,3.2070312,0.29296875,2.139004378957778,0.6133078670016986
2.86,2.4902344,0.36976552,2.0684180449446665,0.34124750171216234
-0.12,-0.012710571,-0.107289426,-0.86851640333079,0.6854397210231018
0.27,0.09185791,0.1781421,2.050607867591936,0.8444342499290302
3.18,3.046875,0.13312507,0.8805112580791261,0.5288101369398089
0.24,0.1459961,0.0940039,0.5252649111323611,0.3397915784415203
-0.59,-0.75341797,0.163418,1.2281256335366242,0.6350274086443956
1.6,1.5390625,0.060937524,0.3729721633450474,0.44974644810062864
2.12,1.9912109,0.12878895,0.9060501488773767,0.5835155341684523
3.2,3.3105469,-0.11054683,-0.8963519492669489,0.6864682553429521
1.54,2.6035156,-1.0635157,-10.227481006152155,0.777106961029345
2.7,2.9082031,-0.20820308,-1.1400286088242664,0.31247439589700843
2.52,2.3417969,0.1782031,1.1754577220785003,0.5262354081110802
0.94,0.7192383,0.22076172,1.8141744748770063,0.6947641731177008
2.66,2.3808594,0.2791407,2.148163571255793,0.6519370850001981
1.53,1.5185547,0.011445284,0.07053798522205502,0.4573083677846139
1.79,1.6982422,0.091757774,0.5655139885912072,0.4573183641702133
2.89,2.5800781,0.30992198,2.1886175671363515,0.5866565291493275
1.06,0.9345703,0.12542963,1.1425914858726522,0.7515926710354498
2.9,2.8554688,0.044531345,0.2508168740083574,0.3502231739101929
1.26,1.1542969,0.105703115,0.6917582978363674,0.5187032725205567
1.29,1.2089844,0.08101559,0.5024476867244431,0.46407804354011073
2.35,2.3105469,0.03945303,0.2726626286704447,0.5684257041684679
1.58,1.4023438,0.1776563,0.969234060302306,0.3074518967677302
2.3,2.7558594,-0.45585942,-3.1047130208206144,0.5556092258724736
2.23,1.9335938,0.29640627,1.8116205677960382,0.448194058742202
1.72,1.9091797,-0.18917966,-1.500596865466541,0.6723826492470381
1.41,1.1816406,0.22835934,2.429615967903237,0.8179006540371626
1.29,1.2236328,0.06636715,0.5577470217563679,0.7081377703558597
3.02,2.9609375,0.05906248,0.6575501133655544,0.8336925344609577
3.2,3.2246094,-0.024609327,-0.1596274957214121,0.5100743557175142
3.38,3.1992188,0.18078136,1.0598622005608889,0.4002716202473246
3.07,2.9003906,0.16960931,2.142717059041461,0.8708436393057016
4.23,4.1367188,0.09328127,0.9066281999967701,0.7817890534934779
2.0,1.9228516,0.07714844,0.6424887008618888,0.7027859275482093
1.5,1.9667969,-0.46679688,-3.698617790935483,0.6716605554893812
0.45,0.4050293,0.04497069,0.41212949481625405,0.7545642511739128
1.47,1.7714844,-0.30148435,-3.5305134351461653,0.8496858427550991
1.3,1.2099609,0.090039015,0.5874517404307665,0.5157572055970965
0.82,0.7416992,0.078300774,0.42594750403692055,0.30342795115251453
3.8,3.6347656,0.16523433,1.176026313965753,0.5930766954272368
0.53,0.36743164,0.16256833,2.0129007249252266,0.865546142018545
3.2,3.0605469,0.13945317,0.8986271499440002,0.5035862353849079
2.14,1.8671875,0.2728126,2.323749854820746,0.7158836665956751
2.1,2.0644531,0.03554678,0.320559302155817,0.7465280863745861
0.85,0.89941406,-0.04941404,-0.42890395169207335,0.7263933214785061
2.08,2.0117188,0.06828117,0.9146543338540647,0.8851227447927745
1.05,0.9350586,0.11494136,1.0782054724726176,0.7657413283068691
3.6,3.3222656,0.27773428,3.3970538053361867,0.862215549299641
2.7,2.5234375,0.17656255,1.569623433502954,0.7391731395798918
3.2,3.2226562,-0.022656202,-0.1622198792572785,0.5979202801368055
2.4,2.3046875,0.095312595,0.9257056723787377,0.781475150826886
3.01,2.8457031,0.16429687,1.317005345284738,0.6792035391805156
1.0,0.76416016,0.23583984,2.4568250673000644,0.8100532025969551
-0.83,-0.6308594,-0.19914061,-1.9251846003834385,0.7794429275479952
3.37,3.1074219,0.262578,1.5935974207329586,0.44036410976663165
2.5,2.3789062,0.12109375,1.3229946866531384,0.8273075523819491
2.81,3.1660156,-0.35601568,-2.1836059153906238,0.4520564475041715
-0.04,-0.13684082,0.09684082,0.6664944878394959,0.5648190348010561
1.3,1.3203125,-0.020312548,-0.1533455199965059,0.6383131673097513
-0.85,-0.71484375,-0.13515627,-1.9825281699528605,0.9041968532568392
1.6,1.5615234,0.038476586,0.31555972106875335,0.6935384248354235
3.7,3.5234375,0.17656255,1.0920595262322799,0.46117140125408723
0.63,0.8613281,-0.23132813,-1.2084030391596055,0.24459585497834402
-1.08,-0.69091797,-0.38908207,-3.987089538441977,0.8037016924760002
2.76,2.578125,0.18187499,1.209274180516906,0.5337246094891879
-0.1,0.022460938,-0.12246094,-0.6905908419480093,0.3518140268842045
1.9,1.9287109,-0.028710961,-0.17212111591902998,0.4264474030518869
-0.27,-0.43945312,0.16945311,1.4975052087882688,0.7360579932783815
3.49,3.2734375,0.21656251,2.5444364260869157,0.8506760635780587
0.68,0.7109375,-0.030937493,-0.3391434733349759,0.8284663249740187
1.27,0.8642578,0.40574217,3.199937667288423,0.668591729422545
2.89,2.9296875,-0.039687395,-0.38330661084030804,0.7790171053126338
0.92,0.80859375,0.11140627,0.9779195528958495,0.732478266208016
1.25,1.2431641,0.0068359375,0.0788254690188005,0.8449723629247449
1.15,0.9790039,0.17099607,1.9758158095260956,0.8456077723743461
3.6,3.5976562,0.0023436546,0.03262204650891726,0.8936075256744361
0.49,0.3659668,0.12403321,0.791419319972723,0.49369900894674285
2.54,2.5957031,-0.055703163,-0.5657527892871936,0.8001738157207179
3.98,3.5214844,0.45851564,2.692503193016717,0.40221921674101474
2.0,1.7285156,0.27148438,3.09840317962542,0.8417441010842611
1.7,1.5429688,0.1570313,0.8530638398901124,0.30151761090106055
2.16,1.7099609,0.45003915,3.659597657687225,0.688268998897346
3.9,3.9453125,-0.045312405,-0.24301676072441217,0.283348767210925
2.19,1.9697266,0.2202735,1.5454777467063958,0.5812594106361698
1.98,2.0292969,-0.049296856,-0.32920645037851554,0.5377809305799551
-0.92,-0.71484375,-0.20515627,-1.2988088590989413,0.485689751774969
0.57,0.64941406,-0.07941407,-0.9848165872038543,0.8659612765114503
3.9,3.53125,0.3687501,2.0679100375678794,0.34453865027332026
0.31,0.20996094,0.100039065,1.6470628121345734,0.923955989779945
0.75,0.6982422,0.051757812,0.708120022467204,0.8898754454125715
1.76,2.1074219,-0.34742188,-2.897501609975984,0.7036444537377029
1.99,1.9257812,0.06421876,0.350409050569048,0.3076602244390246
2.8,2.7011719,0.09882808,0.8832208935842278,0.7419118217795273
0.2,0.15649414,0.043505862,0.30781086055236484,0.58821191834927
2.17,2.046875,0.12312508,0.7198829080790702,0.3970026711256199
3.8,3.6875,0.11249995,0.6566136649429694,0.3948947356955833
0.51,0.35351562,0.15648437,1.000188575960783,0.49542675923597357
3.54,3.3945312,0.14546871,1.2682320213410843,0.7288011489484242
1.09,0.8461914,0.24380863,2.749773898203864,0.8379495447223219
1.09,0.9536133,0.13638675,1.1343501517617738,0.702013770068036
2.41,2.4277344,-0.01773429,-0.1660693201281918,0.7649312793244832
1.24,1.2119141,0.028085947,0.36903719458765,0.8806056012853638
1.92,1.9501953,-0.030195355,-0.24171851827629784,0.6783329821118474
2.61,2.5800781,0.02992177,0.163685608607208,0.3111896625093795
2.3,2.7363281,-0.43632817,-2.5599792632011367,0.4011753026627613
3.97,3.9726562,-0.0026562214,-0.02176166635647907,0.6928925640768362
3.27,2.8632812,0.40671873,3.842533393782604,0.7690600143512267
-0.3,-0.25390625,-0.046093762,-0.2679692002460336,0.39009718717304936
3.13,3.2148438,-0.084843636,-0.8835088737135312,0.8099084570107189
2.3,2.1054688,0.1945312,1.7855797579096073,0.7553382251083987
3.86,3.6992188,0.16078115,2.0821187567899138,0.8770848742887545
2.9,2.7890625,0.110937595,0.7239453566843458,0.5159480097128011
2.76,2.640625,0.11937499,1.1031634398118624,0.7586245663902076
2.23,2.3164062,-0.08640623,-0.5955862450200811,0.5661427168556413
1.5,1.4179688,0.08203125,1.1475026297679456,0.8946590167520379
2.04,2.0703125,-0.030312538,-0.22630280721672233,0.6301626144800624
-0.51,-0.19763184,-0.31236815,-1.6728013722567001,0.2812285153784918
3.26,3.1308594,0.12914062,1.195620748665714,0.7595167096956701
2.28,2.3710938,-0.09109378,-0.6580978949553108,0.6050496355082077
1.97,1.9755859,-0.005585909,-0.055183446498178815,0.7887891903148088
2.39,2.3671875,0.022812605,0.1295678712768271,0.360999499296666
1.18,1.0898438,0.0901562,0.5392288963605394,0.42377652609682015
2.89,3.0664062,-0.17640615,-1.0554676604994002,0.42418411033827413
1.33,1.2041016,0.12589848,0.8982806225006212,0.5950858052084994
2.39,2.2578125,0.1321876,0.8777324517573817,0.532476716608153
2.63,2.8945312,-0.26453114,-2.134015278251084,0.6832587461431592
0.52,0.43945312,0.080546856,0.5453309742557725,0.5502999439421574
2.4,2.2753906,0.12460947,1.2344039866653482,0.7899447421278833
2.43,2.28125,0.14875007,1.2180750363709711,0.6925939991578419
1.5,1.5615234,-0.061523438,-0.6904590682711543,0.8363366645770588
2.9,2.7382812,0.16171885,1.5741407600106312,0.7824394125672124
3.18,3.0078125,0.17218757,0.882912260717018,0.21600269434349947
2.88,2.9257812,-0.045781136,-0.6504411771368481,0.8978817990348151
1.64,1.7285156,-0.08851564,-1.1143148202668096,0.869932049987779
1.72,1.4775391,0.24246097,2.0884980854585,0.7221812278588644
3.75,3.7265625,0.0234375,0.1365563205999726,0.3927814297081154
0.62,0.6352539,-0.0152539015,-0.0926224620179383,0.4409182442239128
4.2,4.0078125,0.19218731,1.0164042485270335,0.2630083670765748
2.6,2.3183594,0.28164053,2.468759611621903,0.7317258762982886
3.3,3.1855469,0.11445308,0.699092632317245,0.44750088617688316
0.49,0.26782227,0.22217774,1.4693175712537212,0.528680022541069
4.31,3.9492188,0.3607812,3.6582781772937403,0.7995156784284217
2.32,2.0820312,0.23796868,1.5635539458641516,0.5225147469400803
2.41,2.3242188,0.085781336,1.0022580434458872,0.8490015124373821
2.42,2.4277344,-0.0077342987,-0.0483887886156297,0.4733786405465016
2.35,1.890625,0.4593749,2.580898128174938,0.34696133581550886
-1.36,-0.9824219,-0.37757814,-2.3741790029086762,0.4786458292450445
1.74,1.6298828,0.1101172,1.0036005053922596,0.7518383651559031
2.51,2.5058594,0.0041406155,0.023177609231917307,0.3421322238012282
2.46,2.2734375,0.18656254,1.6995456824104802,0.7516127575880357
2.76,2.6074219,0.15257812,1.572258390210984,0.8058744322459018
3.28,2.9453125,0.33468747,3.1055993803957014,0.7605944931782994
1.26,1.0322266,0.22777343,2.262946603326483,0.7911648537034643
1.38,1.3183594,0.06164062,0.5465355798998359,0.7377936484735269
2.55,2.4902344,0.059765577,0.9124259405241638,0.911559115341572
2.52,2.5214844,-0.0014843941,-0.01763996145409738,0.8540348265262215
4.28,4.0585938,0.22140646,1.3514572632388533,0.4467492260493019
2.6,2.5546875,0.045312405,0.5797559879516802,0.8740814187328828
4.02,3.8769531,0.14304686,0.924691542169866,0.5067024588083355
1.87,1.8017578,0.06824219,0.43156172919422536,0.48457417021944715
2.4,2.4082031,-0.00820303,-0.09209690850893511,0.8364673236461883
2.9,2.7734375,0.1265626,0.8484672196082396,0.5413444046819806
2.28,2.1640625,0.11593747,1.2994980790470267,0.8359249850808322
2.9,2.7226562,0.17734385,1.2607615049580325,0.5921387460382258
1.7,1.6494141,0.050585985,0.3009478559878945,0.4175964607600279
0.99,0.97021484,0.019785166,0.20417650463588496,0.8064407432047883
2.7,2.84375,-0.14374995,-0.8759655618810229,0.44487927512386305
2.76,2.5605469,0.19945312,1.9362011145851947,0.7812607064948798
4.4,3.7265625,0.6734376,9.801032780984851,0.9026811160718501
3.1,3.0078125,0.092187405,0.47270189925238004,0.2160026943434995
1.85,1.7714844,0.07851565,0.6019533311362836,0.6493023210297333
2.96,2.7558594,0.20414066,1.4610259708041318,0.5975710101385454
2.39,2.0820312,0.30796885,4.67524088424614,0.9105558996638047
2.25,2.0097656,0.24023438,1.5077175689686555,0.4766690767090849
3.29,3.3320312,-0.04203129,-0.28982878065709694,0.5664806679894129
2.1,1.9248047,0.17519522,1.9531500788746714,0.834148521206266
0.9,0.7290039,0.17099607,1.644731646946049,0.7771932992541043
3.38,3.2460938,0.13390636,0.7059667420744998,0.25838237585375917
2.89,2.609375,0.2806251,2.6166695261698907,0.7629164748688904
0.12,0.13598633,-0.01598633,-0.09813286370483543,0.4529654785602318
3.29,2.9882812,0.3017187,1.6699309587213373,0.3270953253017782
3.84,3.2539062,0.58609366,6.350675881016989,0.824434068726576
2.7,2.9296875,-0.22968745,-2.112793462912579,0.7563835893718935
0.6,0.47509766,0.12490237,1.2285727867767184,0.7869479846870852
-0.94,-0.7939453,-0.14605469,-1.3703710728236247,0.7658464705826054
3.01,3.0820312,-0.07203126,-0.6903190499975655,0.7755661347425872
0.12,0.36108398,-0.24108398,-1.2219669190264029,0.1976499320431937
3.75,3.6074219,0.14257812,1.1005000210625155,0.6540034441156541
2.83,2.9160156,-0.0860157,-0.7384159315022492,0.720295508272885
2.56,2.4082031,0.15179682,0.8274168590710164,0.30621853819703304
-1.08,-0.77783203,-0.302168,-1.675314014329456,0.32941996584430416
3.02,2.7265625,0.29343748,2.2876895215986006,0.6608568158362267
1.06,0.94970703,0.11029291,0.5747425487986387,0.24090769044298635
0.4,0.50390625,-0.103906244,-0.9413338262303604,0.7488448715952571
3.82,3.5859375,0.23406243,1.5486944573927772,0.5291549264238538
2.65,2.5253906,0.12460947,0.8720866820090553,0.57914849981326
0.6,0.6616211,-0.06162107,-0.33658913912886784,0.30911723233467453
2.9,2.703125,0.1968751,1.2515456561760696,0.4899247437134052
4.23,3.9746094,0.25539064,2.8338691677170726,0.8325841923485362
2.55,2.5488281,0.0011718273,0.01013429582134893,0.7243955862064669
2.5,2.2363281,0.26367188,2.372794174887986,0.7454614487644406
3.4,3.46875,-0.068749905,-0.8024315466930518,0.8486876766693412
3.13,2.3925781,0.737422,5.200976435342453,0.5856107472241754
0.48,0.4008789,0.07912108,0.9247296968756904,0.8490959398520035
1.3,1.2509766,0.04902339,0.37007317237723797,0.638275805703904
0.0,0.36401367,-0.36401367,-2.6281063583265274,0.6045463349307441
2.77,1.4355469,1.3344531,11.086203594421622,0.7013331499969487
1.73,1.8818359,-0.15183592,-0.7427162684560985,0.13851195353339157
2.3,2.1777344,0.12226558,0.745671160215677,0.4458085764159326
3.0,2.9882812,0.01171875,0.10914086430239806,0.7623521501629484
2.45,2.3554688,0.0945313,0.5946584395382836,0.4790906490665339
3.16,3.0878906,0.07210946,1.0411465202466081,0.9011203590823105
2.32,2.1953125,0.12468743,0.7476541480881919,0.42668941102685354
0.61,0.7026367,-0.092636704,-0.6286789136423141,0.5524366735381078
1.88,1.6943359,0.18566406,2.2703495095864614,0.8621469676589039
1.69,1.5332031,0.15679693,1.443076892952857,0.7566438840932322
2.81,2.5742188,0.2357812,1.4052876404110015,0.4197248728572397
1.71,1.7568359,-0.0468359,-0.3743048148583798,0.6772598558546562
1.2,1.1015625,0.09843755,0.5455085762039089,0.3287806094995951
1.55,1.6064453,-0.05644536,-0.5785444754672932,0.8037864101695736
1.59,1.5351562,0.054843783,0.3003130435507337,0.312531963465907
3.18,2.9960938,0.18390632,1.3755645139300947,0.6315509393063865
3.45,3.2050781,0.24492192,2.1593899887618173,0.7348209314282147
0.34,0.11077881,0.2292212,2.6801979148961834,0.8492275810971427
0.88,0.7397461,0.1402539,1.7210720851667656,0.863108063055559
1.6,1.6982422,-0.09824216,-0.7517990323663576,0.6480034552167568
1.41,1.3232422,0.08675778,0.521431063378423,0.42935089528330855
2.7,2.6367188,0.0632813,0.4694727066407232,0.6254790273247558
1.16,1.1376953,0.022304654,0.12144628813618019,0.3047058383782852
4.0,3.7480469,0.25195312,1.7388315721728655,0.5672166420412806
3.02,2.6679688,0.35203123,1.9935411408930703,0.3572263410181712
3.37,3.46875,-0.098750114,-0.7244380412629493,0.6169823319858144
0.48,1.1425781,-0.6625781,-6.696574095744083,0.7982029129421725
2.65,2.6113281,0.03867197,0.24205042318532158,0.47382889373832915
1.25,1.5078125,-0.2578125,-2.268387567864976,0.7337316718165621
2.38,2.4472656,-0.06726551,-0.6432681889417974,0.7746036787458238
3.0,2.8847656,0.115234375,1.5977167405807784,0.8927714044253581
0.7,0.7084961,-0.008496106,-0.06507501290610598,0.6486359108665275
3.07,2.9804688,0.08953118,0.55579673224913,0.4651121190952455
0.5,0.46289062,0.037109375,0.23823945388224702,0.49986643942567205
1.94,1.6992188,0.2407813,1.9279946811269426,0.6785007524259559
2.02,2.1171875,-0.09718752,-0.7542418570692802,0.657748138087155
1.33,1.1972656,0.13273442,0.7222478461087358,0.3037893275855759
2.17,2.0527344,0.1172657,0.7270627962809441,0.46377846276516094
3.92,3.6757812,0.24421883,2.158326329238683,0.7360813081351759
0.9,0.7192383,0.1807617,0.902784878557968,0.1735999300433414
0.58,0.6245117,-0.044511735,-0.43312835048079484,0.7822982505637754
3.15,3.0605469,0.08945322,0.47154302602686937,0.25818536753797283
2.0,1.8847656,0.115234375,0.8680166062595019,0.6367094328930026
3.63,3.421875,0.20812511,2.256564581927725,0.8246525185255901
1.65,1.6171875,0.032812476,0.2844101243135818,0.725631661111626
3.7,3.5976562,0.1023438,0.6022299246336837,0.40468821344010086
0.87,0.80322266,0.06677735,0.5339112180442893,0.6775470624982468
1.8,1.8662109,-0.066210985,-0.39556979078645826,0.42248940973388555
0.64,0.96191406,-0.32191408,-6.965704104365425,0.9559753431219398
2.46,2.1855469,0.27445316,2.0380588574615692,0.6261915408708837
2.9,3.0390625,-0.1390624,-0.8405695773860339,0.4358193038946942
2.51,2.6132812,-0.10328126,-0.6236628026568531,0.4346863721455295
2.65,2.4023438,0.24765635,2.551491019457211,0.8057965596070319
2.62,2.7558594,-0.13585949,-0.92778705317686,0.5579927137324279
1.89,1.3115234,0.57847655,5.114128513658847,0.7362610168226233
3.19,2.9570312,0.2329688,2.2221323993318287,0.7734303274258011
1.85,1.6953125,0.15468752,1.98247927746142,0.8745012644430478
2.96,2.5898438,0.3701563,3.607475480292075,0.7829750948713481
3.06,2.9082031,0.15179682,1.688173917931291,0.8333378231749681
2.61,2.6269531,-0.01695323,-0.09205877709952467,0.3009301240751101
1.48,1.3046875,0.17531252,1.0461957573669276,0.4211766542565627
2.78,2.7636719,0.016328096,0.17603925202228973,0.8226634849444411
3.0,2.8789062,0.12109375,0.6411406382464515,0.2646688997338009
2.9,2.7421875,0.1578126,0.8884859037771545,0.3496781761681775
0.4,0.35131836,0.048681647,0.41405778469726906,0.715059161615634
2.47,2.2128906,0.2571094,1.6320058036164795,0.48839048593191764
1.95,1.8515625,0.09843755,1.0902971496772442,0.8319734516372003
-0.28,-0.23596191,-0.044038087,-0.3686515069148838,0.7058485770149397
3.53,3.5566406,-0.026640654,-0.18365822288613684,0.5662743725075231
3.43,3.4257812,0.0042188168,0.024092271613633514,0.3679202002762617
2.86,2.8242188,0.035781145,0.20050090253101024,0.34351940345218523
0.06,0.13598633,-0.075986326,-0.46644573024799,0.4529654785602318
0.59,0.6376953,-0.04769534,-0.5190769358156248,0.8259658412791935
2.21,2.0585938,0.15140629,0.8311017031155973,0.3158905836013321
2.62,2.4960938,0.123906136,1.5584615570697162,0.8697014674866949
0.9,0.7319336,0.16806638,1.1326059753292892,0.5461105430181409
2.6,2.6132812,-0.013281345,-0.07768992424408223,0.3975779878060982
3.1,2.9316406,0.16835928,1.6914694354874102,0.7957829979342759
2.53,2.5117188,0.018281221,0.12747330560754586,0.5760467117199628
3.62,3.7402344,-0.12023449,-1.513828014944607,0.8699677315829177
0.1,0.12976074,-0.02976074,-0.22351125974482433,0.6345442940137108
2.12,2.0273438,0.092656136,0.5352321384548892,0.3822537928291887
3.69,3.6015625,0.08843756,0.9488997246795342,0.820948104470065
3.22,3.109375,0.11062503,0.5771740666369056,0.242750036078812
3.05,2.6835938,0.3664062,2.3808019189596608,0.5117691777731754
3.85,3.6933594,0.15664053,1.0677639397621985,0.5563873990823576
3.2,2.7832031,0.41679692,2.9782720173520305,0.5962929130711568
2.55,2.3339844,0.21601558,1.7134638958782034,0.6723830881474713
0.98,0.9458008,0.034199238,0.17733497561103387,0.23336235079361733
1.08,1.6542969,-0.57429683,-5.802666283380696,0.7980872517930385
3.99,3.8554688,0.13453126,0.7873256585533179,0.39815633409467643
2.9,2.875,0.025000095,0.2709027166982209,0.8244492464449231
0.6,0.578125,0.021875024,0.17220451227673567,0.6673756002994258
2.0,1.6318359,0.36816406,2.9889923264988703,0.6872629934941418
1.87,1.7871094,0.08289063,0.53849806627271,0.5115853634770436
0.8,0.68603516,0.113964856,0.8178356941759549,0.5997274066506036
3.7,3.6445312,0.055468798,0.4703902396588989,0.7133664720351031
3.4,3.2988281,0.10117197,0.9556112109808758,0.7689510326107275
2.4,2.2734375,0.1265626,1.3881323533307264,0.8286456715806509
3.67,3.5449219,0.1250782,0.7551537588152641,0.43449224449620943
2.85,2.5976562,0.25234365,1.829417689379452,0.6078022329585235
1.6,1.5185547,0.08144534,0.6727891608582096,0.6979209839072917
1.03,0.9394531,0.09054685,1.1786534481622868,0.8783476552792427
1.89,1.7578125,0.13218749,0.7199436970656151,0.30508817144600403
1.23,1.1318359,0.09816408,0.7964519130908988,0.6868645883248431
2.7,1.7402344,0.9597657,8.04040517401682,0.706288707369604
3.7,3.421875,0.27812505,2.392295207091039,0.7213899661094527
2.9,2.7382812,0.16171885,1.3016981473745122,0.6818391207112311
3.53,3.4140625,0.11593747,1.2527789960871916,0.8234593142524569
3.69,3.5039062,0.1860938,1.1912267748498404,0.49693855120537633
3.3,3.1640625,0.13593745,1.1130118949055843,0.6925144374684308
3.35,3.0507812,0.29921865,1.6671275012666915,0.335972924218332
1.6,1.5234375,0.076562524,0.5647500422252545,0.6211511037316331
1.79,1.7871094,0.0028905869,0.016851047352613575,0.3934531717456682
-0.35,-0.25170898,-0.09829101,-0.603584912744574,0.4533656369922167
0.05,-0.16748047,0.21748047,1.1802463198531323,0.30009146921013036
0.66,0.5854492,0.07455081,0.6256937358178648,0.7073643871305637
3.1,3.1914062,-0.091406345,-0.6696918015847263,0.6159844473302768
0.9,0.765625,0.13437498,1.1311825916054148,0.7091175881732678
2.72,2.6035156,0.1164844,0.7381304990544623,0.4866478941323429
2.6,2.4921875,0.107812405,1.1727823121813323,0.8257997642716404
2.6,2.5332031,0.06679678,1.0064678092116484,0.9092059560515564
3.21,3.0390625,0.17093754,0.9578392981946307,0.3434985718887851
1.2,1.0644531,0.13554692,1.78513154516551,0.8811538921451757
0.72,0.6357422,0.08425784,0.7863421282986813,0.763329757845273
-0.51,-0.36279297,-0.14720702,-0.8347432924782716,0.35894208867350075
2.17,1.9755859,0.19441414,1.060708841710157,0.30751654495965497
1.43,1.8681641,-0.43816411,-2.6518621927135397,0.4372470275187922
1.6,1.3222656,0.2777344,2.9624944605280588,0.8188283083875989
3.5,3.4628906,0.037109375,0.37388123362967673,0.7969298760688022
2.37,2.2246094,0.14539051,1.0821072632412196,0.627884648579608
2.23,2.0117188,0.21828127,1.3391472227725982,0.4523256795061663
3.01,2.7089844,0.30101562,1.5079642949183631,0.17862397540690655
2.89,2.9121094,-0.02210927,-0.1591776544189771,0.6023227959708829
4.26,4.0859375,0.17406273,1.0829825187710351,0.467505935895848
1.98,1.9570312,0.02296877,0.1652343771998139,0.6016904539615601
3.99,4.0390625,-0.04906249,-0.38104113201325035,0.6582554874395968
1.9,2.0390625,-0.13906252,-1.1295724068063542,0.6875804860997765
2.2,2.1269531,0.07304692,0.755972991900265,0.8075413756563616
2.09,2.0742188,0.015781164,0.16425250019745766,0.8097169143096324
1.22,1.1289062,0.09109378,0.5664367161887004,0.46688521206961353
3.72,3.4003906,0.3196094,3.0422701671787227,0.772495690395858
0.8,0.82666016,-0.026660144,-0.14938603013848678,0.3434752427333915
2.08,2.3613281,-0.2813282,-1.86212794651086,0.5295065400555783
3.0,2.984375,0.015625,0.09449856099172517,0.43644572380142815
3.4,3.3984375,0.0015625954,0.00997004089472009,0.49365646021147
3.4,3.09375,0.3062501,1.9396900654820832,0.48615294695524525
3.14,3.0820312,0.057968855,0.36546080593821506,0.4813744412226974
2.4,2.1328125,0.2671876,1.9687252883489692,0.6203281215374509
1.09,0.91015625,0.17984378,2.864182650303963,0.9187290139540246
2.7,1.9111328,0.78886724,4.825005942045967,0.4489915998634714
4.13,3.9316406,0.19835949,1.2020066573315318,0.43864408209127165
2.55,2.328125,0.22187495,1.378258632754049,0.4658033019434325
2.7,2.4492188,0.2507813,1.4771490333573036,0.4058614262780245
1.69,1.8769531,-0.18695307,-0.9628116945394656,0.22280756147230368
1.35,0.890625,0.45937502,4.069222485470913,0.7373012691961403
1.18,1.1933594,-0.013359427,-0.13427478394073125,0.7959517590488517
0.63,0.7368164,-0.10681641,-0.8916396085630726,0.7041692283301235
0.33,-0.14819336,0.47819337,3.4879239230279766,0.6125468591046446
1.6,1.3398438,0.26015627,2.1311838942156376,0.6928342107406641
3.1,2.9511719,0.14882803,0.9459956826142751,0.4898037721429147
2.16,2.0585938,0.101406336,0.556641203262221,0.3158905836013321
2.96,2.8105469,0.14945316,1.2348260925728654,0.698043269195
3.3,3.03125,0.26874995,3.3684423716137677,0.8687846521131916
1.2,1.1933594,0.0066406727,0.06646510258764295,0.7942296112071937
3.86,3.8984375,-0.038437605,-0.225852099930884,0.402950335180222
3.6,3.4707031,0.12929678,1.2055719396965692,0.7628979864599409
-0.58,-0.4819336,-0.09806639,-1.0123989436448049,0.8065881432441053
2.27,2.3027344,-0.032734394,-0.2843820117501458,0.7268819164679581
3.28,3.0917969,0.1882031,1.4852502700892267,0.6690210784863796
2.24,2.0234375,0.21656251,1.3118112949162761,0.4382153004210421
3.08,2.7636719,0.31632805,1.677955047248967,0.26741023136800707
3.98,3.5351562,0.44484377,5.11265369757136,0.8439483527561721
2.8,2.6835938,0.1164062,0.7729750245040333,0.5325152951791905
2.1,2.0625,0.037499905,0.25912734715414926,0.5683021193659017
0.02,-0.09136963,0.111369625,1.459222631963703,0.8799294536175303
4.38,4.0078125,0.3721876,4.0076468110248245,0.8222166686502779
0.17,0.19824219,-0.028242186,-0.32711084712716554,0.8463428388072372
3.76,3.5957031,0.16429687,1.287455222240093,0.6643084748941649
1.12,0.8774414,0.2425586,1.5077432185425206,0.4665119821942628
1.7,1.3935547,0.30644536,4.02695831941112,0.880629250906521
0.92,0.80859375,0.11140627,1.2504601164221574,0.8363840490283424
2.21,1.9707031,0.23929691,2.2871636336350982,0.7743549521853288
0.9,0.9238281,-0.023828149,-0.15714160728861334,0.5260371366330342
2.7,2.5292969,0.17070317,1.1664408895168392,0.5585273504466287
1.09,0.99902344,0.090976596,0.5645849431302843,0.46476208605170155
0.5,0.16772461,0.3322754,2.559916829686219,0.652711237077768
-1.18,-1.0605469,-0.11945307,-0.8671126372860032,0.608808232466532
1.16,0.9140625,0.24593747,4.4620245530571925,0.9373773319893163
2.5,2.28125,0.21875,2.7164094623270305,0.8663245231402543
2.22,2.1503906,0.0696094,0.630270471074784,0.748563690929466
2.69,2.5644531,0.12554693,1.3676413099118034,0.8262943768980268
2.18,2.0019531,0.17804694,1.1347868347185934,0.49255783970552386
3.3,3.2773438,0.022656202,0.11494299388334948,0.19914239035093365
4.24,4.2929688,-0.05296898,-0.527746598814451,0.7923469074475411
3.1,3.1347656,-0.03476572,-0.313387772513952,0.7463210344151432
3.58,3.3886719,0.19132805,1.6063278103964032,0.7075611847969078
2.4,2.1601562,0.23984385,2.263213108068757,0.7684992804100234
2.24,2.2070312,0.03296876,0.2337969569829287,0.5901040820819289
2.82,2.8300781,-0.010078192,-0.0644591307232951,0.49610223303834444
1.4,1.2841797,0.11582029,1.1847615918888792,0.803005799536229
3.56,3.4121094,0.14789057,0.9861670889266032,0.536418570070152
1.15,1.0830078,0.06699216,0.7071279329174911,0.8149887613388573
3.5,3.1914062,0.30859375,1.8438172017217236,0.42258958243986816
2.42,2.4101562,0.009843826,0.05652159589971739,0.3747623252426601
2.3,2.9042969,-0.6042969,-6.381370475475839,0.8151502209213258
1.0,0.8149414,0.1850586,1.4493198122155369,0.66392504814174
1.11,1.1494141,-0.03941405,-0.26232246960644573,0.5346527091586377
1.97,1.7958984,0.17410159,1.5847682214850756,0.7512173667710256
1.99,1.9814453,0.008554697,0.11754072543878802,0.8908110670927217
3.6,3.4863281,0.11367178,0.6550612570936003,0.3792916640304821
4.0,3.8222656,0.17773438,1.1155039454415712,0.47670482642504414
4.13,3.9121094,0.21789074,2.478118008384182,0.8406398734711567
-0.01,-0.040130615,0.030130615,0.16972346558215806,0.35035169239460273
2.19,2.046875,0.14312506,1.1624049686983866,0.6874910072313988
2.32,2.0898438,0.23015618,1.6963016890585383,0.6205232323788318
2.39,2.1230469,0.26695323,2.743483701085655,0.8048306217141714
0.29,0.31982422,-0.029824227,-0.15099290243702,0.19578639406289075
3.1,3.234375,-0.1343751,-1.308563221636258,0.782632685892078
1.74,1.7285156,0.011484385,0.05965362375845032,0.2360096414608516
2.99,2.9667969,0.023203135,0.19618208001097126,0.7116494828805502
2.68,2.8398438,-0.15984368,-1.9625757018040093,0.8632635786869747
1.19,1.0878906,0.10210943,0.6098236900002849,0.42207799974750887
1.26,1.0244141,0.23558593,1.6476886890442184,0.57860007085716
0.15,0.051513672,0.098486334,0.5652038271866078,0.3741246541664054
-1.48,-0.36938477,-1.1106153,-13.197436179038894,0.85401971249359
0.6,0.6616211,-0.06162107,-0.33658913912886784,0.30911723233467453
2.36,2.3085938,0.051406145,0.5150758065933857,0.7946787683906914
2.1,2.09375,0.0062499046,0.05908179380992411,0.7693329701487184
1.68,1.4023438,0.2776562,2.1639943941557727,0.6606494412157644
1.5,1.2705078,0.22949219,2.4512536909922997,0.8193219569935432
1.0,1.0615234,-0.061523438,-0.5071554926172853,0.6966492962702763
-0.53,-0.5834961,0.053496122,0.3683232491190981,0.5651570544876282
1.83,1.6699219,0.16007817,0.9804852960843453,0.4505500629112962
-0.84,-0.81640625,-0.023593724,-0.23812782876929292,0.797642751881105
2.63,2.53125,0.098750114,0.9342106423477627,0.7696799838519057
2.98,2.9101562,0.06984377,1.1929114433751165,0.9293381483033364
3.12,2.8417969,0.278203,2.2708407208044243,0.6906170388685247
1.91,1.8886719,0.021328092,0.1419253392840941,0.5344887285000693
1.5,1.5898438,-0.08984375,-0.7068596874744836,0.6669914374206388
2.09,2.1582031,-0.06820321,-0.42739268210821924,0.4750697923362819
4.2,3.9003906,0.29960918,1.6631759746497665,0.3310711504004947
-0.73,-0.67041016,-0.059589863,-0.4342549308610125,0.611848434315396
2.68,2.53125,0.14875007,0.9729183668613315,0.5181547054666219
3.1,3.1386719,-0.03867197,-0.38535386767627805,0.7924038743730174
2.0,1.7529297,0.24707031,2.4872060491522716,0.7965940342230846
2.71,2.6445312,0.06546879,0.42729024262515297,0.5160853827407126
2.3,2.2929688,0.0070312023,0.07698185990396186,0.8280395876673302
2.82,2.7636719,0.05632806,0.3920135285216663,0.5744079186913165
2.45,2.4394531,0.010546923,0.0679527542709782,0.5034265634200037
1.23,1.1757812,0.05421877,0.5098511618295823,0.7668912538096729
2.96,2.7636719,0.19632816,2.4178393659363184,0.8640884372830452
3.8,3.4726562,0.3273437,4.4872834416138145,0.8903049419493126
3.51,3.2441406,0.26585937,2.0305164501029984,0.646624048308332
0.48,0.55566406,-0.07566407,-0.8134580066040664,0.8216573376652867
0.67,0.4868164,0.18318361,2.567625024426596,0.8950805229371791
1.21,1.2568359,-0.0468359,-0.4672480113582087,0.7928862687897229
0.5,0.40844727,0.091552734,0.5220254097788707,0.3659763741167052
2.5,2.3476562,0.15234375,1.3443620485595045,0.7352945496051806
2.78,2.7929688,-0.012968779,-0.09145397864052639,0.5854861624081994
3.49,3.1542969,0.33570313,3.2702613944409293,0.7827839331802349
3.26,3.2167969,0.043203115,0.22732661161017806,0.25548121122539585
1.6,1.9287109,-0.3287109,-2.227002279802754,0.5509103857060862
3.45,3.3867188,0.0632813,0.36738136147303446,0.3884068644406565
1.13,1.0380859,0.09191406,0.5442411105269984,0.4120677568124292
1.6,1.3583984,0.24160159,1.9493319356905263,0.6833539642818742
1.7,1.6005859,0.09941411,0.737160693870173,0.6250979571565372
2.63,2.7050781,-0.07507801,-0.4367557615826857,0.39089198488445154
3.7,3.5273438,0.1726563,1.1817774066964495,0.5600132783340123
-0.7,-0.3322754,-0.3677246,-2.9771191752207056,0.6855156700661998
1.46,1.3515625,0.10843754,0.8353205048503891,0.652624566460237
2.6,2.46875,0.1312499,0.7299758300572078,0.333612073957594
2.8,2.5605469,0.23945308,2.97190300733378,0.8661810338134281
3.17,3.0839844,0.0860157,0.9240068345602567,0.8213713196453165
-0.06,-0.085998535,0.025998536,0.28216217438643076,0.8249966734746931
2.3,1.9072266,0.3927734,2.633559490129198,0.5414951485704833
3.28,3.1347656,0.14523435,2.0057307025356463,0.8919214493581725
3.53,3.2128906,0.31710935,3.4570497333365586,0.8265585410343829
1.68,1.7021484,-0.02214849,-0.23371319806293858,0.8148738132366173
2.4,2.5839844,-0.18398428,-1.3949049099421624,0.6413933693882399
2.1,1.8916016,0.20839834,1.3897912366463638,0.5365152283039857
2.72,2.5527344,0.16726565,1.0505839795223362,0.4774858162887584
3.1,3.125,-0.025000095,-0.315190518301621,0.8703169757456767
0.9,0.88916016,0.01083982,0.10474220012372952,0.7792265534450415
3.72,3.1914062,0.5285938,3.8010967076206077,0.6013678294656358
2.31,2.3398438,-0.029843807,-0.23705873694784307,0.6733049099170296
-0.09,-0.32055664,0.23055664,1.9097234512659729,0.6995581807999067
4.0,3.6640625,0.3359375,3.3040589131254987,0.7869078285770629
2.67,2.3964844,0.2735157,2.2668899377954626,0.699911230370315
2.69,2.6679688,0.022031307,0.2651991374048306,0.8577401302011642
3.11,3.0664062,0.043593645,0.2548279351672028,0.39674853420056194
1.79,1.7949219,-0.004921913,-0.04548521978176493,0.7586355054704755
0.69,0.67871094,0.01128906,0.10921293756919011,0.7797512350285573
2.83,2.78125,0.048749924,0.41942547545085307,0.7215261894689194
0.3,0.30541992,-0.00541991,-0.05282306751599897,0.7829883770399438
1.69,1.7021484,-0.01214838,-0.0749008951609047,0.4577384289899863
4.2,4.0039062,0.19609356,2.8335791818426825,0.9012807060803136
3.45,3.2890625,0.16093755,2.478398285534699,0.9130802143409391
2.4,1.8681641,0.53183603,6.0429000859031765,0.8403346133211135
3.36,3.3378906,0.02210927,0.14426757736706608,0.5158750997130357
2.1,2.1777344,-0.07773447,-0.6601966596786685,0.714223356937816
2.2,2.2910156,-0.09101558,-0.7407961692999283,0.6888426325994752
2.46,2.4140625,0.04593754,0.2602914602582733,0.35796059686887205
0.0,0.18139648,-0.18139648,-2.6226637969444018,0.9013905408472285
2.21,2.1445312,0.06546879,0.5706414998385058,0.7286761399823537
1.7,1.59375,0.10625005,0.6342008277694424,0.4214368805554782
1.79,1.4853516,0.3046484,2.856808658488578,0.7655870597600523
1.44,1.1816406,0.25835943,1.278199132763089,0.1578340201347355
1.88,2.3339844,-0.45398438,-2.2856383179281274,0.18677093483157056
1.5,1.2646484,0.23535156,1.723400281324319,0.6155782594474367
0.23,0.12335205,0.10664795,0.6134105537151946,0.3769130554678828
3.3,3.2988281,0.0011718273,0.016412594519671208,0.8949202955500979
3.58,3.4492188,0.13078117,1.0375933303952118,0.6725219420126713
2.81,2.6621094,0.14789057,1.493435212759568,0.7978590668073373
2.21,1.9804688,0.22953129,2.107287983266644,0.7554418758028886
3.47,3.3476562,0.12234378,1.1728699061552967,0.7757098606276344
3.1,3.0488281,0.05117178,0.3546619320146973,0.5708807682066697
1.6,1.3632812,0.23671877,2.111689111608736,0.7409691254270733
0.8,1.0332031,-0.23320311,-4.264325406075604,0.9383526944450657
3.65,3.2636719,0.38632822,2.5102846653783364,0.5117828753185012
2.3,2.4570312,-0.1570313,-1.006167056742448,0.49791373678140155
1.94,1.8251953,0.114804745,0.6113217969723201,0.27301407908356823
3.17,2.96875,0.20125008,1.7232172095753429,0.7188499605470482
3.1,3.1503906,-0.05039072,-0.5897262624056093,0.8494966093183354
-0.13,-0.23364258,0.10364258,0.9549453276250229,0.7571905826921101
1.81,1.4794922,0.33050776,2.0027759229385347,0.4386358508288598
2.9,2.859375,0.040625095,0.48600423412719984,0.8559694002693226
3.3,3.4433594,-0.14335942,-1.0917792218344262,0.6445905876497804
3.1,2.9453125,0.1546874,1.1720386272954013,0.6409357695584018
2.02,1.7851562,0.23484373,1.4381688070749463,0.45035244476964986
2.88,2.734375,0.14562511,0.7787617796084161,0.27920894331894586
3.0,2.6796875,0.3203125,3.476495849488978,0.8250111280311002
3.47,3.1816406,0.2883594,2.2984770924943896,0.6755603190660862
2.94,2.7285156,0.21148443,2.3422577221293666,0.831951927210105
0.82,0.8339844,-0.013984382,-0.1585127767142504,0.8395631570591016
2.6,2.4648438,0.13515615,0.8020182975957634,0.4146047572474953
2.34,2.3769531,-0.03695321,-0.23816997201190881,0.5037775184480666
1.02,0.88427734,0.13572264,0.8800198123025336,0.5096956258359211
3.57,3.2617188,0.30828118,2.2857250930292694,0.6250337925453758
1.11,1.1328125,-0.022812486,-0.3578026015433378,0.9162076599750959
3.57,3.3867188,0.18328118,2.1613709660965448,0.8517743985417613
1.38,1.4072266,-0.027226567,-0.31347661273326005,0.8445031574530225
3.18,3.0195312,0.16046882,1.065392060150907,0.5323634189187768
4.06,3.7714844,0.28851557,2.203448064649033,0.6465899020822247
2.88,2.8242188,0.055781364,0.28233591736270847,0.19537764728790094
1.7,1.3857422,0.31425786,1.8793566991598818,0.4236318773615075
1.3,1.1728516,0.12714839,0.9474441712788945,0.6287550449115987
3.8,3.6015625,0.19843745,1.2219426450879292,0.4563846270182841
2.87,2.1992188,0.67078114,3.5694803841266594,0.2720563375791658
2.8,2.8378906,-0.037890673,-0.4503986472739405,0.854113009981871
3.65,3.5996094,0.05039072,0.26905781765512143,0.27697054322568454
1.79,1.8837891,-0.0937891,-0.62342858428479,0.5334723280065492
3.2,3.3964844,-0.19648433,-1.545610629337577,0.666879219772593
2.14,2.8222656,-0.6822655,-7.709613709851526,0.8385687168532104
0.18,0.375,-0.195,-1.0805682432570376,0.3287089161849814
2.55,2.3164062,0.2335937,1.4943691838357023,0.49632251059675553
-0.27,0.09362793,-0.36362794,-2.919354139784828,0.6801936981759255
2.2,2.359375,-0.15937495,-0.903120313051482,0.3580591655821955
3.76,3.3300781,0.42992187,3.176181429351241,0.6223282065500502
1.58,1.453125,0.12687504,1.0532684343071728,0.700897285544784
3.01,2.8867188,0.12328124,1.288287489259827,0.8112380302940002
3.61,3.6640625,-0.054062605,-0.3622299758111779,0.540832385613364
1.2,1.1474609,0.05253911,0.32220102705408654,0.4519026865422924
2.87,2.8398438,0.030156136,0.24813081171001877,0.695535915592287
3.8,3.7929688,0.0070312023,0.042828118287302985,0.4444191217298903
3.0,2.7304688,0.26953125,1.4407564624337525,0.2785882922077305
2.9,2.6992188,0.20078135,1.205814118102213,0.428479149790357
4.17,4.1171875,0.052812576,0.34088828175834524,0.5052376421386074
3.1,3.0449219,0.05507803,0.4963746315427061,0.7462046134995878
1.62,1.5625,0.057500005,0.32990659073378964,0.37381902899032216
3.42,3.6738281,-0.25382805,-1.6465930712284527,0.5101616956961977
0.52,1.0644531,-0.54445314,-6.923954369848077,0.8725444610368364
1.57,1.3251953,0.24480474,1.3542462362177412,0.3264180229872808
4.2,4.0507812,0.14921856,2.2038147890731183,0.9054978723341723
1.58,1.6992188,-0.11921871,-0.8535564650767596,0.5978663731165472
2.63,2.6210938,0.008906364,0.06972620427950608,0.6636782421782476
3.02,2.7207031,0.29929686,1.9593140180264954,0.519003068474727
0.79,0.6040039,0.18599612,1.2446439404080345,0.5396760442404029
3.2,3.3046875,-0.10468745,-1.0674318565203247,0.8017309023224428
2.85,2.7558594,0.09414053,0.572026260118214,0.441700254965799
3.3,3.0703125,0.22968745,2.749945389544581,0.8561954953898653
1.39,1.4150391,-0.025039077,-0.12996034341767407,0.23482457759569073
3.2,3.0703125,0.12968755,1.3137632894169518,0.7991330895661021
-1.15,-0.66748047,-0.4825195,-4.344875091176187,0.7457732484415793
3.2,3.2539062,-0.053906202,-0.30456693312172683,0.3542594467610392
1.5,1.5263672,-0.026367188,-0.13127528009408396,0.16841280038197
1.98,1.7958984,0.18410158,1.0065144114931432,0.31036208276437727
2.48,2.5488281,-0.068828106,-0.9578038584797101,0.8935551730652295
2.5,2.6445312,-0.14453125,-2.2698948654342916,0.9164285147820587
3.0,2.8515625,0.1484375,1.6780948332792678,0.8387126337976218
1.69,1.7177734,-0.02777338,-0.2932976625535118,0.8151640834219486
3.14,3.0742188,0.065781355,0.3843357172886911,0.3961483964660945
3.15,3.0253906,0.12460947,1.6424586929161715,0.8813523130543669
2.86,2.8261719,0.03382802,0.3041364896750479,0.7449870767660066
3.6,3.4980469,0.10195303,0.7642800151812256,0.6331898434071299
0.76,0.6801758,0.07982421,0.8390839091989863,0.8134460058268232
2.08,2.140625,-0.060625076,-0.4334959135115545,0.5968369996724725
1.67,1.4853516,0.1846484,2.462931847047578,0.8841403076086547
1.2,1.0654297,0.13457036,1.6197029202937434,0.8577100630004045
3.2,3.109375,0.09062505,0.778587039059509,0.7207274539703917
1.57,1.3251953,0.24480474,1.883096084320177,0.6516299810565096
3.22,2.8847656,0.3352344,2.138847648634498,0.49361183095352035
-0.04,1.7207031,-1.7607031,-32.23275738042365,0.9384931592066893
1.75,1.6855469,0.064453125,0.4049322996524259,0.47776111452879344
-0.09,-0.27514648,0.18514648,51.68141604230422,0.9997354497354496
2.36,2.1640625,0.1959374,1.1529109282000036,0.4046268620078318
0.8,0.76464844,0.035351574,0.2668490033394554,0.6382300928716892
2.0,2.0664062,-0.06640625,-0.561216012100631,0.7113949718843658
2.04,1.90625,0.13374996,0.9200287887950674,0.5643571533338299
1.53,1.4414062,0.08859372,0.945723432438277,0.8191062018315948
3.0,2.7617188,0.23828125,1.769523034257702,0.6262223005752807
2.59,2.5507812,0.039218664,0.2219559133173002,0.3564263681682532
3.29,3.1386719,0.15132809,1.7077994295177354,0.8381504699285268
1.96,2.0878906,-0.12789059,-1.1722766305562329,0.7546630094917458
1.95,1.8203125,0.12968755,0.8047351287465655,0.4646513345023525
1.77,1.7597656,0.010234356,0.062003001353263844,0.43838112439040705
3.04,2.9433594,0.09664059,0.5042885598418666,0.2429806631122229
4.0,3.7929688,0.20703125,1.2610587016722432,0.44441912172989023
1.63,1.5859375,0.044062495,0.5108634338686818,0.8466532323499553
3.02,2.6621094,0.3578906,4.1123651915460915,0.8438782765453593
2.01,1.9033203,0.10667968,0.5353013359292091,0.18132255517897983
3.22,3.1503906,0.0696094,1.0513872175993135,0.909644097476709
0.38,0.38623047,-0.0062304735,-0.057783163108696196,0.7603455083448993
3.3,3.2070312,0.0929687,1.0798388259606158,0.8472076014201263
1.27,1.1845703,0.08542967,0.5320133103645592,0.4684813185124781
0.78,0.74853516,0.031464815,0.34630396263866114,0.8298305736419528
3.1,3.0820312,0.017968655,0.15320032693948663,0.7164316041269686
3.5,3.109375,0.390625,3.779218987249036,0.7797773210142255
1.07,0.74902344,0.32097661,3.3313221736994065,0.8086362812190584
1.7,1.7050781,-0.0050780773,-0.044375839318923666,0.7300697573513741
2.8,2.6132812,0.1867187,1.0862492059915652,0.39093620436572835
2.5,2.4160156,0.083984375,0.7201750237569918,0.7196716854652474
1.69,1.4316406,0.25835943,1.4199691412889839,0.31760330001735737
2.63,2.5546875,0.075312614,0.8943974404890133,0.8538427238188551
2.91,2.7695312,0.14046884,1.2097252938360727,0.7220718532481184
0.44,0.39013672,0.04986328,0.5324656336429194,0.8192307365933736
3.29,3.21875,0.07124996,0.3917842554461056,0.31825587823967016
2.75,2.5683594,0.18164062,1.54019064478477,0.7133030315134437
-0.4,-0.21643066,-0.18356934,-1.6262286961738242,0.7373465261060835
-0.58,-0.5810547,0.0010547042,0.010028549638985284,0.7720019288287063
2.57,2.3867188,0.18328118,2.1548482100876867,0.8508756783939845
1.61,1.796875,-0.18687499,-1.2176197247418512,0.5144599227117167
2.87,3.265625,-0.3956251,-3.394051633877091,0.7199233495384597
1.93,1.9658203,-0.035820365,-0.3311563491936589,0.7588207566753585
1.28,1.2744141,0.005585909,0.04885103620128361,0.730482963253624
-0.78,-0.5854492,-0.19455075,-1.103674756770202,0.35948441799660474
-0.98,-0.91259766,-0.06740236,-0.4330328782655307,0.5005930441749762
2.55,2.4550781,0.09492183,0.9282121903483523,0.7844322778990354
-0.78,-0.64404297,-0.135957,-1.54457051659317,0.8402893896113057
0.3,0.12841797,0.17158204,0.9739889924752037,0.36029217887855747
2.35,2.1445312,0.20546865,1.9935858077899424,0.7810386934512897
0.67,1.515625,-0.845625,-12.272494150928193,0.9021330551391354
2.26,2.2578125,0.0021874905,0.013583619015589717,0.4654264828004695
2.15,1.9033203,0.24667978,2.027589263232355,0.6948922514361174
3.38,3.4921875,-0.112187386,-0.8288620942961598,0.6223673078570786
0.67,0.91552734,-0.24552733,-1.3060585153247501,0.2715152084101805
3.99,3.6835938,0.30640626,3.0393674310825656,0.7905043819070486
2.3,2.1699219,0.13007808,1.7763989859286116,0.8894717553882502
0.87,0.9199219,-0.04992187,-0.6967332956341209,0.8941734467278502
3.4,3.6054688,-0.20546865,-1.4749307765719373,0.5999687063882747
3.53,3.3222656,0.20773435,2.2641775530478654,0.8264831149803917
0.64,0.48535156,0.15464842,0.8655263867739992,0.3419233892580423
4.25,4.15625,0.09375,0.9034394652105722,0.7780319204528285
3.09,3.25,-0.16000009,-1.2331962455467014,0.653005867270655
1.79,1.8173828,-0.02738285,-0.3985789109493567,0.9027085287602212
3.6,3.4433594,0.15664053,1.8350231630982128,0.8497995366501288
0.21,0.68359375,-0.47359377,-5.332478128683113,0.8374077330426957
2.4,2.5058594,-0.10585928,-0.7559433261901686,0.5957728477811295
2.47,2.3847656,0.0852344,0.8877540243925328,0.8099837942463324
2.9,2.7695312,0.13046885,0.7720772247557323,0.4113756244747261
2.71,2.6308594,0.07914066,0.5960956861312209,0.6366597587954672
3.09,2.9199219,0.17007804,1.7031050242838728,0.7944300131830014
0.74,0.8066406,-0.066640615,-0.5846924247734545,0.7322255399636477
1.97,1.8613281,0.1086719,0.767291511830344,0.5865149140346961
1.2,1.1572266,0.042773485,0.22923775625588824,0.2823328527792311
2.5,2.3398438,0.16015625,1.1763887425988577,0.617939490145762
3.8,3.2675781,0.5324218,7.972803855062411,0.9080745781613768
1.86,1.7314453,0.1285547,1.0893053535849024,0.7129069081945721
2.9,2.9355469,-0.03554678,-0.2744841318567531,0.6542898533267466
0.79,0.6303711,0.15962893,1.659395386721324,0.809247813937394
2.46,2.2460938,0.21390629,1.8601949120960535,0.727431109281708
3.27,3.2773438,-0.007343769,-0.03725755940516833,0.19914239035093365
3.32,3.25,0.06999993,0.5382746160906191,0.6513950578333608
0.6,0.6225586,-0.02255857,-0.1811196913825365,0.6802298818526059
2.41,2.484375,-0.074374914,-0.41097183437612095,0.32488940268411026
3.3,3.1445312,0.1554687,0.8448813155842961,0.30202378518244377
2.1,2.1035156,-0.0035157204,-0.023158745789757088,0.5249441542106084
2.13,1.7900391,0.33996105,2.3594841072440893,0.5720723942559729
3.22,3.21875,0.0012500286,0.012443420514288518,0.7919793552312587
4.5,4.1679688,0.33203125,3.2869808529855833,0.7896659132707199
0.97,0.8442383,0.12576175,0.931790491726688,0.6245028329654083
1.14,1.0126953,0.12730467,0.7775095554330992,0.4473841840436853
2.48,2.4082031,0.071796894,0.5026092399063119,0.5793736597120394
4.1,3.8027344,0.29726553,2.650038780008903,0.7406234356031224
2.56,2.3730469,0.18695307,1.1572302978003008,0.46201311460560324
3.64,3.3535156,0.28648448,2.01542071203922,0.5834982296113858
-0.37,-0.22253418,-0.14746583,-1.8508292024752755,0.869143237407502
3.6,3.5292969,0.07070303,0.8688928349786763,0.8635134979922956
3.42,3.3085938,0.11140633,0.9141280040569602,0.6938376609665263
1.24,1.0830078,0.1569922,1.306821272119908,0.7025117396698752
3.6,3.2402344,0.35976553,2.0444260008145987,0.3616742030377316
0.86,0.7631836,0.09681642,0.6127923339141341,0.48546196351314314
3.0,2.7910156,0.20898438,1.4849646295208916,0.5917356085225983
1.86,1.6708984,0.18910158,1.1082447104317807,0.3998427538920382
3.69,3.3417969,0.34820318,2.972387679181353,0.7171210348302374
2.5,2.4589844,0.041015625,0.29979099497118894,0.6141596984052888
2.0,1.9746094,0.025390625,0.2143490970350888,0.7107658600814315
-0.56,-0.35668945,-0.20331055,-1.9087740410936251,0.7661394993721722
0.46,0.41015625,0.04984376,0.2637930149785039,0.26406227108193475
1.18,1.0527344,0.12726557,1.2686792010910546,0.7925734619009139
2.4,2.3398438,0.060156345,0.3056704779415927,0.20163409097645457
2.68,2.65625,0.023750067,0.1645166851417566,0.5704083249769603
4.35,3.8828125,0.4671874,5.172524992417713,0.8318398276694614
1.92,1.7539062,0.1660937,1.410282541983191,0.7140828639434355
4.42,4.015625,0.40437508,2.46543065333863,0.44546461339728416
1.2,1.0615234,0.13847661,1.1079130326077,0.6779764797936054
2.87,2.9238281,-0.05382824,-0.6784065343244431,0.8702263874567066
1.81,1.6328125,0.17718744,1.6176191019621935,0.7526798876741174
1.9,1.8710938,0.028906226,0.19335669007083886,0.5393082085608913
1.8,1.71875,0.08124995,0.722590307101506,0.7393798117053718
3.18,3.3007812,-0.12078118,-0.8653234109201414,0.5984055145057164
2.69,2.5742188,0.11578131,0.9532548587841836,0.6959080454817693
3.57,3.4453125,0.12468743,0.9246513959655505,0.6251690891749164
-0.2,0.28564453,-0.48564452,-5.378658689124738,0.831951322494592
3.89,3.7675781,0.12242198,1.179785815677296,0.778048264644851
0.83,0.6333008,0.1966992,2.8197242001365335,0.8996914342224774
4.01,3.6191406,0.3908596,4.718226793623436,0.8585411777519844
1.5,1.2373047,0.2626953,1.6568874556591602,0.4818390088166361
3.41,3.5800781,-0.17007804,-1.6566849932041252,0.782748545986067
2.3,1.9228516,0.3771484,2.698553940334302,0.5973678994629191
0.8,0.9091797,-0.109179676,-1.333117248135684,0.8617411335261582
2.9,2.8867188,0.013281345,0.08459241184003803,0.4918786849084726
-0.41,-0.4543457,0.044345707,0.6350010786085621,0.8994689259495842
0.83,0.47143555,0.35856444,2.0684037034301115,0.3805448045372872
2.09,2.1445312,-0.054531336,-0.2752101217838589,0.1906999710104399
3.29,3.3125,-0.022500038,-0.12332659077084601,0.31388147614089285
0.66,0.5263672,0.13363284,0.8616228551145151,0.5041640000772157
1.8,1.6640625,0.13593745,0.8245631782485175,0.439756964491887
3.25,3.046875,0.203125,1.4344209885958141,0.5866484390165791
2.08,2.0175781,0.0624218,0.514498982143298,0.6965762260439675
1.01,0.8886719,0.121328115,0.8627615155392382,0.5923499851869699
3.32,3.4199219,-0.09992194,-0.6468859052352726,0.5081729161401302
2.63,2.4960938,0.13390636,1.8983170857315708,0.8974322064873796
-0.96,-0.46435547,-0.4956445,-3.6731586115106825,0.6246751467708419
2.2,1.8896484,0.3103516,4.230530170398264,0.88906604400015
3.15,2.8457031,0.30429697,3.518536275229501,0.8458238206787387
4.21,3.4941406,0.7158594,3.7513460981316977,0.24936761031744303
3.62,3.4453125,0.17468739,0.9358255191658705,0.2817437557632235
2.8,2.484375,0.31562495,3.1664844936974044,0.7951980835209318
1.1,1.0429688,0.057031274,0.5081138037229307,0.7403129785269512
1.5,2.3105469,-0.8105469,-7.167437933889701,0.736382354029544
1.78,1.4775391,0.3024609,1.844732438480784,0.4458621385142837
-0.35,-0.5341797,0.1841797,1.1380503980911314,0.46010837642701813
0.16,0.24951172,-0.08951172,-0.7574060903641587,0.7120955821413066
2.41,2.0546875,0.3553126,2.691510138182883,0.640767822835991
3.44,3.1933594,0.24664068,3.1426574966927046,0.8730357621301092
3.52,3.4316406,0.088359356,0.5692229476512921,0.5033089080152273
0.74,0.65234375,0.08765626,0.9616559427442606,0.8287334626045954
3.0,3.2558594,-0.25585938,-2.0245817670286588,0.6707861372235854
1.47,1.5830078,-0.113007784,-0.6488070986334293,0.37463781133276747
3.2,3.3359375,-0.13593745,-0.9375791915820834,0.5666803135999005
2.74,2.5273438,0.21265626,1.3767407378003482,0.5081891535493082
2.77,2.4375,0.33249998,2.3076964405087104,0.5720707456802374
2.75,2.7402344,0.009765625,0.08822632014483717,0.7474485632109552
1.31,1.1425781,0.16742182,1.2059172854766191,0.6026848246444565
3.33,3.1425781,0.1874218,1.2654443146832446,0.5478315950158985
2.8,2.5957031,0.20429683,2.886984684274285,0.8967760741186667
3.9,3.6875,0.2125001,1.8128950111235058,0.7167831822013554
2.8,2.8105469,-0.010546923,-0.07458899454240545,0.5878568303953995
1.5,1.2207031,0.27929688,2.93645268354639,0.8135200146603416
1.69,1.65625,0.033750057,0.2858584595276818,0.7126620315683744
3.0,3.0332031,-0.033203125,-0.2713779032481862,0.6914290458692167
1.8,2.0566406,-0.25664067,-2.1988611866015386,0.7191972019151734
3.14,2.9746094,0.16539073,0.9452994943383606,0.3689997019357736
3.6,3.4355469,0.16445303,1.2333605321933139,0.6335204448205185
3.4,3.2753906,0.12460947,1.0143775312605905,0.6889365773048748
1.7,2.3144531,-0.6144531,-6.057923552063792,0.7879316007670221
2.2,2.0273438,0.1726563,1.313920453143435,0.6440632836695269
2.18,1.9804688,0.19953132,1.220286663094498,0.44888212710730274
1.73,1.6621094,0.067890644,0.6054280388108795,0.7407964860113488
1.2,1.2236328,-0.023632765,-0.13722399207030644,0.38861461194754443
3.7,3.5449219,0.15507817,0.9956971287559149,0.49997360710976513
2.08,1.8066406,0.2733593,1.7093098420543678,0.47280388088030106
2.88,2.8027344,0.07726574,0.6488637824732638,0.707710677580834
3.0,2.8515625,0.1484375,0.8887656945011998,0.42501199521537514
3.24,3.0136719,0.22632813,3.414440032841286,0.9094300357733749
1.33,1.3964844,-0.06648433,-0.6458633881998774,0.7815744816820082
2.41,2.296875,0.113125086,0.6868300328839698,0.440802299457147
0.51,0.6660156,-0.15601563,-0.8500307153851486,0.30559459360427105
2.59,2.1152344,0.47476554,2.394300998797748,0.18951128758669622
-0.63,-0.37939453,-0.25060546,-2.2104304362182043,0.7350441849415089
1.46,1.3261719,0.13382816,1.4395598982488418,0.8218517165568148
2.95,3.5898438,-0.6398437,-5.186616903922642,0.6862920352986314
2.5,2.4960938,0.00390625,0.0527112584100749,0.8867966215438139
0.19,0.07678223,0.11321777,1.6040019810687483,0.8973011717905659
3.89,3.1445312,0.74546885,7.142118686666384,0.7754303979799074
1.5,1.3457031,0.15429688,2.2986266803698374,0.907119731559616
3.0,3.0957031,-0.095703125,-0.5264536956785061,0.31879477809779394
3.89,3.8476562,0.042343855,0.2588339226556037,0.4483234991298485
2.81,2.9101562,-0.10015631,-0.5777306350504274,0.3804848938246428
2.9,2.9453125,-0.045312405,-0.2506288556345864,0.3262199227332434
1.2,1.1816406,0.018359423,0.09083081639663954,0.15783402013473558
1.06,1.1083984,-0.048398495,-0.26446713408804173,0.3096546896798386
3.0,2.7578125,0.2421875,2.1052871469487693,0.7272109972355871
1.79,1.8896484,-0.099648476,-0.9174932874515587,0.7568458893947335
-0.15,0.038879395,-0.1888794,-2.6660446933781694,0.8965381051890461
-0.79,-0.7104492,-0.0795508,-0.5174193206281754,0.5127521431155192
2.38,2.2578125,0.122187614,1.382265222705322,0.8389288732944266
1.2,1.0537109,0.14628911,1.5490716289364654,0.8161654719366852
1.74,1.6894531,0.050546885,0.5439447026182793,0.8219977997349728
2.93,3.1503906,-0.22039056,-1.8079925489905617,0.6937057915173374
4.01,3.6679688,0.34203148,2.2636731759626434,0.5294012219847407
2.7,2.4902344,0.20976567,2.062204578450991,0.7867193612963238
2.27,2.4628906,-0.19289064,-1.247994935896883,0.5075719673881239
3.36,3.0488281,0.31117177,2.017170795211756,0.5094750241959775
2.7,2.4414062,0.2585938,2.3799675733578716,0.7566450320850225
1.6,1.6416016,-0.04160154,-0.3384968594160509,0.6886451839973972
2.92,2.7285156,0.19148445,1.0039230369888008,0.2500845917528918
3.1,2.8164062,0.28359365,1.9367013710899033,0.558008633235858
2.77,2.5273438,0.24265623,1.3578771866774701,0.3417240337033581
3.5,3.4960938,0.00390625,0.02344251578892357,0.42765522442665693
3.07,3.0742188,-0.0042188168,-0.023710564037622693,0.34740515026722724
2.3,2.265625,0.034374952,0.5307279789034913,0.9135258443925781
2.2,1.9082031,0.29179692,1.8785190788899193,0.5026337838201038
0.8,0.63183594,0.16816407,1.267602064644301,0.6372172282229415
1.72,1.4316406,0.2883594,1.5848519684685878,0.31760330001735737
3.72,3.3769531,0.3430469,1.7932713534139701,0.24567053272023692
2.65,2.5019531,0.14804697,1.4003236244723516,0.7695969068153479
3.78,3.6621094,0.1178906,1.1447604746659144,0.7813874121749974
-0.81,-0.7402344,-0.06976563,-0.474553487891898,0.5544886666030864
1.28,1.5566406,-0.27664065,-1.7064053328193247,0.45823157202532727
1.5,1.3076172,0.19238281,1.4186861961716832,0.6209417608906896
2.57,2.6640625,-0.09406257,-1.180624514846568,0.8691552971430158
3.2,2.5078125,0.69218755,4.79738504132756,0.5708743256250602
2.95,2.8476562,0.1023438,0.6977887826140412,0.5565739762632569
1.75,1.7373047,0.0126953125,0.1178007499545368,0.7605930418719565
1.71,1.5742188,0.13578129,1.235441703017098,0.7510102766652594
4.12,3.7460938,0.37390614,4.834976455036612,0.8767228617256944
3.5,3.6015625,-0.1015625,-0.5458618727323804,0.2864123395095653
2.1,2.0957031,0.0042967796,0.03596129439375403,0.7057194096346464
2.54,2.2363281,0.30367184,2.345628262281381,0.6545089915244989
2.76,2.515625,0.24437499,1.9852831731885356,0.6876692959168318
2.16,2.046875,0.113125086,1.0643501319654067,0.7671399991866961
1.4,1.3535156,0.04648435,0.334467517419534,0.6018453966812064
3.3,2.9941406,0.30585933,3.583287711054028,0.8498151290652194
3.26,3.3535156,-0.093515635,-0.5028471063201166,0.2870769976119981
1.84,1.8378906,0.0021094084,0.018843839272310856,0.7416974826549192
3.41,3.2265625,0.18343759,1.7435671900485799,0.7718369234893135
2.8,2.8789062,-0.0789063,-0.7040732267609486,0.7410989803061458
2.47,2.5175781,-0.047578096,-0.3634303180298906,0.6467209342066552
3.9,3.7285156,0.17148447,1.0165503793388975,0.41340566124796335
4.3,3.9746094,0.32539082,4.053575324616912,0.8671748931336564
2.2,2.1113281,0.08867192,0.7473446523901424,0.7098139865978669
1.69,1.4423828,0.24761724,1.9551798924280963,0.6693759685472886
2.17,2.1484375,0.021562576,0.2224951643539566,0.8063996077751886
1.8,1.6494141,0.15058589,0.9208652631909392,0.44878317495208386
3.0,3.0605469,-0.060546875,-0.6062769189189117,0.7944168652919013
0.36,0.33666992,0.023330092,0.2510130735950602,0.8219318185001169
2.99,2.859375,0.13062501,0.9647468865682212,0.6221042681291787
3.58,3.7285156,-0.1485157,-1.000985999750411,0.5462310010877387
3.9,3.6523438,0.24765635,2.124403991166202,0.719862795716115
1.54,1.5761719,-0.036171913,-0.43195702653755896,0.8554533733776581
2.52,2.5351562,-0.015156269,-0.1475624700009802,0.7825402575888913
1.35,1.1777344,0.17226565,3.1133203739526567,0.9368903416739301
1.29,1.1171875,0.17281246,1.1549106070633208,0.5384705036714658
-0.51,-0.36328125,-0.14671874,-1.271682813672263,0.7256154433983124
3.5,3.1601562,0.33984375,2.4105015181216447,0.5902774718515754
2.8,2.7050781,0.09492183,0.9928641795683529,0.8115923281622325
3.0,2.890625,0.109375,0.7914361260990638,0.6063135391708208
2.86,2.8125,0.047499895,0.2475109176365893,0.24082365378875947
4.14,4.0234375,0.11656237,1.026545327018916,0.7342296433439462
4.3,4.0625,0.23750019,2.0203909719967874,0.7151585585214226
0.9,0.92089844,-0.020898461,-0.1490731442382516,0.5948872713945541
3.14,2.8886719,0.25132823,1.4308712409365845,0.36404333506863124
1.35,1.2685547,0.08144534,0.5503665049401636,0.5485865030771995
1.66,1.4833984,0.17660153,1.4032582419251272,0.6735175778565714
1.17,1.1015625,0.06843746,0.9103061109222678,0.8834911542084241
2.1,2.0839844,0.01601553,0.15831207141544804,0.7890397479267216
4.3,4.1992188,0.10078144,0.8276086745318466,0.6943269538187371
1.32,1.1669922,0.15300786,1.0858576091946361,0.5907131041557233
3.23,3.0820312,0.14796877,1.435239291783641,0.7809024207147877
3.4,3.3789062,0.021093845,0.1272899971825709,0.4339314195020189
1.03,0.90283203,0.12716794,1.9695369600821562,0.914064404476152
2.6,2.4980469,0.10195303,0.6301504092988898,0.46041742780215517
1.0,0.7260742,0.27392578,3.236321318868279,0.852324436207065
1.3,1.2402344,0.059765577,0.6147254687749004,0.805156504480534
1.84,1.7177734,0.122226596,0.8287306670914489,0.5516153872898796
0.4,0.5083008,-0.108300775,-0.6811889024575691,0.4789563698313498
0.62,0.4729004,0.14709961,1.147719890304292,0.661391903284895
2.71,2.046875,0.66312504,7.349809607005829,0.8322027796556383
-0.88,-0.8955078,0.015507817,0.1537612928095052,0.7903217447437911
3.03,3.0800781,-0.050078154,-0.2996444869950171,0.42425507251622663
1.6,1.6005859,-0.00058591366,-0.003024061120498661,0.22619380476681203
2.78,2.3671875,0.41281247,2.0590520125370873,0.17145314753775007
2.78,2.6777344,0.1022656,0.8305885906266193,0.6875120489516358
2.3,2.0625,0.23749995,1.59692723576674,0.5440650489430292
1.32,1.6279297,-0.30792964,-2.0751982924726424,0.5461316908796322
0.74,0.7529297,-0.012929678,-0.0831269732853367,0.5013020665702499
3.0,2.6328125,0.3671875,3.7363805306610867,0.8009236526921582
1.5,1.2412109,0.25878906,2.031337976170424,0.6654403609793376
4.1,3.859375,0.2406249,2.1904891521917786,0.7512603472238508
1.3,1.2226562,0.0773437,0.5550749570329084,0.5997855783406637
-0.58,-0.48266602,-0.09733397,-0.9436309217921901,0.7806838494340557
1.21,1.0869141,0.123085976,1.365782746754218,0.832582833077934
3.27,3.0195312,0.25046873,3.413534710259376,0.8890200635288664
2.18,1.8759766,0.3040235,1.545255030648226,0.20207866661474216
0.89,0.69873047,0.19126952,2.2493841776402177,0.8509574274580473
2.76,2.8828125,-0.12281251,-0.7839090018329316,0.4940588585213774
3.37,3.3867188,-0.016718864,-0.14411015187528806,0.7225590971647244
2.8,3.0527344,-0.25273442,-1.9138892830937935,0.6405477046007352
3.7,3.4589844,0.24101567,1.7957253288796147,0.6286727337744382
3.97,3.5878906,0.3821094,4.159672327652093,0.8260584654537764
0.78,0.66796875,0.11203122,1.1728683343937578,0.8119273226571446
1.25,1.3994141,-0.14941406,-1.904247025453729,0.8730939097476742
1.92,1.8398438,0.08015621,0.5414838351434322,0.5483007050546133
2.91,2.7460938,0.16390634,1.892851853214818,0.8454374330154154
-0.2,-0.18969727,-0.010302737,-0.13767803907811424,0.884569121336384
2.7,2.3476562,0.3523438,2.428817390431239,0.566199925461628
2.33,2.0820312,0.24796867,1.5318311798837392,0.4598456028944656
2.43,2.2890625,0.14093757,0.7803319423051062,0.3275796369250006
3.79,3.5488281,0.24117184,2.121696542391223,0.733662246109447
2.25,1.6826172,0.5673828,3.413847078644844,0.43060937410917105
0.08,0.13195801,-0.05195801,-0.42988030427546314,0.6988686269778485
0.7,0.7836914,-0.08369142,-0.6201806580204255,0.6246196739557105
1.8,1.8037109,-0.0037109852,-0.021338826743294043,0.3765760906418266
3.4,3.3613281,0.03867197,0.4436105462396366,0.8433483535762739
2.28,2.1582031,0.12179685,0.8399822497776224,0.5666109269544894
1.88,1.2832031,0.5967969,6.059205104537532,0.8000286150598129
1.6,1.4599609,0.14003909,0.9369562235140794,0.5395250338367358
1.92,1.8261719,0.09382808,0.4821993775373405,0.21952593651726288
3.2,3.0957031,0.10429692,1.054145989553952,0.7982156150470936
1.9,2.0625,-0.16250002,-0.9591595863673764,0.40834137147212823
2.71,2.7949219,-0.08492184,-0.8421613690230253,0.7903985828089839
1.3,1.2451172,0.054882765,0.3394606823367453,0.4611857271468043
1.27,1.0986328,0.17136717,1.25130740865197,0.6133898092077612
2.17,2.2070312,-0.037031174,-0.21066181218206415,0.36304403247550054
3.0,2.7441406,0.25585938,1.7516969871182584,0.5602247428245681
2.1,1.6142578,0.4857421,3.2643752123298726,0.5435876125310025
3.34,2.5644531,0.7755468,6.096288820281021,0.6663961700336237
2.82,2.6132812,0.20671868,1.1631703454772153,0.3489431617781312
1.2,1.1484375,0.051562548,0.5819809295692996,0.838192996530536
2.01,2.0703125,-0.06031251,-0.8764547798593182,0.9023883039559607
0.5,0.5473633,-0.04736328,-0.261844276763144,0.3255597507442224
3.5,3.2871094,0.21289062,1.6732494375783724,0.6663141533113611
1.72,1.6025391,0.117460966,1.649016618451772,0.8954116864465724
2.77,2.7363281,0.033671856,0.3775082134351282,0.83600621601054
3.04,3.0078125,0.03218746,0.16962349443430355,0.25775455790789364
0.4,0.44873047,-0.048730463,-0.34961666076563297,0.5995365185314494
1.56,1.3613281,0.19867182,2.227888714157546,0.8360801183665239
1.61,1.7060547,-0.09605467,-0.48217203698608574,0.1819515150488661
2.3,2.2460938,0.053906202,0.31279623519145733,0.38778984774208725
2.05,2.1484375,-0.09843755,-0.5772692481209366,0.4006081766413896
4.48,4.3085938,0.17140627,1.8428057489678453,0.8216634442273061
-0.46,-0.4255371,-0.0344629,-0.8391198329097816,0.965230237052257
2.77,2.5644531,0.20554686,1.2405389883694582,0.43409057370041654
2.54,2.2324219,0.3075781,2.06473050104861,0.5425642283094801
2.67,2.7734375,-0.10343742,-1.0021284302710272,0.7803886853516715
2.71,2.7949219,-0.08492184,-0.6613166170367883,0.660088407908876
2.38,2.25,0.13000011,0.8896460676244321,0.5598516985493227
0.86,0.8383789,0.021621108,0.1624721810472841,0.634957053462087
-0.49,-0.43188477,-0.058115244,-0.35984530662092473,0.46235633571103313
2.49,2.4628906,0.027109385,0.3884083872809357,0.8995827775085348
2.8,2.5292969,0.27070308,2.542181360060163,0.7662673336433883
1.48,1.2041016,0.27589846,2.648418340463662,0.7762971812986506
2.14,2.1640625,-0.024062395,-0.16343944873768398,0.5532032378324115
0.8,0.5522461,0.24775392,2.317724113556811,0.7644605413993002
0.32,0.4638672,-0.1438672,-0.7515206400345021,0.24458115845919381
2.33,2.4980469,-0.16804695,-1.3291430340750667,0.6704935466220808
-0.14,0.05859375,-0.19859375,-1.5848681446107884,0.6763385532866397
3.62,3.6972656,-0.07726574,-0.48051516276675815,0.4670262431184172
2.97,2.9160156,0.053984404,0.41508749182997556,0.651338968709238
2.4,2.2324219,0.16757822,1.146398124954458,0.5595361182895597
2.99,2.9179688,0.07203126,0.6157975221414675,0.7179590092497292
3.18,2.9941406,0.18585944,1.1450222142077127,0.45689034940018686
1.29,1.0986328,0.19136715,3.23732734679479,0.9279709592286113
2.5,2.4628906,0.037109375,0.4488622707601062,0.8591077309488105
1.5,0.90527344,0.59472656,3.775288920236444,0.48845908864138154
3.24,3.1835938,0.05640626,0.48328913880326463,0.7192067779644697
3.83,3.5351562,0.29484367,1.8672612468911138,0.4860515654593321
0.05,0.37280273,-0.32280272,-3.2016546209035464,0.790457797489889
2.11,1.953125,0.1568749,1.9340179626600014,0.8643774274762285
2.72,2.7128906,0.0071094036,0.041322504986125365,0.3898464433145665
2.26,1.9599609,0.30003905,1.7343931547119344,0.3831116646886933
0.79,0.59033203,0.19966799,1.0769719236994575,0.2914765677343356
2.42,2.3085938,0.11140633,0.6093376925468782,0.3109516340151787
2.6,2.3984375,0.2015624,1.1182665392845956,0.33030895874071536
3.38,3.4023438,-0.022343636,-0.1795656517029134,0.6808408983734405
2.27,2.2050781,0.064921856,0.3877122183710624,0.42202511692850414
0.29,0.33374023,-0.043740243,-0.27443168870384727,0.4763513971544551
2.23,2.1347656,0.095234394,0.7176915424165806,0.6370405759796717
1.94,1.9179688,0.022031307,0.2778819240571279,0.8704295322406608
3.86,3.5703125,0.2896874,2.788134007337102,0.7774754160340063
0.8,0.6484375,0.15156251,1.93948387247092,0.8741198268860303
1.68,1.7744141,-0.094414115,-0.6288285975051736,0.5353185108391115
1.77,1.6005859,0.16941404,1.195914144668395,0.5863386940627385
2.13,2.0175781,0.11242199,0.9290950499768473,0.6981936812347975
0.47,0.38061523,0.089384764,0.6453032911951379,0.6045010566739396
3.67,3.5429688,0.12703133,0.7727982764142671,0.4430253064964997
-0.48,-0.2631836,-0.2168164,-1.3828897738300947,0.4932949904135134
2.88,2.5859375,0.2940626,2.0775134264961643,0.5870114247257687
3.65,3.4453125,0.2046876,1.4409484337319443,0.5840584964795461
3.44,3.28125,0.15875006,1.1512146911144399,0.6080224243168079
2.84,2.7988281,0.04117179,0.3330920502020952,0.6850678246922005
0.54,0.3269043,0.21309572,1.197091735345447,0.3468082426406726
1.91,1.7548828,0.15511715,1.7806539658437284,0.8435748133418343
1.19,1.2080078,-0.018007755,-0.13972373716413983,0.6576070121402452
1.56,1.5,0.059999943,0.4643839934361074,0.6558931829119004
2.38,2.3339844,0.04601574,0.5404427808629584,0.8505625464888504
4.49,4.7851562,-0.29515648,-2.9384466170871897,0.7920230912728861
0.84,1.5830078,-0.74300784,-9.511169976735887,0.8742045326975476
-0.71,-0.50439453,-0.20560545,-2.1537242767557445,0.812139655566559
1.94,1.7919922,0.14800787,1.8163131854069319,0.8631218167689158
2.73,2.7851562,-0.05515623,-0.5378605769512143,0.7832316741083252
3.9,3.7480469,0.15195322,1.8636680569936508,0.862965858930835
2.6,2.4765625,0.123437405,0.7206454657493483,0.39522151245025766
3.37,3.1992188,0.17078114,1.0921233438917974,0.49593969083855727
1.7,1.7460938,-0.046093702,-0.8798995796399536,0.9434330122324515
2.05,2.2109375,-0.16093755,-1.9706138657539445,0.8625142211952677
3.0,3.0566406,-0.056640625,-0.3628562945883201,0.4977350886299763
3.15,3.1640625,-0.014062405,-0.08839071641147188,0.4782626109694999
4.14,3.5957031,0.54429674,4.034778013677505,0.6248730505399244
2.07,1.8222656,0.24773431,1.5547181171424098,0.47662246223834687
3.15,3.21875,-0.068749905,-0.8504763636979141,0.8653005596066656
3.47,3.2460938,0.22390628,1.416383198164094,0.4848696961744947
2.64,2.5917969,0.04820323,0.3699640630185292,0.650071523200105
3.3,3.0429688,0.2570312,2.454164270259609,0.7738948130617038
-0.03,0.48999023,-0.5199902,-2.998065400748187,0.3799107389119721
2.03,1.9570312,0.07296872,0.8094196077867452,0.83247789597323
4.21,4.1210938,0.08890629,1.3060936445217488,0.9044870160870732
-0.69,1.0068359,-1.696836,-14.598443120452469,0.7215079896687236
0.74,0.74365234,-0.0036523342,-0.020527400236396622,0.34744186101732694
3.93,3.8496094,0.08039069,0.5995125250729978,0.6293524807828302
1.63,1.53125,0.098749995,0.7026478205901863,0.592858992078025
2.5,2.3476562,0.15234375,1.6251635545489835,0.8188654808591344
2.23,2.0175781,0.2124219,2.2839969686557664,0.821699075345229
2.53,2.3984375,0.13156247,0.8863194835286274,0.5458183942266861
0.2,0.3828125,-0.1828125,-1.6631709070042153,0.7509514083104488
2.4,2.6152344,-0.21523428,-1.1335301769223218,0.2568049691308112
-0.6,-0.52246094,-0.07753909,-1.005088943851065,0.8773186757742979
2.11,2.1015625,0.008437395,0.054344781982197936,0.5031249855587614
2.91,2.7363281,0.17367196,1.0144540848318901,0.3958556576457235
1.17,1.1113281,0.058671832,0.33342688256421116,0.3617303949923851
0.8,0.7055664,0.094433606,0.5250493781297803,0.3331948651349411
1.6,1.2509766,0.34902346,2.7572873927923043,0.6697131674953617
2.98,2.734375,0.24562502,1.314936603381337,0.28074703461116746
0.44,0.43774414,0.002255857,0.020960021411638104,0.761226694082605
0.84,0.83935547,0.000644505,0.006218644572763136,0.7785849021456279
-0.4,-0.45751953,0.057519525,0.4959943935219613,0.7227809063875
3.5,3.0878906,0.41210938,3.146975046793136,0.6465040211139182
3.0,3.0039062,-0.00390625,-0.023081712402700502,0.40962208028635083
2.49,2.3105469,0.17945313,1.0431674574687835,0.38998554768199983
1.48,1.4833984,-0.0033984184,-0.030282668281084696,0.7403959227690288
2.62,2.1074219,0.512578,2.872685375148773,0.3437188909068304
0.55,0.4248047,0.12519532,1.8802760459855676,0.9086141236250852
3.51,3.4160156,0.093984365,0.5765494222661142,0.45224767134555816
-1.2,-0.94628906,-0.253711,-2.6461412918058413,0.8105046437309277
2.93,2.796875,0.13312507,0.7449824587575941,0.34177606433963204
1.99,1.2363281,0.7536719,6.772473159238765,0.7447203877020798
3.02,2.7558594,0.2641406,3.981769694725295,0.9092881229439712
1.52,1.4033203,0.11667967,1.067324474606519,0.7536551293211651
2.3,1.9511719,0.34882808,4.018980447799712,0.8447122599583892
2.4,2.4960938,-0.096093655,-0.7705847528518927,0.6794508082132419
4.1,4.109375,-0.009375095,-0.09122401025874453,0.7822896098580872
3.1,3.3457031,-0.24570322,-1.767820275741613,0.6018088861562199
3.5,3.2792969,0.22070312,1.8380074246989948,0.7027865013182135
-0.94,-0.5996094,-0.34039062,-9.001090954317506,0.970521121169948
2.3,2.3183594,-0.018359423,-0.10957715900539704,0.4213392089763191
2.53,2.5527344,-0.022734404,-0.13914201838236684,0.44970366319592736
3.21,3.1582031,0.051796913,0.3439223344621021,0.5324445915425403
3.21,3.2011719,0.008828163,0.0631999899584796,0.5977900869459215
1.0,1.0908203,-0.09082031,-0.8016028499376777,0.7353977294406184
2.0,1.6757812,0.32421875,2.8678272461947643,0.7365389799312183
2.38,2.3789062,0.0010938644,0.009183866379902641,0.7075699595016388
3.74,3.109375,0.630625,6.539960143082152,0.8083370073430626
2.79,2.5664062,0.22359371,1.99699632349483,0.7415891595305631
3.2,3.3535156,-0.15351558,-0.8936289978291156,0.3916738549739701
3.42,3.3945312,0.025468826,0.2310521067892633,0.7495367077664931
1.5,1.1787109,0.32128906,1.9609211464850387,0.44662732463838584
1.9,1.7666016,0.13339841,1.219851328049422,0.7534905280670089
2.83,2.9101562,-0.08015633,-0.43814880558950475,0.31011225134176507
4.18,4.1054688,0.07453108,0.692170511584989,0.7610017554373832
1.1,1.0283203,0.07167971,0.5392067437800129,0.635726185995538
3.6,3.3261719,0.27382803,3.8697996264556673,0.8967892499959897
0.8,0.75927734,0.04072267,0.25831390278716726,0.4877016269764507
3.46,3.1328125,0.32718754,2.682228629193392,0.6932758239868889
2.7,2.6230469,0.07695317,0.6479617378426696,0.7092629197149053
1.9,1.8164062,0.083593726,0.5314955123733199,0.4900891509057397
1.25,1.2861328,-0.036132812,-0.44331654139832405,0.8630627033425814
2.55,2.3964844,0.15351558,0.8808850802661202,0.3739450127015737
2.87,2.7851562,0.084843636,0.9382344778008811,0.8314371555776959
3.12,3.3867188,-0.26671886,-3.068902847035861,0.8443004796614577
0.78,0.8310547,-0.051054716,-0.39913337079944916,0.6627268727876717
-0.42,-0.18041992,-0.23958007,-1.8193390138194072,0.6425459849971219
2.44,2.4355469,0.004453182,0.04302197266781492,0.7791454348386309
2.47,2.96875,-0.49874997,-3.9313480202306352,0.6682362944841388
2.19,2.0546875,0.13531256,1.2425038408689297,0.7555293026059627
0.49,0.52685547,-0.03685546,-0.19819317951367196,0.2871923832708714
2.34,2.2304688,0.109531164,1.0274419197579294,0.7657352563219009
0.53,0.6855469,-0.1555469,-1.0883798724863156,0.5789750577730686
3.61,3.3222656,0.28773427,2.1671663147137776,0.636633583146757
3.93,3.359375,0.57062507,3.911258924738359,0.5612525099681879
1.81,1.7285156,0.08148432,0.5221350406994897,0.49797138077432773
2.59,2.4902344,0.09976554,0.6674880802495393,0.5395100391608159
3.4,3.0488281,0.35117197,2.3882597520302795,0.554320501222966
1.89,1.5478516,0.34214842,3.525358808028067,0.8058360841211277
4.09,4.0976562,-0.0076560974,-0.07054555319893502,0.75721508335683
2.8,2.7832031,0.016796827,0.1034903857614313,0.45699904794297563
1.71,1.6464844,0.06351566,0.5741266820369222,0.747714494480383
2.26,2.3828125,-0.12281251,-0.878032624986398,0.5967169277538897
3.3,3.2890625,0.010937452,0.06747548636347328,0.45839035969194364
2.28,1.8173828,0.46261716,3.215000974304233,0.5731971170161442
4.31,4.0390625,0.27093744,2.773536739440087,0.8032945936069017
-0.04,0.20324707,-0.24324706,-1.6443893392291802,0.5489424157581384
1.3,1.2216797,0.078320265,1.1642030644629855,0.9067096105459093
2.46,2.4277344,0.032265663,0.20186657031228109,0.4733786405465017
2.62,3.0019531,-0.38195324,-3.6123694356942253,0.7695471065608244
3.27,3.0761719,0.1938281,1.6039122656227007,0.6989640417332729
3.15,2.6933594,0.45664072,2.9773345619119462,0.5151135107665655
2.32,2.2617188,0.058281183,0.2991078879518903,0.21738696670086777
0.64,0.62060547,0.019394517,0.12348585414142192,0.4915250033464038
0.66,0.6904297,-0.030429661,-0.4416988392527307,0.9021664510404759
1.86,1.8291016,0.030898452,0.3362316287337016,0.8259225975311648
2.09,1.8496094,0.24039054,1.4493888176547283,0.43296349596762385
2.74,2.2265625,0.5134375,4.986978421142846,0.7815025885563363
3.02,3.1992188,-0.17921877,-1.1443468045996574,0.49441084968154053
1.16,1.2128906,-0.05289066,-0.327329343365841,0.4618118197122784
2.52,2.3691406,0.15085936,0.8216162547000715,0.3050516294353325
4.1,3.2382812,0.86171865,6.8223082909371335,0.6711374682117448
1.6,1.4423828,0.15761721,1.0794126295053141,0.5604802688281105
2.59,2.4746094,0.11539054,0.6314033514937597,0.31154948757107204
3.97,3.8847656,0.0852344,0.8143602848572039,0.774190208323841
3.18,2.9589844,0.22101569,1.6866191805506192,0.6460366994467928
0.72,0.80078125,-0.08078122,-0.8690940334998732,0.8219125228302626
0.94,0.7885742,0.15142578,1.873515353831894,0.8653422954287527
2.44,2.4492188,-0.009218693,-0.06343441152689386,0.5646536163233148
3.5,3.1933594,0.30664062,2.2504019736014658,0.6172763756800888
2.68,2.6035156,0.07648444,0.5526037234146935,0.6051204195191904
2.52,2.2851562,0.23484373,1.7768500648377916,0.6399171265513369
0.18,0.18518066,-0.005180657,-0.0642119828605098,0.8658212969699501
3.22,3.2382812,-0.018281221,-0.18643452651795564,0.8017999243861867
3.37,3.15625,0.21374989,1.1815371386128963,0.32537393699407524
3.01,3.0214844,-0.011484385,-0.07674099524697525,0.5383565426280191
3.43,3.3164062,0.11359382,1.2526668891691213,0.830494312167896
1.94,1.7705078,0.16949224,0.9383484384603816,0.32746099111773885
3.36,3.3730469,-0.01304698,-0.12091417993196285,0.7599997990598767
3.7,3.5253906,0.17460942,1.3222654379996714,0.6405453152308134
1.0,0.9223633,0.07763672,0.6602868542447075,0.7150195092121547
3.5,2.9355469,0.5644531,3.8592735491472627,0.5590486001430438
2.16,1.7587891,0.40121102,3.599901401965557,0.7439583663476514
2.2,2.2851562,-0.0851562,-0.526272960392327,0.4602948720063875
2.67,2.1113281,0.55867195,4.520953231182734,0.6852253174388182
1.95,1.8955078,0.054492235,0.43293516859797115,0.673435027709382
3.35,3.1503906,0.19960928,1.5027057372521826,0.6362863053959432
2.95,2.6445312,0.3054688,2.2177076038814203,0.608914937971566
3.1,2.9726562,0.12734365,0.9748802256081341,0.6482790930724602
2.9,2.8144531,0.08554697,0.4343606058771814,0.2004336751464275
2.98,2.9511719,0.028828144,0.22000006720534188,0.6460565917093671
3.1,2.9023438,0.19765615,1.7368137211197001,0.733031335516471
1.85,1.9042969,-0.05429685,-0.3194680544170411,0.40455657699441444
3.44,3.4042969,0.035703182,0.3871347552962904,0.8246783228749989
2.99,2.890625,0.09937501,1.3014724066407175,0.8798204634258795
4.29,4.2421875,0.04781246,0.5210708190340186,0.8264459331569584
0.7,0.7246094,-0.024609387,-0.31259951926334384,0.8722470123745802
2.5,2.578125,-0.078125,-0.7256673708033573,0.7610808521305426
3.4,3.2851562,0.114843845,0.6447092564665252,0.34591569527517213
1.9,1.4726562,0.42734373,2.5101164454921423,0.4025342493982629
0.4,1.0,-0.6,-7.174548791308573,0.8558351327672167
0.52,0.44311523,0.07688475,0.5207775527500704,0.5507149691252752
0.16,0.19494629,-0.034946293,-0.23464641693649085,0.5427850181153981
2.32,2.2519531,0.06804681,0.795320225453345,0.8491040607855548
0.76,0.6074219,0.15257812,1.8425370941125856,0.8586492552256249
2.79,2.7167969,0.07320309,0.7485716438358524,0.8028766214627848
2.3,2.2207031,0.07929683,1.0339517710079984,0.8787568676661535
1.96,1.9013672,0.05863285,0.6121405892795392,0.8108850978715715
3.36,3.2226562,0.13734365,0.8767344132191893,0.49414375098900915
3.25,2.9707031,0.27929688,1.937147857502704,0.5714981515204273
2.42,2.3535156,0.06648445,0.33400941343339147,0.18328815944019897
2.71,2.7832031,-0.07320309,-0.7917421011065308,0.8237872214941859
1.44,1.2753906,0.16460943,2.482043675787448,0.9093356227241064
1.61,1.4101562,0.19984376,1.2488459142417538,0.4721511540525293
4.12,3.90625,0.21374989,1.7546997119881915,0.694119169947259
3.63,3.7890625,-0.15906239,-2.3089537145732524,0.9021748287670392
1.63,1.8466797,-0.21667969,-1.4868671690062618,0.5622378950211128
3.3,2.7246094,0.5753906,5.813979780477388,0.79810547362499
1.6,1.5205078,0.07949221,0.5741675776095158,0.6048900968395027
2.67,2.859375,-0.18937492,-0.9318232717297554,0.14861905740416317
3.0,3.0507812,-0.05078125,-0.5385831396028803,0.8167485775048942
4.4,4.2109375,0.1890626,2.4097337569577157,0.8731123963398831
2.48,2.5683594,-0.088359356,-0.8042339754256845,0.751179396857868
3.35,3.4589844,-0.10898447,-0.891330480167639,0.6918247139152157
2.5,2.2070312,0.29296875,1.8420910495171499,0.47860543560460517
0.7,0.72314453,-0.023144543,-0.15599849049674275,0.5462647481125874
-0.16,0.2442627,-0.4042627,-2.1878057300412843,0.29618923743015446
3.3,3.6914062,-0.3914063,-2.562360190293023,0.5190262779207938
1.18,1.1982422,-0.01824224,-0.19147852658729483,0.8129049653066232
3.3,3.1621094,0.13789058,0.7505550988841967,0.3042549769732203
2.67,2.5039062,0.16609383,1.4590608787826347,0.7328801010005432
4.33,3.6484375,0.6815624,5.068731952126393,0.6273005818249264
3.37,3.2753906,0.09460926,0.67526276227704,0.5953609594384353
1.78,1.8974609,-0.117460966,-0.7416509754013805,0.4829481688260199
1.51,1.4160156,0.093984365,0.7358422333311887,0.663730177661062
2.26,2.1464844,0.113515615,0.6341302597711762,0.339458133886852
3.44,3.2636719,0.17632818,2.5762276101381314,0.9034347013787958
0.82,0.79345703,0.026542962,0.15616370416601372,0.40449605658390037
2.56,2.3945312,0.1654687,1.3985323341643188,0.7114422544389353
1.19,1.109375,0.08062506,0.7994706095988217,0.7903566194394672
0.54,0.5605469,-0.020546854,-0.22560699021092082,0.8290253847679168
1.45,1.5947266,-0.14472651,-0.7585225481608575,0.2495784365770075
1.56,1.5703125,-0.010312557,-0.06413323236261055,0.46701796338375606
-1.1,-1.1035156,0.0035156012,0.0403323929269482,0.8433835749198818
1.72,1.4931641,0.22683597,1.8598035817579235,0.6933550906390564
2.55,2.5371094,0.012890577,0.17067694359811797,0.8824179277760116
2.27,2.5449219,-0.2749219,-1.8517557417522972,0.5456428752172393
2.74,2.8007812,-0.06078124,-0.3665196148933618,0.43312048538555903
0.62,0.6616211,-0.04162109,-0.227344421815715,0.3091172323346746
2.0,2.09375,-0.09375,-0.5951918366575737,0.48858353187388437
1.71,1.4873047,0.22269535,1.3375386505778706,0.42857964472732824
2.2,1.7109375,0.48906255,5.270645941732897,0.8225209018545827
2.25,2.140625,0.109375,0.8215213244274059,0.6346201964714795
2.46,2.2792969,0.18070316,1.1576184843376325,0.49771906744464595
2.8,2.546875,0.25312495,1.3179793164442204,0.23967579617017487
3.05,2.9082031,0.14179683,0.8997926685832581,0.4880892912589978
-1.01,-0.62158203,-0.38841796,-3.9968791150038845,0.805328369900401
2.68,2.5058594,0.17414069,1.3594546526245967,0.6617660731462934
3.55,3.359375,0.19062495,1.343255548809599,0.5848660063372797
1.6,1.3144531,0.2855469,1.808548783413698,0.48614506943517727
-1.4,-1.2470703,-0.15292966,-1.6749085371862151,0.8281508603618604
1.39,1.1123047,0.2776953,1.6627877317537256,0.42507721878808974
1.86,1.7705078,0.0894922,0.49544961751323346,0.32746099111773885
1.93,1.8847656,0.045234323,0.3835945204899498,0.7133595484910701
0.37,0.48583984,-0.11583984,-0.6110641772993289,0.25922156839603044
4.1,3.8300781,0.26992178,1.8569846417759102,0.5644827900772278
2.61,2.7070312,-0.097031355,-1.3903356222312417,0.8996006319710299
2.83,2.8476562,-0.017656326,-0.11133017446787202,0.4815331412679593
2.01,1.9482422,0.061757803,0.33760626702549357,0.3102229140705854
0.6,0.70996094,-0.10996091,-0.9504689859659103,0.7241030707994234
1.7,1.3535156,0.34648442,1.9349923625207368,0.33907069869709655
2.29,2.2382812,0.05171871,0.4666292338889482,0.7467802358846461
0.7,0.8730469,-0.17304689,-1.2397925303521393,0.5984167051217463
3.21,2.7773438,0.4326563,5.422560598869385,0.8687729699889659
1.78,1.6679688,0.11203122,1.3125195378454402,0.849819800963488
2.0,1.5380859,0.46191406,3.9361866637113834,0.7161315771013058
2.59,2.5097656,0.08023429,0.9323355618163708,0.8473412833197849
2.3,2.0917969,0.20820308,1.2400021141369368,0.418867016948878
2.35,2.2089844,0.14101553,1.1060686265726267,0.6649452139005537
2.84,2.8085938,0.031406164,0.25235721594904875,0.6807400613322269
3.46,3.5742188,-0.11421871,-1.078787347780951,0.7689271530769688
3.25,3.328125,-0.078125,-0.5710571898875867,0.6141958092387415
3.1,3.2089844,-0.10898447,-0.7101770334967586,0.5145527145870765
3.37,3.3242188,0.045781136,0.791440604224479,0.9310264539961355
1.25,1.4521484,-0.20214844,-1.9123213395233005,0.7696622486116282
4.0,3.5976562,0.40234375,3.960221430766129,0.7872342750952949
3.15,2.9609375,0.1890626,2.070205020522373,0.8280783368837495
2.67,2.6308594,0.0391407,0.6262077505670088,0.9194683835873045
2.1,2.2480469,-0.14804697,-1.5149025047502391,0.8031317098303695
0.67,0.84375,-0.17374998,-1.0638127027090165,0.4501233383713547
1.89,1.7431641,0.14683592,0.8908887471015692,0.4400312677893842
3.4,3.1972656,0.20273447,1.8547617626160007,0.7537223428042851
2.6,2.1425781,0.45742178,2.696036292571305,0.4066262934645501
1.56,1.4492188,0.11078119,1.0731236295004611,0.7803260061576064
3.13,3.0273438,0.102656364,0.561248807065837,0.31038454567627854
2.67,2.3300781,0.33992195,2.5236645459069305,0.6260261312748365
3.9,3.5976562,0.30234385,3.4605394301857584,0.8426521734091014
3.31,3.1269531,0.18304682,0.9903505938856485,0.29580567382962786
3.4,3.5195312,-0.119531155,-1.0988048974233975,0.7560689167692347
2.88,2.7148438,0.16515636,1.3003925422180576,0.6675029655996221
3.61,3.1367188,0.47328115,5.270529247501109,0.8337827707134677
3.68,2.6191406,1.0608594,8.426612368972298,0.6732950257236138
2.7,2.8476562,-0.1476562,-1.7218204084314213,0.848408875634807
3.1,2.9921875,0.107812405,0.5933010066764091,0.31933505800565865
3.99,3.8652344,0.124765635,0.9090909591360188,0.6117411447256931
3.88,3.7089844,0.17101574,1.6651434867280213,0.782572272343333
2.74,2.6601562,0.07984376,0.4324697042953991,0.29738621655050074
3.27,3.3417969,-0.071796894,-0.3866569158800501,0.28926805319824195
2.77,2.578125,0.19187498,1.3627474259881474,0.5913494889243925
3.2,3.125,0.07500005,0.8178244347741009,0.8266399583849554
2.53,2.2695312,0.26046872,2.3493706552668083,0.7466305992074613
2.16,2.0761719,0.08382821,0.8347015263847333,0.7920954152905098
3.1,2.9101562,0.18984365,2.4076113778188852,0.8718361675954875
4.06,3.7949219,0.26507807,1.4783939532823338,0.3373055625675893
-0.86,-0.8041992,-0.055800796,-0.7663796177717956,0.8907204300013835
2.7,2.6171875,0.08281255,0.4762776254762773,0.3768135243265384
2.71,2.65625,0.05375004,0.5849130647278579,0.8259311750653521
0.06,-0.18676758,0.24676758,2.770849884197176,0.8365080783942488
1.97,1.8720703,0.097929716,0.9532873227090181,0.782465850714362
2.0,1.9863281,0.013671875,0.12726101956914132,0.762090683491049
2.15,2.0097656,0.14023447,0.7165456516498645,0.2104713111845178
1.74,1.7138672,0.026132822,0.22854354071582952,0.7304863244071484
3.25,3.0839844,0.16601562,1.1556921190327782,0.5746369964668832
2.87,2.9785156,-0.10851574,-1.1000481806573896,0.7994105249192675
3.38,3.2050781,0.17492199,1.8013555336964462,0.8056269596103569
2.93,2.5683594,0.3616407,3.295047152426051,0.7516996092818058
3.52,3.3496094,0.1703906,1.179059195937288,0.5695069318548525
2.31,2.2558594,0.054140568,0.5940409787071386,0.8287782663933005
1.23,1.0605469,0.16945314,1.2106129891797226,0.5961364190631108
0.91,0.80859375,0.101406276,1.9293627902926012,0.9430560012379857
1.38,1.2509766,0.12902343,0.8350497493817579,0.5078940993792733
4.3,4.1132812,0.18671894,1.4141803588843873,0.6406536520917108
2.41,2.4746094,-0.06460929,-0.432276019893906,0.5395168686206768
3.22,3.0878906,0.1321094,0.7644295871049722,0.3843433485274837
3.16,3.1464844,0.013515711,0.12893072473366438,0.7734776684935487
1.13,0.7504883,0.3795117,2.311498487405349,0.4443398761330586
3.27,3.2773438,-0.007343769,-0.03725755940516833,0.19914239035093365
2.1,1.8857422,0.21425772,2.100644464856711,0.7855559867384095
2.35,2.4121094,-0.06210947,-0.45434803790079153,0.6148016432154515
2.24,1.9794922,0.26050782,1.698146198908775,0.5148930806928934
3.54,3.3496094,0.19039059,2.5434998061896077,0.8845022257184012
2.53,2.8222656,-0.29226565,-2.9595312172229775,0.7989723483210577
0.65,0.6899414,-0.03994143,-0.2857009134449682,0.5971252479223271
2.8,2.8027344,-0.0027344227,-0.025109776288232615,0.7555490680922823
4.27,3.8125,0.45749998,3.3752185963748027,0.6212745955439927
2.95,2.7871094,0.16289067,0.8890366002670822,0.3080109212156118
2.0,1.9404297,0.059570312,0.48167398246539767,0.6847177890516415
2.89,3.0390625,-0.1490624,-1.0878121788083033,0.6129434292065025
1.7,1.6328125,0.06718755,0.5631409692068832,0.7065801980600839
1.95,1.6796875,0.27031255,2.126385494345628,0.6668847635498398
2.47,2.265625,0.20437503,1.0586057214371483,0.2316956789956964
3.17,2.9863281,0.18367195,1.0333176683497862,0.34872552568598275
0.8,0.74316406,0.05683595,0.3820271985208749,0.5437490742683914
3.38,3.1171875,0.2628126,2.264298853488638,0.7223031152797164
2.07,1.7324219,0.33757806,1.9507401181225392,0.3827008509799526
0.61,0.63623047,-0.026230454,-0.2872887383469968,0.828161484022871
2.39,2.0722656,0.31773448,1.6675549460172707,0.25163326558570004
2.66,2.7089844,-0.04898429,-0.6437040585766165,0.8806321934504865
3.12,2.1210938,0.99890614,5.003429515051857,0.17840104721271416
2.54,2.6835938,-0.14359379,-1.2143730731467328,0.7117872855389915
2.33,2.2421875,0.08781242,0.8821447323010726,0.7957423522557621
3.29,3.2773438,0.012656212,0.07955269174986809,0.4782724125459956
1.1,1.0683594,0.03164065,0.19961700176912217,0.48210491069857947
0.58,0.50683594,0.073164046,0.5854620901777158,0.6780829671736629
4.43,4.453125,-0.023125172,-0.12627525300758582,0.308679359426402
2.83,2.84375,-0.013750076,-0.09876559071062835,0.6004740686646759
2.8,2.7382812,0.061718702,1.0797040936045934,0.932644949799462
2.7,2.7890625,-0.08906245,-0.6703000683088594,0.6360875959231693
1.69,1.7539062,-0.06390619,-0.3563503966724179,0.33705502197640586
3.0,2.7753906,0.22460938,1.7354899572039775,0.6547309602933978
3.36,3.3789062,-0.018906355,-0.1511112582518769,0.6773229659411351
0.51,0.50927734,0.0007226467,0.004482609273836594,0.46428182481199015
1.02,0.89746094,0.12253904,0.995415924284351,0.6876180790821744
0.73,0.74072266,-0.010722637,-0.0693956639007056,0.50786456117238
2.66,2.9316406,-0.27164054,-2.60658899908674,0.7761329690416804
0.66,0.8129883,-0.15298826,-1.316682614660991,0.721708419255419
1.75,1.6347656,0.115234375,1.3637216027679422,0.8528166279082706
1.71,1.7724609,-0.0624609,-0.43479767803323893,0.5746091717104223
2.74,2.4101562,0.32984376,3.1639849030449216,0.7759763718872692
3.7,3.7246094,-0.024609327,-0.2847906476678806,0.8460803289166136
3.5,3.5078125,-0.0078125,-0.08269636656402689,0.8160273382330415
3.38,3.2246094,0.15539074,0.8620487073388479,0.330219121722229
2.2,2.1582031,0.041796923,0.4780377911509337,0.842416681637638
2.83,2.7050781,0.1249218,1.8728683103828092,0.9082918224713732
2.79,2.6347656,0.15523434,1.6957858946490831,0.8272652832019926
3.31,3.2929688,0.017031193,0.1020595134485132,0.42597708417448316
2.11,2.6816406,-0.57164073,-5.615987207117062,0.7864300242254001
2.67,2.6757812,-0.0057811737,-0.03512340200605462,0.4415491240687669
3.1,2.9921875,0.107812405,0.9522462322768911,0.735768234175977
3.3,3.3515625,-0.051562548,-0.3716665137464793,0.60325820402451
2.72,2.71875,0.0012500286,0.0075010198207421455,0.42753970768339333
1.52,1.2001953,0.31980467,2.4849786686570177,0.6585946235289215
3.06,2.8417969,0.21820307,1.192725519099549,0.3100990078529444
2.56,2.3320312,0.2279687,1.346535028274321,0.4091718287165162
0.64,0.8178711,-0.17787111,-2.7795911327426106,0.9155897719066759
3.29,3.0800781,0.20992184,1.8889513146590633,0.7454226307509089
-0.8,-0.5942383,-0.20576173,-1.4754021658283338,0.5990830084010217
2.77,2.4453125,0.32468748,4.921413461720092,0.9102783049941285
-0.49,0.06750488,-0.5575049,-7.635639509585199,0.8901114050125976
2.2,2.3652344,-0.16523433,-1.380972948053615,0.7048951827965382
2.65,2.5566406,0.09335947,0.5762147915352449,0.4588794324616119
2.79,2.78125,0.008749962,0.11297958953893672,0.8763601635272388
2.84,2.8007812,0.039218664,0.2544759617376497,0.5104036705232529
3.3,3.265625,0.034374952,0.2721839825019904,0.671220168755135
1.38,1.5234375,-0.1434375,-1.2684025533998031,0.7363927709833452
1.65,1.3349609,0.31503904,1.870731412044296,0.415409225246406
2.05,1.9345703,0.11542964,0.7102857723666532,0.45560448584260255
0.3,0.29956055,0.00043946505,0.0036409993395650304,0.6997012229955718
2.58,2.4082031,0.1717968,1.8599498415425042,0.824137291875751
1.74,1.5546875,0.18531251,1.3373167217951663,0.6041897719234233
3.29,2.84375,0.44624996,3.2719335999045325,0.616563449741432
-0.45,-0.4074707,-0.042529285,-0.43434051126278633,0.8023660396952608
3.3,3.0820312,0.2179687,2.9422339220907747,0.8868694317741204
1.38,1.1601562,0.21984375,2.813573974924454,0.8741487192522239
3.5,3.2382812,0.26171875,1.5476985318165357,0.4105553619635787
1.95,1.6298828,0.32011724,1.747870436769715,0.3085739644942942
3.5,3.2929688,0.20703125,1.487359167216376,0.600620115193827
2.39,2.3730469,0.01695323,0.19381280910785395,0.8422802650583558
3.41,3.1386719,0.2713282,2.617788524718323,0.7785544942145344
1.72,1.5791016,0.14089847,1.150003410385554,0.690571464596313
2.35,2.265625,0.084374905,0.6308932276974096,0.6313103494134193
1.45,1.3095703,0.14042974,1.359620742695306,0.7800982536605332
1.7,1.8037109,-0.10371089,-0.596356115592624,0.3765760906418266
2.44,2.2265625,0.21343756,1.300323405798365,0.4446266811188791
2.1,1.8369141,0.26308584,5.067096900988017,0.9444322741609337
2.41,2.2597656,0.15023446,0.938651146697467,0.47194788891834666
3.1,3.3183594,-0.21835947,-2.1434642910000337,0.7860769180293764
0.37,0.20654297,0.16345704,2.2031645259825456,0.886535640336252
-0.4,-0.3095703,-0.09042969,-0.8197310664451627,0.7491434666574122
1.7,1.5292969,0.17070317,2.0982732830870643,0.8635714786771527
3.22,3.2128906,0.0071094036,0.043598182339719065,0.4518799837935804
0.06,0.039764404,0.020235594,0.2030448799792533,0.7952641326994256
0.15,0.13366699,0.016333014,0.10619666372461051,0.5124075209687158
2.7,2.6601562,0.039843798,0.4601071722901788,0.8454213415614416
0.87,0.6977539,0.1722461,0.9616266518391305,0.3386491862373899
2.42,2.6816406,-0.26164055,-1.5199509135993399,0.38920276149702854
3.4,3.1777344,0.22226572,1.8697674843023302,0.7087165185593136
3.14,3.0800781,0.05992198,0.35130002806597305,0.400261363268441
2.71,2.7226562,-0.012656212,-0.07414846005071583,0.39944983862792527
4.04,3.6914062,0.3485937,3.7238853426642073,0.8193688761634286
1.62,1.4775391,0.14246094,1.3844324086662276,0.7817299246516648
1.9,1.6728516,0.22714841,1.2793429954482707,0.35018233555792
1.27,1.3779297,-0.10792971,-0.7877701415252016,0.6130729887590696
3.64,3.5644531,0.07554698,0.7044713941169193,0.762942566978786
2.2,1.6835938,0.5164063,2.9044517274204646,0.3483703723770742
1.46,1.4375,0.022500038,0.13862786696301416,0.4569853895725345
2.6,2.5820312,0.017968655,0.1054487664283505,0.40145858851614735
2.97,2.8105469,0.15945315,1.239026322575138,0.6586096442878396
2.75,2.7148438,0.03515625,0.22232386219132083,0.48455893056764854
1.49,1.6884766,-0.19847655,-1.0943738734428803,0.32199472523555167
-0.98,-0.8017578,-0.1782422,-1.4752602722364445,0.6990946612979316
1.55,1.5703125,-0.020312548,-0.16823323965872977,0.6994953012167294
2.68,2.5488281,0.13117194,1.116295477725421,0.7153772226407153
2.61,2.5175781,0.09242177,0.8067918423074169,0.729497268225439
1.7,1.9228516,-0.22285151,-2.2438096849064957,0.7966682340906378
2.43,2.2539062,0.17609382,1.5476098673427332,0.7331228929871488
1.3,1.2236328,0.07636714,0.4434269062484352,0.38861461194754443
3.28,2.9863281,0.29367185,2.341234306471508,0.6756746041416366
2.94,3.1699219,-0.22992182,-1.1760092349131777,0.21207479697415854
-0.04,-0.051513672,0.011513673,0.1363873107242452,0.8530986049531399
1.9,1.8134766,0.08652341,0.6401888289556585,0.6234720707865168
2.75,2.8105469,-0.060546875,-0.778875993824286,0.875435893613215
1.37,1.3564453,0.013554692,0.08667935533156122,0.4959262670842013
2.93,2.7890625,0.14093757,0.856246160647531,0.4415267806282075
3.8,2.6992188,1.1007812,10.464674393685202,0.7719150354376435
4.13,3.9980469,0.13195324,1.2970461590917826,0.7866585035280554
1.1,1.0039062,0.096093774,0.8677336000456187,0.7472077483408045
1.3,1.2451172,0.054882765,0.43996884002413794,0.6792444260213342
1.0,0.984375,0.015625,0.08873853611155401,0.36091059193427333
0.92,0.65625,0.26375002,1.9391766483626967,0.6186740736178747
2.49,1.9863281,0.5036719,4.905586632832281,0.7827000602504129
3.8,3.5292969,0.27070308,1.7683278635877497,0.5169335307753875
3.44,3.4804688,-0.040468693,-0.6243139772791407,0.9133879488518684
2.2,2.0820312,0.1179688,0.8979000310023751,0.6441848618878121
1.34,1.1494141,0.19058597,1.4975999062518488,0.6661615639206698
2.07,1.9404297,0.12957025,1.043918122562749,0.6824414731048392
1.49,1.4082031,0.081796885,0.5716287137582347,0.5779231415774851
0.2,0.23425293,-0.034252927,-0.32126019436443215,0.765670145492859
4.1,3.9628906,0.13710928,1.0399221468663495,0.6416741569075042
4.03,3.9941406,0.035859585,0.243530459434145,0.5530591758691938
0.87,1.0898438,-0.21984375,-1.241672168412423,0.35380971778574405
3.4,3.7832031,-0.38320303,-2.8758058097466797,0.6339968338183214
3.89,3.8222656,0.06773448,0.6131662161303315,0.748458728377454
-1.41,-0.75,-0.65999997,-4.254632120383817,0.5039677812913765
3.9,3.8144531,0.08554697,0.4364243551627777,0.2079777222747213
1.62,1.4648438,0.15515625,1.1407012557900638,0.6186350075763182
0.52,0.27319336,0.24680662,1.5898501306034267,0.5032391878559985
1.83,1.7275391,0.10246098,0.6138741933491146,0.4257455764333886
2.58,2.2988281,0.2811718,2.6923846255812287,0.7751901155715537
3.0,2.7597656,0.24023438,1.1629326151171617,0.12035530607471205
1.78,1.8994141,-0.11941409,-0.8786290595833063,0.6192445600248124
1.1,0.98291016,0.11708987,0.7998270670046589,0.5582337602177239
1.49,1.4892578,0.00074219704,0.00909587438168236,0.862755290526176
-0.43,-0.48461914,0.054619133,0.319689293496294,0.3983006867337627
3.2,3.0214844,0.17851567,2.559774643459089,0.8997474740308765
1.4,1.296875,0.103124976,1.1489236829849858,0.8339299001723663
1.1,0.12939453,0.9706055,11.031107232344226,0.8404145235895485
2.7,2.5859375,0.11406255,1.3470918846270203,0.8522124724097746
3.6,3.5097656,0.09023428,0.6056436455477753,0.5424328168600415
2.57,2.4550781,0.11492181,0.6534533095617135,0.3624388200662376
1.32,1.0917969,0.22820318,2.961540925091731,0.8776077312550368
1.55,1.4638672,0.086132765,0.8861588542971889,0.8052579660617802
1.97,1.9111328,0.058867216,0.43618702576124263,0.6245539002945094
-0.27,-0.3330078,0.0630078,0.7620733961893269,0.8590902181362553
0.85,0.80908203,0.040917993,0.2527792009636155,0.45987776855075274
2.12,2.0742188,0.045781136,0.29981907468376523,0.5193812712328337
2.26,2.1582031,0.101796865,0.7122242618808942,0.5789037527972514
1.69,1.7021484,-0.01214838,-0.0749008951609047,0.4577384289899863
1.51,1.6083984,-0.09839845,-0.5202866517453677,0.26271192688864264
2.3,2.5390625,-0.23906255,-1.2705486490286044,0.2702290400893705
1.49,1.4013672,0.08863282,0.724082091941698,0.6911414492602537
1.79,1.6816406,0.10835934,1.401518139649062,0.876779967598252
3.1,3.0546875,0.045312405,0.5010811508233229,0.8314362535382912
1.68,1.4111328,0.26886714,1.6239949362223378,0.43499513747551827
3.1,2.828125,0.2718749,1.4819206004428171,0.30619973524498334
2.0,1.7207031,0.27929688,5.383324949961118,0.9445148135708773
1.15,0.9946289,0.15537107,1.3923772567280648,0.7433315080583549
2.92,2.9414062,-0.021406174,-0.22414996064046483,0.8120047637057412
1.19,1.3017578,-0.111757755,-1.2112877846399572,0.8245284335713728
3.12,2.9589844,0.16101551,1.260618573773773,0.663709877473136
3.6,3.4550781,0.14492178,1.9393617450961402,0.8848945848531374
3.01,2.9941406,0.015859365,0.08360941357527624,0.2583357467639877
0.9,0.9916992,-0.09169924,-0.6808340813930991,0.626065953155847
2.8,2.7050781,0.09492183,1.4462447184663854,0.9112037354973305
2.71,2.6445312,0.06546879,0.3971306220763347,0.4397937628576248
2.2,2.2949219,-0.09492183,-0.5004440421067694,0.2584042681514887
3.96,3.7402344,0.21976566,1.3532211200176254,0.45633893807861825
3.47,3.4257812,0.04421878,0.33884882966589985,0.6489672850661357
4.16,3.8886719,0.27132797,1.9048434314472016,0.5817685790741887
1.77,1.4726562,0.29734373,1.7465270770967936,0.4025342493982629
2.06,1.9433594,0.11664057,1.0517716560953112,0.7464857289649268
2.12,1.84375,0.2762499,2.616095184876397,0.770150682496782
0.77,0.70458984,0.06541014,0.7209313772819436,0.8303130857797318
2.14,2.1386719,0.0013282299,0.008647011733641194,0.5136370331900454
-0.4,-0.35888672,-0.041113287,-0.32493725525253503,0.6700018715167625
4.0,3.9589844,0.041015625,0.4795331037632969,0.8491978377171471
2.41,2.3847656,0.02523446,0.16889128715581167,0.5398285649829236
1.69,1.4824219,0.20757818,1.8602547277979655,0.7433361745586606
3.6,3.53125,0.068749905,0.7277270162862859,0.8160273382330315
3.5,3.1953125,0.3046875,2.086476156480743,0.5604295287392885
2.81,2.5136719,0.29632807,2.2639934030444606,0.6468645214121937
3.7,3.5234375,0.17656255,2.416723132373825,0.8899754848788555
1.7,1.6914062,0.008593798,0.07473086916200872,0.7274060130690891
2.2,2.0703125,0.12968755,1.0629007480577357,0.693128031924598
2.75,2.5839844,0.16601562,1.6656663898142656,0.7952292258001536
2.89,2.875,0.015000105,0.12545943847642674,0.7053353746374704
1.05,1.3964844,-0.34648442,-1.9770865457594469,0.366914808518955
2.86,2.7382812,0.121718645,1.174039027577989,0.7784380194886382
2.15,1.9443359,0.20566416,1.4943999774652215,0.6095822031355438
2.48,2.1621094,0.31789064,4.626001452039979,0.902660289359316
2.3,2.1035156,0.19648433,1.8679214063213263,0.7719213055746399
2.15,2.0898438,0.060156345,0.48338455188730894,0.6807554867672966
1.84,2.0390625,-0.19906247,-1.2107572350156037,0.4428005174215118
3.1,3.0234375,0.076562405,0.5089496474154284,0.533525849613546
3.19,2.7226562,0.4673438,4.913645148586807,0.8135289170101622
2.64,2.7949219,-0.15492177,-1.6649414260804924,0.8215267754731981
-0.84,-0.7675781,-0.07242185,-0.7509756542261832,0.8082949354005519
0.97,0.7207031,0.2492969,1.305974305660414,0.2488778111651907
3.08,3.125,-0.045000076,-0.25734786543266225,0.3697230171863362
3.62,3.4921875,0.12781239,0.6392410596312517,0.17593277036613503
3.25,3.2402344,0.009765625,0.12833261724681969,0.8806363551888882
3.1,2.9492188,0.15078115,1.6619053314291525,0.8303211722584423
-0.51,-0.29785156,-0.21214843,-2.191086654080998,0.8067557338331308
2.51,2.4628906,0.047109365,0.6932923501551227,0.9048239272249288
3.7,3.5703125,0.12968755,0.6693524973562728,0.22619261914301703
3.67,3.5214844,0.1485157,0.7504112496286485,0.19259365793227126
2.8,2.7597656,0.040234327,0.438399416871136,0.8263800440733605
-1.31,-1.2119141,-0.09808588,-1.0221319139652003,0.810178596975388
3.3,3.0976562,0.2023437,1.9197160435569829,0.7709915627048991
0.99,0.6508789,0.3391211,2.831101048220515,0.7042362257046476
3.11,2.8105469,0.29945302,2.731314264927219,0.7522234868821307
1.86,1.6914062,0.16859376,2.0653302891516736,0.8626432284735063
-0.08,-0.062805176,-0.017194822,-0.15290116844894083,0.7393127024501784
2.82,2.8222656,-0.0022656918,-0.015572955926104788,0.563679489995699
1.41,1.3193359,0.09066403,0.6443224899915195,0.5918596456668164
3.8,2.9863281,0.8136718,6.32454354784905,0.6588178735075338
-0.87,-0.7705078,-0.09949219,-0.5627989076921626,0.3558046330012334
2.82,2.8085938,0.011406183,0.07093140597026105,0.46697247035975664
2.72,2.6992188,0.020781279,0.11521492957406491,0.32938525175633915
3.6,3.3535156,0.24648428,1.9162120511599783,0.6589348029703145
3.48,3.6523438,-0.17234373,-2.51836235432677,0.9034614811616042
3.6,3.6757812,-0.075781345,-0.48222745995363403,0.49094250533362904
2.8,2.7304688,0.0695312,0.7248626201817623,0.8103319596637828
1.12,1.2333984,-0.11339843,-1.0072792332253915,0.7387475140052847
2.17,1.8554688,0.31453133,3.7817393353255673,0.8574094583678782
2.14,1.9609375,0.1790626,1.7049895639696697,0.7726408515985089
2.0,1.8886719,0.111328125,1.4314565811204343,0.8753192178158641
0.8,0.7265625,0.07343751,0.739144805419556,0.7965194332610404
1.9,1.6982422,0.20175779,1.72031399066798,0.7164750622855116
2.82,2.3613281,0.4586718,3.1345524590272404,0.5586337732492668
3.95,3.6171875,0.33281255,3.7991939486062143,0.8418160042872648
0.37,0.60498047,-0.23498046,-2.4690455530354636,0.8132969568682002
2.7,2.5234375,0.17656255,1.9365293838572262,0.8286456715806493
3.5,3.4628906,0.037109375,0.36293078510124066,0.7844908314103558
1.73,1.5332031,0.1967969,2.4142290241453193,0.8630299437088564
0.9,0.91552734,-0.015527368,-0.10066379094134237,0.5095494864391336
3.14,2.78125,0.3587501,1.9802416185664584,0.32345950980983124
2.6,2.1621094,0.43789053,5.8012716395149955,0.8825560118732892
1.9,1.6269531,0.27304685,3.223602760661553,0.8521104815393243
2.18,2.0527344,0.12726569,1.0858926450233308,0.7168640668929526
0.91,0.81689453,0.093105495,0.9741855058401528,0.8117160126406218
1.47,1.5380859,-0.06808591,-0.7410388092293057,0.8259882157510284
1.5,1.2216797,0.2783203,5.718189343118796,0.951166389940577
-0.71,-0.70410156,-0.005898416,-0.06245403696600361,0.816136357305068
3.36,3.3945312,-0.034531355,-0.2029314622043649,0.403137138490337
2.27,2.2539062,0.01609373,0.19005447516290583,0.852190155755222
1.76,1.7060547,0.053945303,0.2707928281932889,0.1819515150488661
3.88,3.8984375,-0.018437386,-0.1083345920260957,0.402950335180222
3.6,3.1113281,0.48867178,3.2665446518793093,0.5386788044544824
0.1,0.07611084,0.023889162,0.2707750868085357,0.8395534073250173
3.5,3.4121094,0.087890625,1.036144490612685,0.8516831308605575
2.73,2.71875,0.011250019,0.15883063289439542,0.8965848723141592
3.68,3.7441406,-0.06414056,-0.39927096535692314,0.46804352543151656
1.21,1.4257812,-0.21578121,-1.5395603993701026,0.5950700682734348
1.51,2.0097656,-0.49976563,-4.593756927543747,0.7560263947675308
-0.3,-0.3515625,0.051562488,0.45097568564902124,0.7305317736665564
-0.44,-0.30932617,-0.13067383,-1.1628243565730996,0.7396874777196177
0.12,0.2607422,-0.14074218,-0.8026643135894976,0.3662372016425522
1.0,1.0019531,-0.001953125,-0.013371396026391686,0.5602025949408364
2.0,1.96875,0.03125,0.2816893399352915,0.7463088559588055
1.0,2.3515625,-1.3515625,-10.33482038726642,0.6474566814218383
1.93,1.5996094,0.33039057,2.822104050731422,0.7174760062771739
1.64,1.5078125,0.13218749,0.9643529117789151,0.6126935052635214
3.5,3.3710938,0.12890625,0.7090884856022818,0.318770932691272
2.44,2.4824219,-0.042421818,-0.5213254185156063,0.86350811389871
2.4,1.9775391,0.42246103,4.655287242985717,0.8302434914040432
1.0,0.9140625,0.0859375,0.6737856857981424,0.6646734365871829
3.11,2.8886719,0.22132802,2.7125215239745786,0.8627625942282704
1.6,1.5878906,0.012109399,0.07671911859528929,0.48644844844280527
3.44,3.2675781,0.17242193,1.8172250834680166,0.8144274833432684
0.6,0.6020508,-0.0020507574,-0.01157086668108603,0.35249535744243665
3.8,3.7128906,0.08710933,0.8123005520060036,0.7629489348133401
3.05,2.7636719,0.28632808,1.5188208711406486,0.267410231368007
1.8,1.6679688,0.1320312,0.8322370652886829,0.4811938256076541
2.84,2.6308594,0.20914054,1.1614881159423605,0.33166686499647763
1.55,1.3720703,0.17792964,1.161463913658313,0.5162385635018129
-1.42,-1.3623047,-0.05769527,-0.8475745479381477,0.9044851960873977
2.4,2.4375,-0.037499905,-0.3176371231716525,0.7126945221603184
2.87,2.6601562,0.20984364,2.2529375584344935,0.821170409834231
2.87,3.2695312,-0.39953136,-2.4174460759546177,0.43696647641133773
1.7,1.5400391,0.15996099,1.130627083300532,0.5873940756035269
2.21,2.3378906,-0.12789059,-0.8118684741374037,0.4884926327445707
3.46,3.2441406,0.21585941,1.1699928496467822,0.2983481788872864
2.86,2.8710938,-0.011093855,-0.09579524994891501,0.7235458581333284
1.58,1.6103516,-0.03035152,-0.20099396172113324,0.5299533674441538
2.54,2.3222656,0.21773434,1.267459211391529,0.3916802036722859
2.65,2.4863281,0.16367197,1.3767582568608074,0.7086739437313111
2.28,2.2890625,-0.009062529,-0.05239502018614393,0.38331292657970284
1.15,1.2949219,-0.1449219,-1.792088971281464,0.8651984192160114
3.58,3.5976562,-0.017656326,-0.10792702868385562,0.44832114480328866
3.2,3.1835938,0.016406298,0.1615060031545627,0.7872890127466474
3.05,3.0,0.049999952,0.336756928532146,0.5455854919227467
2.9,3.1230469,-0.22304678,-1.6906424900650576,0.6412148635763153
-0.88,-0.5546875,-0.3253125,-4.303884093388146,0.8822322321465096
2.34,2.3125,0.027499914,0.1676615402176402,0.44544852902282056
3.53,3.4960938,0.03390622,0.32895658105630454,0.7810082691300242
1.93,1.9052734,0.02472651,0.19801478691394822,0.6785773412065722
0.35,0.5209961,-0.1709961,-1.0748351554411097,0.47828326050353326
1.56,1.4248047,0.13519526,0.8492468759840571,0.47760252117591606
3.89,3.7871094,0.10289073,1.0277964725911966,0.7934218715994427
3.07,2.9707031,0.09929681,0.9390790623770499,0.7695310886330236
1.96,1.7578125,0.20218754,1.1011908044768788,0.30508817144600403
3.3,3.1621094,0.13789058,1.2546073633145416,0.750999853003032
1.89,1.8583984,0.03160155,0.2246050633186097,0.5919402844986512
-0.48,-0.42114258,-0.05885741,-0.8152780198310491,0.8925671908780236
-0.8,-0.62109375,-0.17890626,-2.0448169129881055,0.8422067889930289
2.55,2.375,0.17499995,1.8934755891723891,0.8239230415949186
4.1,4.0039062,0.096093655,0.9579862286554283,0.792596071888011
1.71,1.7695312,-0.05953121,-0.44503843010121774,0.6311578840371437
2.7,2.4355469,0.26445317,1.7518361215242786,0.5302609150975909
1.77,1.6367188,0.13328123,0.7672938427927206,0.37804258255009554
2.93,2.6230469,0.3069532,3.5963987556624666,0.8498398416313097
1.12,0.99853516,0.12146485,1.078250671886498,0.7384180103610802
2.3,1.9970703,0.30292964,3.963751492775018,0.8796026889137027
1.61,1.6279297,-0.017929673,-0.12012474651122049,0.5407746361955281
3.2,3.2304688,-0.030468702,-0.16198845342388463,0.27073413607060604
3.2,3.2011719,-0.0011718273,-0.010782356007929624,0.7565297011741978
2.9,2.7636719,0.13632822,1.1167105930051113,0.6927892934675491
1.9,2.1503906,-0.25039065,-1.9161579505229283,0.6480186213308734
3.06,2.8242188,0.2357812,2.351193996974827,0.7927056428189496
1.85,1.7695312,0.080468774,0.5205689229929366,0.5074567412633084
3.97,3.6953125,0.27468753,2.5784628936354177,0.7660612311354773
-0.2,-0.09716797,-0.102832034,-0.8001097540476396,0.6595104304688042
2.88,2.5585938,0.32140636,2.8499088989561483,0.7378239127636084
1.37,1.3232422,0.046757817,0.3640637305615995,0.6599837160249793
2.87,2.8476562,0.022343636,0.28702853042229665,0.8750881526734866
3.09,2.8066406,0.2833593,1.9442579333715837,0.5621622158901991
2.4,2.28125,0.118750095,1.039044774107199,0.7307563327771193
1.6,1.7490234,-0.14902341,-1.1434425137457114,0.6498723313904832
2.88,2.8378906,0.04210949,0.28900461432808316,0.562380681207566
0.7,0.41577148,0.2842285,1.7231532473034463,0.4391670261646401
2.8,2.8105469,-0.010546923,-0.07897033261259387,0.6323202784204051
1.1,1.0048828,0.09511721,0.6346539866377567,0.5369900957013023
0.48,0.46655273,0.013447255,0.15054133718382837,0.8355242696917102
0.24,0.36206055,-0.12206055,-0.8241667802293505,0.5478666544631258
0.59,0.29174805,0.29825193,2.239747346629488,0.6344771403927372
1.91,1.7099609,0.20003903,2.3825125629158204,0.8546867669881342
2.63,2.5214844,0.10851574,0.8290818616389433,0.646868281210097
3.4,3.4238281,-0.02382803,-0.30574648658048686,0.8748014207225033
1.71,1.8339844,-0.12398434,-0.7334157526031035,0.4109132323823495
1.78,1.8027344,-0.022734404,-0.254907956919796,0.8360367812329995
4.2,3.9746094,0.22539043,1.1888297754071455,0.2590691108204637
1.65,1.8320312,-0.18203127,-1.00099462857811,0.31832932657336016
2.61,2.6328125,-0.022812605,-0.1521515985673555,0.5366141088921899
2.34,2.2226562,0.117343664,0.9279413443328655,0.6703718231664031
1.99,1.8623047,0.12769532,0.6621441546384591,0.23336090172881133
2.78,2.75,0.029999971,0.24728040751118852,0.6966050459820629
3.56,3.5136719,0.046328068,0.29365672817241123,0.4869560730854909
2.33,2.5917969,-0.26179695,-3.467543274088954,0.8825017284375598
3.17,3.0078125,0.16218758,0.8316361183488965,0.2160026943434995
2.9,2.71875,0.1812501,1.2212810613407439,0.5459838198209619
1.17,1.3085938,-0.1385938,-1.2694998482577846,0.7543208267694007
3.3,3.1484375,0.15156245,1.1427808278692897,0.6374203347140943
3.8,3.6230469,0.17695308,1.0836646687252847,0.4503673807203121
-1.34,-1.0419922,-0.29800785,-2.134474126814529,0.5981909680810653
3.19,3.0859375,0.10406256,0.6127203310876419,0.405419730553171
1.39,1.3076172,0.0823828,0.5228280619163762,0.4881986975143239
1.03,1.1123047,-0.082304716,-0.6364747515170018,0.6553064395422702
3.1,3.1152344,-0.01523447,-0.17331068448085452,0.8407240758228068
0.2,0.32104492,-0.12104492,-0.6888510853332249,0.36351448955924615
2.51,2.296875,0.21312499,2.005244977513059,0.76714800284937
-0.03,-0.03616333,0.0061633307,0.04332902318948874,0.5829201202019311
3.7,3.6367188,0.0632813,0.7826536871000271,0.8652410651136184
2.74,2.6347656,0.105234385,0.6214942429155247,0.409000383936721
2.4,2.3398438,0.060156345,0.8716553985918536,0.901820836548505
-0.34,-0.57714844,0.23714843,1.7767692553419812,0.6327815032141867
2.7,2.6425781,0.057421923,0.32146936604385795,0.3423083009814773
1.86,1.6298828,0.2301172,1.2564617265811966,0.3085739644942942
2.99,2.8867188,0.10328126,0.8057949139839242,0.6613585653738716
2.75,2.4316406,0.31835938,2.2414789464396616,0.5841736111804359
0.52,0.48535156,0.03464842,0.28724032551514217,0.700068486987739
1.27,1.1210938,0.14890623,0.794889951499933,0.2766344596023078
1.66,1.5664062,0.09359372,0.7873233362879367,0.7087048681961573
2.0,1.9472656,0.052734375,0.4605310143284241,0.7297187440585956
2.9,2.7539062,0.14609385,1.304027574680836,0.7412762015627361
1.8,1.7558594,0.044140577,0.41468621428548097,0.7664483661390259
3.3,3.1816406,0.11835933,0.9901040487310505,0.7054294053455811
1.6,1.5615234,0.038476586,0.3094878446146651,0.6813954573815264
2.46,2.2871094,0.17289066,1.6822598933299715,0.7822776636798453
3.37,2.5175781,0.85242176,7.173142169136028,0.7089039807047385
2.87,2.8613281,0.008671761,0.05441575796233882,0.4765065191197982
2.84,2.7089844,0.13101554,1.1216115296502485,0.7187407756250722
3.2,2.9746094,0.22539067,1.3386374998529575,0.41562450851553245
1.2,1.0400391,0.15996099,1.7236205539159615,0.8224621731165658
1.02,1.1103516,-0.09035158,-0.5282917226788814,0.39706569598010305
2.6,2.7421875,-0.1421876,-1.4343327448996348,0.7974325408201567
0.95,1.09375,-0.14375001,-0.7884718177086839,0.3148439188979091
3.81,3.8339844,-0.023984432,-0.2049571410908227,0.7177208099318585
2.91,2.8007812,0.109218836,0.9077798328621552,0.7016128520153296
3.11,2.8847656,0.22523427,1.7409886016493838,0.6549967603098187
2.23,2.0898438,0.14015627,0.884110883680779,0.4819667088059633
1.39,1.3955078,-0.005507827,-0.05411003878141325,0.7864247378517393
0.79,0.9160156,-0.1260156,-0.9332885478899481,0.6241947335283536
3.23,3.34375,-0.11374998,-0.734621944290414,0.5057792693833371
1.8,1.7988281,0.0011718273,0.012856777056909885,0.828758471047153
2.81,2.5410156,0.26898432,1.8416297785341134,0.5602606281123946
2.5,2.1503906,0.34960938,2.084929433588799,0.4203984916760116
-0.27,-0.1842041,-0.08579591,-0.9967786344310032,0.8472849606436686
0.9,0.9238281,-0.023828149,-0.21210015886589959,0.7398374931039261
2.8,2.734375,0.06562495,0.46754645668456235,0.5938985412450973
1.97,1.9296875,0.04031253,0.2345508775544187,0.39109148967761775
3.3,3.3007812,-0.0007812977,-0.0069165577481865356,0.7369737175643346
1.13,1.1142578,0.015742183,0.18684116839313766,0.853670854149327
2.3,2.2539062,0.046093702,0.5463836011525574,0.8532987004958154
2.57,2.4199219,0.15007806,1.214555050638942,0.6852642447585272
2.0,2.0019531,-0.001953125,-0.01424049396627887,0.6122462044037116
-0.08,0.033294678,-0.113294676,-0.6090434963683772,0.2867061639865539
1.34,1.3769531,-0.03695309,-0.2610756638579908,0.5870334614399635
-1.28,-0.77246094,-0.50753903,-2.770477815240393,0.30820784708918975
2.3,2.1914062,0.1085937,0.8258108210280877,0.6435536031700692
0.89,0.6748047,0.2151953,1.5148498387314089,0.5840199773608244
2.8,2.8359375,-0.035937548,-0.31982510728569424,0.7397337492335917
0.6,0.6660156,-0.0660156,-1.107986129886798,0.9268236732697381
1.67,1.4257812,0.2442187,3.7370720580489505,0.9119679127067759
2.7,2.4941406,0.20585942,2.578524048175118,0.8686151720765792
3.0,3.0292969,-0.029296875,-0.22140554970405035,0.6390793932350082
1.2,1.0498047,0.15019536,0.8765112996481828,0.394737060300584
1.85,1.5986328,0.2513672,2.0635400867214173,0.6941295499096592
0.83,0.6123047,0.2176953,2.1850042497591353,0.7953839932556789
2.26,1.9355469,0.32445312,2.0853660894197876,0.5010174351208422
1.82,1.8173828,0.00261724,0.014920419125396453,0.3657344487128867
3.21,2.8808594,0.32914066,1.7415631147991535,0.26374080541218414
2.6,2.3769531,0.22304678,1.8156955433605357,0.6889344279381078
3.05,2.9316406,0.11835933,0.9208161439169571,0.6594309211526878
-0.82,-0.7446289,-0.07537109,-0.45480999501665836,0.43389676056066157
2.83,2.6132812,0.21671867,1.4492442279782216,0.5390481125795477
4.13,3.9921875,0.13781261,1.3270238049907592,0.7776861067434326
1.75,1.7353516,0.0146484375,0.08371899626297843,0.3689254487563078
0.2,0.27734375,-0.07734375,-0.5733477703296741,0.6248886125639204
1.86,1.6025391,0.25746095,1.4997667107540553,0.39253479154354703
3.32,3.3144531,0.0055468082,0.04256941097891544,0.6500249289408804
3.5,3.3398438,0.16015625,1.0102323998227862,0.48192661145175014
3.6,3.4746094,0.12539053,0.9762423224834281,0.6599362821687689
3.52,3.3710938,0.14890623,1.5451470624432992,0.8085602189994722
2.4,2.2695312,0.13046885,1.6055025496575934,0.8638750520858463
3.6,3.3339844,0.26601553,1.818648618397666,0.5589757443327451
2.1,2.3320312,-0.23203135,-1.4353477698743904,0.46132710095351726
2.12,1.0556641,1.0643358,13.471574815639476,0.8713331369971768
4.05,4.0507812,-0.00078105927,-0.005955854003534086,0.6454920505287971
-1.06,-0.85498047,-0.20501947,-1.232072836165859,0.42922682702163384
1.1,1.0693359,0.030664086,0.20582255867965124,0.5424693419328788
0.6,0.52978516,0.07021487,0.8642657503126507,0.8639465231623211
1.73,1.3173828,0.4126172,2.7412072039416473,0.532956827152436
3.69,3.4375,0.25250006,2.104676927439227,0.7033132375869253
1.52,1.6582031,-0.13820314,-1.6946601459113564,0.8629065511375196
2.41,2.4160156,-0.006015539,-0.03476739820735462,0.38290671262707676
3.2,3.1816406,0.018359423,0.10206806142261438,0.33306363761761504
4.36,4.5664062,-0.20640612,-2.017343727275255,0.7842099534075314
2.55,2.6074219,-0.057421923,-0.35154196989664993,0.4500196361145493
3.85,3.6484375,0.2015624,1.9329151842476424,0.7758495814860923
3.08,2.7988281,0.2811718,3.0884698446911183,0.8291547630086571
0.9,0.94970703,-0.049707055,-0.28885270644047334,0.3895792702411512
1.23,1.1015625,0.12843752,0.7860536025624708,0.4496669701273176
3.47,3.2382812,0.23171878,1.5170741891443897,0.5190998526044025
3.44,3.1445312,0.2954688,2.1116374864581884,0.5964190674200859
-0.87,-0.9428711,0.07287109,0.6061535104972258,0.702085694670712
3.33,3.125,0.20499992,2.005873421267512,0.7846988056007065
3.5,3.515625,-0.015625,-0.13128043348544438,0.7079977917749052
1.91,1.8867188,0.023281217,0.14786111671790117,0.4889663857205609
0.7,0.74853516,-0.04853517,-0.27309691072576964,0.3489331389547346
0.49,0.4711914,0.018808603,0.11372012784609019,0.4361228421554585
2.73,2.5820312,0.14796877,0.9469926317769719,0.4967393084663104
3.63,3.7050781,-0.07507801,-0.5221125977800691,0.5737707444471768
1.7,1.734375,-0.034374952,-0.3202764515890009,0.7625455678380831
-0.5,-0.45263672,-0.04736328,-0.49187947306114405,0.8088773081473486
2.33,2.4960938,-0.16609383,-1.1688794041202746,0.5837889029316714
0.01,0.029647827,-0.019647827,-0.10588624033868278,0.29026520236584136
0.49,0.79296875,-0.30296874,-4.5297511202002925,0.9077868094828441
3.1,2.9375,0.1624999,1.4531133317256038,0.7422175575672986
2.9,2.90625,-0.0062499046,-0.04967984473097622,0.6737636051505673
2.54,2.4355469,0.10445309,0.8138862781549638,0.6604832594350777
2.34,2.2695312,0.070468664,0.6641692345378141,0.7679504894048728
2.5,2.8515625,-0.3515625,-2.8822169803724327,0.6933112600407049
1.64,1.5859375,0.054062486,0.6694749551724898,0.8655782831463791
2.98,2.7324219,0.24757814,2.7095688353648764,0.8279041820501314
2.2,2.1308594,0.06914067,0.4494075647994829,0.5120980746568374
1.2,1.0507812,0.1492188,1.1475975656921218,0.6514910593583959
2.26,2.0585938,0.20140624,1.1055622029689733,0.3158905836013318
2.1,1.7265625,0.3734374,1.9681747229790592,0.2579136893992283
2.43,2.2519531,0.17804694,1.5341322388206626,0.7223552078598896
4.5,4.125,0.375,4.678992938555721,0.8675951651926586
3.88,3.6621094,0.21789074,1.3944606223500406,0.496718318111542
2.61,2.1972656,0.41273427,3.446789896375405,0.7044319225145396
2.7,2.625,0.07500005,0.7465658121668436,0.7919666462427827
1.85,1.7460938,0.103906274,0.6217187288877265,0.42423968273775237
0.6,0.5209961,0.07900393,0.6592951584749399,0.7040054553015546
0.76,0.7036133,0.05638671,0.763563958664104,0.8875890171463183
1.67,1.6796875,-0.009687543,-0.06233124114939131,0.502077424587681
2.84,2.8125,0.027499914,0.1626335728178821,0.410629548029129
1.66,1.6132812,0.046718717,13.040968536596214,0.9997354497354681
1.86,1.7744141,0.08558595,0.5892442889438984,0.5651291536473108
1.48,1.3603516,0.11964846,1.9074533960384668,0.9188941056379321
4.31,3.9121094,0.39789057,2.3426970862459453,0.40537782485480134
3.94,3.8164062,0.12359381,1.181147351077886,0.7743001094821916
3.22,3.1503906,0.0696094,0.822795503336856,0.852463969477956
3.39,3.5019531,-0.11195302,-0.7431797536949969,0.532232573460855
3.21,3.1035156,0.10648441,0.7743082515956451,0.6101564110893106
3.07,2.9589844,0.11101556,0.5803457009138844,0.24570671951028072
2.23,2.0332031,0.1967969,2.674060106156886,0.8883547532256604
3.56,3.46875,0.09124994,0.7334554090769309,0.680946246701058
2.8,2.8007812,-0.0007812977,-0.007972621521276289,0.8020402639001472
1.64,1.4492188,0.19078124,1.3597409700658063,0.5942065470125653
1.0,1.0097656,-0.009765625,-0.13834761549289243,0.8972923439187473
2.29,2.0878906,0.20210934,1.1146345204189345,0.3222744419123494
1.48,1.4248047,0.05519533,0.3467167750137821,0.47760252117591606
3.5,3.4335938,0.06640625,0.7405736261576795,0.8342599304131992
3.8,3.4101562,0.3898437,2.9340249236989666,0.6360853525721614
3.01,2.9277344,0.082265615,0.7990620639090666,0.7815149301392763
0.8,0.6201172,0.17988282,1.0524990579348699,0.39788138731974754
2.63,2.3417969,0.28820324,2.6001311109656253,0.7467477523301314
0.36,0.21594238,0.14405763,1.2580893795520383,0.7297313727787593
0.2,0.31396484,-0.11396484,-1.3309622187149237,0.8488680072316607
2.79,2.6113281,0.17867184,1.9147823926248964,0.8205186027614557
0.77,0.6894531,0.080546856,0.7168763580945261,0.7397715604708024
3.6,3.4003906,0.19960928,1.3648832063849434,0.559123894049102
2.5,2.203125,0.296875,1.4534477506618966,0.14000783707015393
2.66,2.65625,0.0037500858,0.02034850148027085,0.2998942583976761
0.91,0.9355469,-0.025546849,-0.18170524900017604,0.5925392165197015
2.15,1.6806641,0.46933603,4.335323578299439,0.7584145087614071
1.94,1.7646484,0.17535162,1.6751563704055932,0.77413187586331
3.49,3.3398438,0.15015626,1.449625503499495,0.7788324900545772
1.92,2.0390625,-0.11906254,-0.8748027694591074,0.618164681122251
3.27,3.0644531,0.20554686,1.6780880610038995,0.6907296619583454
1.34,1.2539062,0.08609378,0.5812838929898044,0.5478181814049686
0.02,-0.022659302,0.0426593,0.3888420299374864,0.7518997734796287
1.4,1.3515625,0.048437476,0.3176586019597613,0.5207215968230882
1.66,1.5664062,0.09359372,0.7137732154279743,0.6455793798485542
2.8,2.8925781,-0.09257817,-0.7577755241744348,0.6923321268284649
1.5,1.2490234,0.25097656,2.2836256960193713,0.7510210799087458
3.1,3.0117188,0.088281155,0.5683434998767145,0.5026520839414166
3.12,3.4277344,-0.3077345,-1.7778589536851825,0.38240492132045684
2.35,2.0839844,0.26601553,1.7753993494616789,0.5372270593543765
2.1,2.2207031,-0.12070322,-0.7926066046498029,0.5219553870199528
2.68,2.6484375,0.031562567,0.19762451811725207,0.4742139395290941
2.98,2.7636719,0.21632814,1.1475077935545723,0.26741023136800707
1.2,1.0849609,0.11503911,1.4187432375913005,0.8644718511119114
3.5,3.3339844,0.16601562,1.7091003961516151,0.8055048089797273
4.09,4.1757812,-0.0857811,-0.8905186725976545,0.8087316007572098
2.11,1.8613281,0.24867177,2.3961482101339637,0.7779904252024654
-0.05,-0.051513672,0.0015136711,0.011911876162200134,0.6671498140893051
2.3,2.3046875,-0.0046875477,-0.04108148622531977,0.7316230634351613
3.7,3.7011719,-0.0011718273,-0.010279712989653848,0.732137853685639
2.41,2.3789062,0.031093836,0.19536858949729788,0.4778621118383867
2.04,2.1328125,-0.09281254,-0.6337969962350775,0.5579625817977939
-0.22,-0.25170898,0.031708986,0.19471837100924916,0.4533656369922167
2.06,1.96875,0.09124994,0.8439114741627489,0.7589997428751356
3.63,2.6269531,1.003047,8.28429590649955,0.6978118434749717
2.6,2.7460938,-0.14609385,-1.755218548907113,0.8571936467481597
-0.21,-0.15698242,-0.05301757,-0.2974009608925539,0.34490993092610056
1.6,1.5351562,0.064843774,0.37434095392901223,0.3814882317371367
1.37,1.1621094,0.20789063,1.3440385808942623,0.5068347731977146
1.6,1.3613281,0.2386719,2.0441883483029195,0.7189996586510494
2.3,2.2246094,0.07539058,0.4925323541374438,0.5170405177142374
3.72,3.3789062,0.34109378,3.637626908586349,0.8187586132169943
0.42,0.35009766,0.06990233,0.5581490069897898,0.6766825931319463
3.2,3.1035156,0.09648442,0.8551551821460381,0.7375958922365354
1.9,1.8574219,0.0425781,0.26098278132250147,0.45135053950378407
2.46,2.5097656,-0.049765587,-0.4902611215277708,0.7876024813861398
3.08,2.9316406,0.1483593,1.0958113179559366,0.6221633621739773
3.3,2.9726562,0.3273437,2.633654792625472,0.6815535806950737
2.8,2.6484375,0.15156245,1.1227002882307033,0.6243341935263149
3.66,3.671875,-0.011874914,-0.07615140653945957,0.49875369079387
3.19,3.0605469,0.12945318,2.188193446436423,0.9278560157181646
2.84,2.6582031,0.18179679,1.38650669600237,0.6456156273576136
2.37,2.0839844,0.2860155,2.445749582491169,0.7180959711374463
-0.72,-0.6567383,-0.06326175,-0.4749531535242858,0.6342983636633859
2.5,2.3183594,0.18164062,1.4761533342542124,0.6878889682126806
-0.82,-0.73046875,-0.08953124,-0.9060567480711229,0.79872746523433
2.11,2.2382812,-0.12828135,-0.7787760283227786,0.44069588503286994
-0.54,-0.578125,0.03812498,0.42572893421807073,0.8346900598577996
1.7,1.6582031,0.041796923,0.32872097123747634,0.6667425393938813
2.3,2.3066406,-0.0066406727,-0.039274952418470996,0.41069666095453333
3.4,3.4433594,-0.04335928,-0.25629682805703696,0.4100384042304527
1.2,1.4970703,-0.29707026,-1.7451578413125621,0.40269654248443193
3.77,3.6191406,0.15085936,1.0710816964869079,0.5910733725845952
2.8,2.8613281,-0.061328173,-0.42436527440133887,0.5694868115793722
3.71,3.71875,-0.008749962,-0.0621974308602529,0.5920438212672079
1.9,1.7304688,0.16953123,1.403195434272955,0.6991090203573341
4.0,4.0117188,-0.01171875,-0.14829277685001618,0.8712732894764881
2.12,1.8935547,0.2264452,1.1839001852887283,0.24587707739628645
-0.52,-0.3630371,-0.15696287,-0.8856065317671545,0.3524723223579124
3.9,3.734375,0.1656251,0.887595100420884,0.2822576404022335
2.12,2.109375,0.010624886,0.056861078268790534,0.2802785807720036
2.36,2.3007812,0.059218645,16.530173414093635,0.9997354497354415
3.07,2.8417969,0.22820306,1.5834733746091858,0.5718780668008336
1.9,1.8017578,0.09824216,0.9290391136350972,0.769498408739638
2.9,2.9550781,-0.05507803,-0.3092456312377503,0.3461234950312637
-0.62,-0.6352539,0.0152539015,0.10260336574139993,0.5443989173243831
1.64,1.5019531,0.13804686,1.5194168463895867,0.8298447775972269
3.16,3.1523438,0.007656336,0.040316034193958135,0.2565831036309576
1.37,1.4560547,-0.08605468,-0.6340715249479086,0.6203192288039332
3.12,2.9453125,0.17468739,0.9456641122538048,0.29661134051076504
3.45,3.0292969,0.42070317,2.7123773724463165,0.5040961991881194
0.34,0.05923462,0.28076538,1.8980544583605934,0.5489591517866558
2.29,2.4082031,-0.11820316,-0.7100396438695714,0.42873306213693557
4.24,4.46875,-0.22875023,-2.6089341293485466,0.8415315047041331
2.3,2.1328125,0.16718745,0.9347988900985407,0.34064838936904
2.55,2.5058594,0.044140577,0.6475611611082498,0.904223156561592
3.93,3.8085938,0.12140632,1.6403496927993388,0.887083925428402
0.05,0.06365967,-0.013659667,-0.12941888455908068,0.7703687332844664
2.65,2.4941406,0.15585947,1.1161441840608177,0.5980501426259498
3.4,3.5507812,-0.15078115,-1.08229402331331,0.5999173696051451
2.48,2.1640625,0.31593752,4.096886101271701,0.877414045069397
2.41,2.2519531,0.15804696,1.6707023228812843,0.8155323424437988
3.3,2.9765625,0.32343745,2.29748002774188,0.5914706967241524
2.4,2.3691406,0.03085947,0.21074292018152765,0.5580053252548169
1.4,1.1953125,0.20468748,1.264481730821146,0.45986351742413706
2.19,1.9638672,0.22613287,1.5635538278722272,0.5688307286328816
1.45,1.34375,0.10625005,1.252729795280704,0.85171762230952
1.61,1.4736328,0.1363672,1.0857769459872937,0.6748492847517589
3.4,3.2949219,0.10507822,1.0558361100754066,0.7958363207340777
2.34,2.390625,-0.050625086,-0.5600108830038595,0.8315446924222424
-0.41,-0.10998535,-0.30001464,-1.6595549497947704,0.3263291998323752
1.49,1.3925781,0.097421885,1.1529161722051766,0.8528149572874414
1.0,1.5087891,-0.50878906,-3.094919576090661,0.4429131781303751
-1.3,-1.2050781,-0.09492183,-1.3602642084275163,0.8996235744494046
-1.33,-0.9350586,-0.39494145,-3.007403455659171,0.6445093931354607
4.07,3.4726562,0.5973439,4.332182394739355,0.608094354802705
2.3,2.234375,0.06562495,0.5787301721790533,0.7349475398059807
2.02,2.140625,-0.12062502,-0.7188868644698826,0.4196369138519638
1.45,1.515625,-0.06562495,-0.7612252268239074,0.8468003599013624
1.81,1.8291016,-0.01910162,-0.09434976869766565,0.15510099665490953
2.5,2.34375,0.15625,2.0965317667418217,0.8855058636651643
2.65,2.8320312,-0.18203115,-1.6030498904051507,0.7342070495671117
2.64,2.359375,0.2806251,1.6576594417535582,0.40924350383352653
2.85,2.9570312,-0.107031345,-1.0690741791128298,0.7933895059795485
4.24,3.9511719,0.2888279,2.882377322954105,0.7930227097942926
0.75,0.7939453,-0.043945312,-0.7016390485437982,0.9191381449555049
3.18,2.9960938,0.18390632,1.9930856858304384,0.8244958296393387
-0.75,-0.64453125,-0.10546875,-0.5825532526223268,0.32434900183941406
3.07,2.8164062,0.25359368,2.752447572193909,0.8250214392177951
3.24,3.2617188,-0.02171874,-0.15123446768983434,0.5748777898356475
1.97,1.9345703,0.035429716,0.21801353025217912,0.45560448584260255
2.32,2.5527344,-0.23273444,-1.8210047412669719,0.6632983450277411
1.2,1.0595703,0.14042974,1.6711983202254828,0.8544513234832294
1.97,2.0117188,-0.04171872,-0.2711741650916428,0.5121217654737032
1.83,1.7363281,0.09367192,0.6583744751108813,0.5827282891702245
3.8,3.5996094,0.20039058,1.3216791215318278,0.5261415584967255
3.1,2.9667969,0.13320303,0.9162722949021146,0.5643625741632387
3.37,3.2421875,0.12781239,0.8590562147885737,0.5437017518324724
1.9,1.8554688,0.044531226,0.4677603368557224,0.81317774591252
1.8,1.8652344,-0.06523442,-0.5292583388752597,0.6868414195987659
2.68,2.8242188,-0.14421868,-0.8966494649480601,0.4667341746379104
2.71,2.5957031,0.11429691,0.6453850253856562,0.35348691091345763
2.94,2.6835938,0.2564063,1.4226898722471806,0.3304499973974623
1.7,1.7255859,-0.02558589,-0.22139896815068288,0.7247065024102732
1.61,1.4599609,0.15003908,1.463038083411232,0.7832078301667895
3.31,3.0039062,0.3060937,1.838200760363431,0.4284306043397679
3.42,3.3378906,0.08210945,0.49756546203140034,0.438652316988196
2.09,1.9658203,0.1241796,1.819445038325956,0.9039784458871984
1.47,1.1523438,0.31765628,2.3337019745975778,0.618081946638613
4.05,3.6699219,0.38007832,2.4652810044557567,0.5100413662924181
3.0,2.9335938,0.06640625,0.9099227810447215,0.8902119874028677
-0.14,-0.0871582,-0.052841797,-0.42496275467253547,0.6812871930644409
3.92,3.8398438,0.08015633,1.2451541127759118,0.9145768696786357
0.71,0.5991211,0.110878885,1.3420865319525075,0.8593036762420272
-0.06,-0.016708374,-0.043291625,-0.32026470247132627,0.6233519667676066
4.28,3.7988281,0.48117208,6.136322303678553,0.8732550656679656
3.6,3.4921875,0.107812405,0.8923874894448385,0.6991315790905331
1.14,1.1660156,-0.02601564,-0.1889015234170552,0.6090293354326494
1.82,1.5820312,0.2379688,1.1998104047563487,0.18911196849271333
3.66,3.0761719,0.5838282,3.788380752854449,0.5104365373858076
2.68,2.4082031,0.27179694,3.077739972762673,0.839242453508273
0.3,0.25610352,0.043896496,0.5920933877820156,0.8867011816567104
0.02,0.50878906,-0.48878905,-5.590459882351653,0.8424225904458342
3.8,3.7792969,0.020703077,0.30822532800639657,0.9070007922070072
2.41,2.2089844,0.20101571,2.4063434742800833,0.856156296154364
3.45,3.4765625,-0.026562452,-0.37532521982066613,0.8967554993406355
3.47,3.2617188,0.20828128,1.2648665870938236,0.4410703901912351
3.4,3.2890625,0.110937595,0.6843977909066441,0.45839035969194364
1.28,0.99560547,0.2843945,3.1050096837671117,0.8270730967199902
4.48,4.1757812,0.30421877,3.0070675225747707,0.7890246397442272
3.15,3.1386719,0.01132822,0.094261568311517,0.702285393252105
2.19,1.8652344,0.32476568,3.1056521641138986,0.7745860833195194
-0.49,-0.34057617,-0.14942384,-1.7591962341420533,0.8512841399707697
0.7,0.5756836,0.124316394,1.4398303829204848,0.8463331349903348
0.64,1.6972656,-1.0572656,-11.397778771876647,0.8226325682215672
1.4,1.4492188,-0.049218774,-0.4053574488750736,0.6960995437187022
2.0,1.8427734,0.15722656,1.6918673386983518,0.8219814277126963
2.21,2.1679688,0.04203129,0.3769407520025991,0.7437019494087055
0.93,0.9765625,-0.046562493,-0.29914003533487143,0.5005759485909282
1.69,1.4199219,0.27007818,3.422931839459506,0.8716698832483529
1.49,1.4667969,0.023203135,0.2791693912553464,0.8576020277143008
3.1,2.9140625,0.1859374,1.3765205142041619,0.6238905537993761
2.39,2.2480469,0.14195323,0.7219140377787918,0.20298651146040347
2.2,2.1035156,0.09648442,1.452622111420016,0.9090599493279037
2.71,2.6386719,0.07132816,0.42260420716496805,0.4127804098130119
3.33,3.1835938,0.14640617,0.8799077317614998,0.42932269542085805
1.7,1.4746094,0.22539067,1.4350753903274982,0.4915262545209806
2.3,2.421875,-0.12187505,-1.1785281090061257,0.7795572630306593
2.3,2.2675781,0.032421827,0.2543850839979648,0.6651596561253508
2.63,2.3320312,0.29796886,1.807580344552758,0.4398650918292122
1.76,1.6728516,0.08714843,0.4681559769056525,0.285694394820428
3.6,3.5488281,0.05117178,0.276275304466018,0.29283135324748666
2.25,1.9277344,0.32226562,1.923763532544002,0.42154353579663073
2.81,2.7851562,0.024843693,0.1372632743665328,0.324742092280826
1.6,1.3828125,0.21718752,1.9353698181753203,0.7404100302905869
3.65,3.5058594,0.14414072,2.0249785477346665,0.8955571748686936
3.92,3.75,0.17000008,0.9667369451805334,0.3625770611607303
2.58,2.6777344,-0.09773445,-0.6115989594870561,0.4736095878913456
3.4,3.1347656,0.26523447,2.652455644118123,0.7938849244313011
3.4,2.9902344,0.40976572,3.749893033870639,0.7538614847193519
3.07,3.0507812,0.019218683,0.12443957282723211,0.5083270423069132
2.17,2.2480469,-0.0780468,-0.40104867445037573,0.2193396796562913
2.3,2.25,0.049999952,0.2940289513010082,0.4039192754038489
2.8,2.8378906,-0.037890673,-0.20167237218690867,0.2723577545778628
0.53,0.39746094,0.13253903,0.9185770081454746,0.5708564917176683
2.55,2.2441406,0.30585933,2.9818961754606086,0.7831274879394086
0.37,0.31103516,0.05896485,0.4095016687793919,0.5726131943934935
4.14,4.390625,-0.25062513,-1.673207218859752,0.5375168959066
3.3,3.1777344,0.12226558,1.1532962007408274,0.7683284144901842
3.38,3.421875,-0.041874886,-0.346336790673967,0.6986604761577261
3.22,2.7988281,0.4211719,3.4742104899012958,0.6970627931882047
1.9,1.9892578,-0.08925784,-0.5888953035857686,0.5264535160331003
2.6,2.4023438,0.19765615,3.0941126555024105,0.9158809174198232
2.18,2.1933594,-0.013359308,-0.09097477898907587,0.5554997489515736
3.2,2.8222656,0.37773442,2.4280898044956944,0.501127316304346
2.35,2.4375,-0.087500095,-0.5032283637862277,0.37679214657197363
3.12,3.2011719,-0.08117199,-0.46925463177958493,0.3832043072698221
2.24,1.8701172,0.36988282,5.532436270499372,0.9078614076577788
0.36,0.40893555,-0.048935533,-0.4660016577760982,0.7726893400652307
3.21,3.25,-0.03999996,-0.25927361956229794,0.5093762349951014
-0.34,-0.34936523,0.009365231,0.10019693607564975,0.8199163956674655
3.55,3.5644531,-0.014453173,-0.17192167873211636,0.8543162256132196
0.11,0.20153809,-0.09153809,-0.4999760378409482,0.30904245017407656
3.12,3.0820312,0.037968636,0.2061663738341661,0.3008660301746747
0.91,0.90966797,0.00033205748,0.0018247110309501326,0.3173714974289892
1.11,1.0878906,0.02210939,0.13204293742999038,0.42207799974750887
1.05,1.1591797,-0.109179735,-30.476211555691346,0.9997354497354679
1.1,1.2128906,-0.1128906,-1.4879552633389392,0.8813461289864967
0.69,0.6899414,5.8591366e-05,0.0005223847804124227,0.7406822164363785
3.3,3.0527344,0.24726558,1.5540883120044104,0.4781784369145113
3.2,3.1074219,0.09257817,0.8928954310850787,0.778403908912998
2.0,1.9335938,0.06640625,0.43868957229802,0.5276658162939627
1.4,1.1132812,0.28671873,1.8524619772989301,0.5061903193493149
1.1,1.1171875,-0.017187476,-0.14495002862852135,0.7101764348714891
-0.97,-0.8745117,-0.09548831,-0.8453320522706372,0.7369781500508262
0.73,0.5283203,0.2016797,1.7906793821650773,0.7385221994915148
2.0,1.9267578,0.07324219,0.7469708818242221,0.8018193008762697
3.04,3.0039062,0.03609371,0.19362412665899983,0.283707773699848
0.96,0.8808594,0.0791406,0.5135192907979637,0.5104114211366177
1.06,0.7675781,0.29242182,2.695603096586055,0.7574206993543166
2.98,2.7128906,0.2671094,2.0459001573005167,0.6486373930357391
4.4,3.9726562,0.42734385,3.6121749298918227,0.7114882886324975
1.44,1.4970703,-0.057070255,-0.3976566074961896,0.5754299919665627
3.95,3.4765625,0.47343755,3.957483427668005,0.7049923523278431
-0.1,-0.10974121,0.009741209,0.11488341456678351,0.8517969368315026
0.91,0.9296875,-0.019687474,-0.24248645092671092,0.8641213827232055
3.5,3.0332031,0.46679688,2.7312575315916887,0.39788885778332206
3.02,2.9453125,0.07468748,0.4738791599985222,0.48795693159442044
0.78,0.7885742,-0.008574247,-0.10028429637223991,0.8493142301338596
-0.9,-0.5410156,-0.35898435,-3.9777392560469296,0.8321101273864911
-1.27,-0.4230957,-0.8469043,-8.16728988063513,0.7783545601566235
0.13,0.12335205,0.0066479445,0.03823720152810492,0.3769130554678828
-0.11,-0.08679199,-0.023208007,-0.13174865289759713,0.3603691192687045
3.37,3.1425781,0.22742176,1.8573585748418882,0.6909572127081325
0.54,0.62939453,-0.08939451,-0.6283336378607299,0.5827588231552789
1.94,1.7148438,0.2251563,1.3824692275137755,0.4532316388466061
1.68,1.5517578,0.12824214,0.8059143003050817,0.47804886855150003
2.7,2.9550781,-0.25507808,-1.6987555555920957,0.5352380370326247
2.9,2.1953125,0.7046876,3.8809621946710173,0.32038881661676
1.9,1.8671875,0.032812476,0.31175415703655907,0.7716507488003774
1.37,1.3095703,0.060429692,0.4904176023767543,0.6870213206438712
1.16,1.0537109,0.10628903,0.8685304038936157,0.6912884231932629
1.78,1.6367188,0.14328122,0.8248633224344074,0.37804258255009554
3.9,3.75,0.1500001,1.2256383658010177,0.6912517788917452
2.57,2.3535156,0.21648431,1.308302228036956,0.435605503398158
3.1,2.9921875,0.107812405,0.5933010066764091,0.31933505800565865
0.57,0.37963867,0.19036132,1.3286975161901837,0.5768919763104037
4.3,2.9101562,1.389844,11.072056329223441,0.6751958341434872
1.75,1.4208984,0.32910156,2.6497945254995643,0.6820333441190582
0.22,0.37304688,-0.15304688,-1.7021306243098338,0.8333484887522785
2.75,2.4707031,0.27929688,1.557609810879601,0.3372329746117326
2.1,1.859375,0.2406249,4.2688591592433225,0.9345056880150657
1.3,1.1074219,0.19257808,2.232312855499208,0.846591416405339
1.25,1.1220703,0.12792969,0.7073178902169329,0.3256901864506254
0.84,0.6254883,0.21451169,1.2498212576390482,0.3927714078169607
1.24,1.0830078,0.1569922,1.1961954720178092,0.6449431349913491
0.2,0.28759766,-0.08759765,-0.926572082674812,0.8157648003512709
0.93,0.94628906,-0.016289055,-0.14203544829024156,0.7288907140493068
4.13,3.5019531,0.628047,7.840266546442173,0.8677277598473438
2.01,1.7841797,0.2258203,1.5081128477183416,0.5378272029547972
3.0,3.0683594,-0.068359375,-0.3850574562110457,0.35033244274236053
2.0,1.9287109,0.07128906,0.4678334671843909,0.5213596341070899
3.15,2.5996094,0.5503907,3.2703437385720338,0.416149725945412
1.83,1.0576172,0.77238286,4.5434714261252624,0.40428884029611906
2.95,3.0019531,-0.051953077,-0.43109094734791453,0.7006144494041466
3.8,3.7246094,0.07539058,0.745312390253904,0.7890869054933654
1.21,1.1816406,0.028359413,0.14030444709755835,0.15783402013473558
2.23,2.0332031,0.1967969,2.0552444194981083,0.8110026945528932
3.9,3.6796875,0.2203126,2.2311531477912494,0.7990139208226182
3.85,3.7441406,0.10585928,0.7390602698360454,0.5770936131670861
0.45,0.5708008,-0.12080079,-0.6579695564316045,0.30517720140354865
1.1,0.9326172,0.16738284,1.2671764696768641,0.6403386800780442
-0.7,-0.2890625,-0.4109375,-3.4188116016708583,0.7021845161615616
3.81,3.5703125,0.23968744,1.9952091912687167,0.7025186263641006
-0.33,-0.13781738,-0.19218263,-1.2595355417690695,0.5200969611661062
2.48,2.3554688,0.12453127,0.7807709896577749,0.47560857770224557
4.5,4.171875,0.328125,1.9980454379726071,0.44407781118483647
2.1,1.8720703,0.22792959,2.10084961193349,0.757362688627276
2.18,2.3554688,-0.17546868,-1.807720973854656,0.8057851077678433
2.74,2.8164062,-0.07640624,-0.5018832524251595,0.5222525889662333
3.6,3.2949219,0.30507803,2.2188141558360868,0.6103038658541158
3.42,3.3476562,0.07234383,0.6567376055251343,0.749870296907513
1.71,1.8251953,-0.115195274,-0.8112086826716292,0.5843285141690036
1.41,1.2275391,0.1824609,1.71088368727907,0.7655529556527063
1.77,1.7529297,0.017070293,0.13948178887718304,0.6912598979301691
3.77,3.6464844,0.123515606,1.4135142077525258,0.8426055558736159
2.7,2.6503906,0.049609423,0.42813960594006556,0.7232398074809702
1.13,1.0654297,0.06457031,0.4199562759346834,0.5126918794719288
2.04,1.9443359,0.095664024,0.8938401358583555,0.7638849458311868
1.4,1.5996094,-0.1996094,-1.219568739759737,0.4478011555919956
3.1,2.9824219,0.11757803,0.728901225218104,0.463634193736701
4.23,4.0585938,0.17140627,1.7421151435021234,0.8004527349212759
3.96,4.1210938,-0.16109371,-1.1167960991172372,0.5711005511601654
1.39,1.2314453,0.15855467,1.0465412391347741,0.526858013866967
3.5,3.203125,0.296875,3.164032346288725,0.8185272115812571
3.58,2.703125,0.8768749,5.486865711123688,0.47353109334632915
2.7,2.4941406,0.20585942,2.9061791246595203,0.8965708796409775
2.02,1.8007812,0.21921873,1.7493383689592588,0.6762917538394105
2.6,2.3398438,0.26015615,2.1810961436661156,0.7067320000152122
3.63,3.4394531,0.19054699,2.2742131632140947,0.855293535441889
2.83,2.796875,0.033124924,0.17555552509327138,0.26611695051201845
1.5,1.5214844,-0.021484375,-0.12410053332494736,0.3822052114557767
0.68,0.7495117,-0.06951171,-0.48704635747149755,0.5801236113515824
1.91,1.9238281,-0.013828158,-0.08984533218605131,0.5117033548934099
2.17,1.9189453,0.25105476,1.4135926909071372,0.34981875295610715
0.81,0.76904297,0.040957034,0.3220710321227157,0.6666505466014193
3.65,3.578125,0.071875095,0.6536965142455242,0.7507985198847115
3.0,2.9648438,0.03515625,0.37029280044295926,0.8141936124993924
0.74,0.71728516,0.022714853,0.2154352273576066,0.7708433201543035
-0.65,-0.5859375,-0.064062476,-0.3748388879867728,0.3979060705962636
2.51,2.359375,0.15062499,0.7901094370864853,0.25085539785353095
1.42,1.4238281,-0.003828168,-0.04312412013601022,0.8375620307396799
2.74,2.5644531,0.17554688,1.051117106851159,0.4250499287913841
1.65,2.0351562,-0.38515627,-2.0121327620278335,0.24472210174724482
0.99,0.7504883,0.23951173,1.898004711446789,0.671749735478477
-0.4,-0.31713867,-0.082861334,-0.8561952457644558,0.8069346634473962
3.0,2.7714844,0.22851562,2.207541310611664,0.7791180587457902
3.07,2.9453125,0.12468743,0.7999715305771653,0.4992252827384031
2.81,2.4511719,0.35882807,2.112607028553931,0.40532256403560646
1.22,1.078125,0.14187503,1.020926590175735,0.6019212621843416
1.29,1.4775391,-0.1875391,-1.7823849683964,0.7717941758670717
0.2,0.24072266,-0.040722653,-0.5942068612483927,0.90318494500943
2.26,2.1855469,0.074453115,0.5765055308515267,0.656200783774638
1.39,1.3808594,0.009140611,0.048749176947755296,0.2752938659616183
3.25,3.4160156,-0.16601562,-1.0184269714340741,0.45224767134555816
1.16,0.99121094,0.16878903,1.213106874615442,0.6009416611544481
4.42,4.0585938,0.36140633,3.2773190549312097,0.7493312803922901
1.6,1.6572266,-0.05722654,-0.6171962616765491,0.8227874516103344
3.0,2.9140625,0.0859375,0.7296411238216927,0.7140481492718863
3.2,3.1601562,0.039843798,0.831178962230527,0.9526327190349613
2.0,1.9658203,0.034179688,0.2825864171720743,0.6984358599322772
2.79,3.0878906,-0.29789066,-1.9936382094452298,0.5397782143544089
3.7,3.3730469,0.32695317,2.462452479448366,0.6366028780014191
3.3,3.1621094,0.13789058,0.7505550988841967,0.3042549769732203
1.44,1.2080078,0.23199224,1.4199769750289113,0.44978754474917476
2.73,2.7070312,0.02296877,0.21468980322188547,0.7640615647602292
2.7,2.46875,0.23125005,2.7544448691138914,0.8547080404162284
2.2,2.0058594,0.19414067,1.9293108374323285,0.7912748699346781
1.44,1.4375,0.0025000572,0.01540342276283396,0.4569853895725345
3.7,3.5820312,0.1179688,1.262830012093243,0.8201167999419807
-0.69,-0.6230469,-0.06695312,-0.38426934374355093,0.3742277733773867
1.17,1.3007812,-0.1307813,-0.8453186090359974,0.50660302621917
1.92,1.8740234,0.04597652,0.2689466488464115,0.39759856498324064
3.9,3.453125,0.4468751,3.4296476884731697,0.6500392223473194
0.93,1.0195312,-0.08953124,-0.7617265747505874,0.715228121667582
1.49,1.3603516,0.12964845,1.247524635861086,0.7773706263356601
2.37,2.28125,0.088749886,0.5918513729941386,0.5364929198740432
1.98,1.9042969,0.075703144,0.6739434691017236,0.7399080065335144
3.49,3.1132812,0.37671876,1.9657155661400854,0.24292443540388925
2.5,2.2617188,0.23828125,1.5674925549648377,0.5236624114227137
3.5,3.5234375,-0.0234375,-0.3669924472638135,0.9159274142284528
1.3,1.3359375,-0.035937548,-0.21780984410724502,0.43883838547597487
3.0,3.015625,-0.015625,-0.15666388544842047,0.7949553920248723
3.37,3.3085938,0.061406136,0.5275565097529767,0.7207252644896018
2.21,1.9951172,0.21488285,1.3727356418438683,0.4949018456751737
0.81,0.4638672,0.3461328,1.8080977752219147,0.24458115845919381
2.8,2.7539062,0.046093702,0.4035546894997311,0.7310791492259602
2.21,2.6113281,-0.4013281,-2.7639779410587284,0.5654136792544819
3.23,3.140625,0.08937502,0.5988654629733007,0.5408867280566235
4.2,3.8847656,0.31523418,1.9819968033610782,0.4785570480196118
1.39,1.2490234,0.14097655,39.35190994878745,0.9997354497354684
0.3,0.34960938,-0.049609363,-0.500546416774529,0.797518813560402
2.5,2.6601562,-0.16015625,-1.2297832598779062,0.650395739447032
0.66,0.4494629,0.21053714,1.5333416581029922,0.611379560867255
3.3,3.2636719,0.036328077,0.22600483598423285,0.46740700507479066
2.1,2.09375,0.0062499046,0.043646585978932194,0.5773388689913708
3.71,3.5058594,0.20414066,2.061873781237074,0.7979397071966451
1.7,1.5390625,0.16093755,0.9850289532409743,0.44974644810062864
2.24,2.1230469,0.116953135,1.037888995810798,0.7382612612482992
3.1,2.8730469,0.22695303,1.4551115812071647,0.4985525091704325
3.56,3.4707031,0.08929682,0.6033337619162616,0.5484531723489948
-0.99,-0.7788086,-0.21119142,-1.196201097782258,0.3574747225105128
3.07,2.6738281,0.3961718,4.6646696198290805,0.8513135324604746
2.43,2.1210938,0.30890632,1.6608225257969924,0.2868954407528527
1.52,1.3681641,0.15183592,1.2372760181167628,0.6895712478896413
2.06,1.9619141,0.09808588,0.6241335744576794,0.4908989591663558
2.97,2.8613281,0.1086719,0.8704810483496981,0.6787360486702769
1.56,1.4775391,0.08246088,0.5354493184555646,0.5111166114330795
1.62,1.3662109,0.25378907,1.5323914014718263,0.4346043090463215
0.7,0.64990234,0.050097644,0.47323608910808307,0.7689930825816753
3.04,3.125,-0.08500004,-0.508382519384599,0.4237603857079395
2.53,1.8994141,0.6305859,4.181844791150617,0.5312958580270898
3.7,3.4511719,0.24882817,1.8053761527360412,0.60842966262719
3.1,3.0449219,0.05507803,0.29656577210697815,0.289014363801345
3.27,3.1308594,0.1391406,1.383856437643022,0.7916124390059163
2.19,2.3320312,-0.1420312,-1.8386636650183459,0.8769989075107842
-0.76,-0.5048828,-0.25511718,-3.2141392742228176,0.8701338070894455
4.2,3.8105469,0.38945293,2.5046558318649357,0.5016207710392895
3.56,2.7382812,0.8217187,6.688881139421071,0.6889104206128515
2.65,2.5429688,0.107031345,0.5585007787950547,0.24295710000856094
0.11,0.1126709,-0.002670899,-0.02595269974416766,0.7816787821608002
2.82,2.8027344,0.017265558,0.1457835895801646,0.7108720622547424
3.57,3.3476562,0.22234368,2.62547811091231,0.8521644519648112
1.79,1.7402344,0.049765587,0.24921654303814567,0.17804013437660224
3.0,2.9941406,0.005859375,0.0664753246098346,0.8398497054036367
0.29,0.59716797,-0.30716798,-3.1189151289426778,0.8000640691135452
-0.15,-0.0013408661,-0.14865914,-1.391898692462471,0.7648667398087883
3.14,2.7832031,0.35679698,3.087016232665948,0.7246338194020379
2.31,2.0644531,0.24554682,2.7576167674229954,0.8365643155987589
1.33,1.2705078,0.05949223,0.7003908136563881,0.8512744074094302
4.07,3.9082031,0.16179705,0.8928029278271722,0.323019660529258
3.31,3.3144531,-0.004453182,-0.059076038087256116,0.8828710373028834
2.73,2.8632812,-0.13328123,-1.0895822806415523,0.6915647443837271
3.9,3.8652344,0.03476572,0.21371139297988795,0.454501949219384
3.84,3.4570312,0.38296866,3.3797635072195584,0.7353329096148117
-0.5,-0.3166504,-0.18334961,-1.8962278895558047,0.8072807902121197
1.4,0.7026367,0.69736326,7.790388432466479,0.8348243645111605
1.2,1.1513672,0.04863286,0.43176687842385564,0.7384787013668432
3.95,3.9453125,0.0046875477,0.06123906823336238,0.8792240849211543
2.32,2.2988281,0.021171808,0.2571054547641156,0.8602218107729511
1.82,1.8271484,-0.007148385,-0.04885177317068855,0.5586315358202159
2.29,2.0078125,0.28218746,1.6481326262011102,0.3957214185228247
2.37,2.328125,0.041874886,0.2401079095469098,0.37303915244813024
3.7,3.5957031,0.10429692,0.8336585155646308,0.677364095862443
2.7,2.7226562,-0.022656202,-0.21791217700704493,0.7771783851309648
-0.31,-0.33935547,0.029355466,0.17216004714595423,0.4006792549815634
3.32,3.3574219,-0.03742194,-0.30978468005985627,0.6991992936409049
1.38,1.8818359,-0.50183594,-2.4547664497390107,0.13851195353339157
3.01,2.8398438,0.17015624,1.2877424552579528,0.6400983625387625
2.74,2.7148438,0.02515626,0.1393677085658636,0.3283950288418991
3.1,2.9921875,0.107812405,0.5933010066764091,0.31933505800565865
2.4,2.3984375,0.0015625954,0.0129739806309853,0.7009852153883087
3.1,2.9140625,0.1859374,3.026805161451371,0.9222123439129324
2.72,2.2363281,0.4836719,6.053717145166919,0.8684158565143352
2.6,2.375,0.2249999,3.118497502757965,0.8926950010302889
2.71,2.6171875,0.09281254,0.5832190771559517,0.477969420127234
2.5,2.4785156,0.021484375,0.16859259484432262,0.6652546551549061
1.93,2.0449219,-0.11492193,-0.6598304304686324,0.37470175608974354
2.51,2.5390625,-0.02906251,-8.112450423861834,0.9997354497354602
1.8,1.7929688,0.0070312023,0.04292753488748613,0.4469895000923168
1.63,1.7880859,-0.15808594,-0.8597629831236256,0.3030925507106291
2.7,2.7050781,-0.0050780773,-0.046767394966695984,0.7569708619084728
2.14,2.0371094,0.10289073,0.6952764089501967,0.548577089559605
3.3,3.2480469,0.051953077,0.34300374143178336,0.5270982431869606
3.1,2.9023438,0.19765615,1.9067828962494544,0.7785048217301461
4.19,3.9746094,0.21539068,2.3038416712598946,0.8198249493923648
3.8,3.5917969,0.20820308,1.2690463147900257,0.44516297831718576
2.87,2.8164062,0.053593636,0.557197843707482,0.8092986923277199
1.47,1.3857422,0.08425784,1.1959002117575739,0.8976761536679195
3.83,3.7265625,0.10343742,1.153287801160477,0.8341841347458763
1.71,1.7480469,-0.038046837,-0.2738142507198849,0.6020109663896324
-1.5,-1.2109375,-0.2890625,-3.9775088211127527,0.8911302329233258
2.61,2.5566406,0.05335927,0.3530991274346693,0.5292692602671636
1.52,1.3251953,0.19480467,2.0359190489096015,0.8112774495982789
2.83,2.515625,0.31437492,2.3662986519309817,0.636166428795619
2.9,3.1132812,-0.21328115,-2.04996406551426,0.7768696956518865
0.78,0.87353516,-0.093535185,-0.6838405498078587,0.614356153131107
2.31,2.1367188,0.1732812,1.0042933280768078,0.3863400358401662
2.49,2.453125,0.03687501,0.36861896598132354,0.7937209999803718
2.03,1.4277344,0.6022656,3.719312506302638,0.4594985569613035
1.51,1.4375,0.07249999,0.8777200940602237,0.8593596609194362
0.9,1.0888672,-0.18886721,-4.549433351035893,0.9644741392080892
3.4,3.3652344,0.03476572,0.24325624058808532,0.5789627000661519
3.24,3.0800781,0.15992188,1.1616190092428422,0.6093080482049833
2.51,2.6113281,-0.101328135,-0.743045495081959,0.6166677383200364
3.8,3.6269531,0.17304683,1.3045851660784646,0.6373159152852055
2.57,2.21875,0.35124993,4.0909437412899345,0.8480391988976332
3.46,3.2910156,0.16898441,0.9314142854615598,0.32149415326828057
2.2,2.2089844,-0.008984327,-0.09731515500041481,0.8243062704698738
0.8,0.75390625,0.046093762,0.4125917161221143,0.7427298567739036
0.87,0.796875,0.073125005,0.3982700182488853,0.3050994190450443
0.95,0.91308594,0.03691405,0.29538623531840613,0.6780792386248813
4.05,3.8984375,0.15156269,0.9817214266249975,0.5086916311520328
2.41,2.2753906,0.13460946,2.2616509624199255,0.9269792828425154
2.68,2.4199219,0.2600782,1.705218919143402,0.5204944072304549
2.83,2.5683594,0.26164055,1.7312912608410174,0.529222263208094
3.68,3.3769531,0.30304694,1.7233072350646623,0.36255829148013613
0.4,0.15942383,0.24057618,1.850637130779636,0.6516556375913963
1.08,0.63183594,0.4481641,3.7823876136870824,0.7106069065050481
3.6,3.3671875,0.2328124,1.4460073170121674,0.4656604260825628
3.59,3.4277344,0.16226554,1.0025880527124587,0.4600498923562024
2.4,2.2324219,0.16757822,1.1580456196307456,0.5683518344105662
4.2,4.0585938,0.14140606,1.7603784764906423,0.8669943693323059
1.55,1.3642578,0.18574214,2.296411809680088,0.865144881946603
2.35,2.2617188,0.088281155,0.9992775158229568,0.8391171074920848
3.05,2.7089844,0.34101558,2.493638294145666,0.6144971386668248
3.87,4.0390625,-0.16906261,-1.719104975782176,0.8006407208153522
0.74,0.6850586,0.054941416,0.7664708537666993,0.8940857265363837
3.19,3.0761719,0.11382818,0.6673920899170652,0.40036968806204715
0.78,0.6660156,0.11398435,0.6210287564582936,0.30559459360427105
1.71,1.6132812,0.09671879,0.6371288043245487,0.5249784625714152
1.4,1.3935547,0.0064452887,0.05776965812198187,0.7434150153667122
0.4,0.3461914,0.0538086,0.3530610151182319,0.5212046351568714
1.38,1.7431641,-0.36316407,-1.8790310006118702,0.23001202975474733
3.17,2.6855469,0.4844532,3.071148928894242,0.4870819367023168
-0.25,-0.15771484,-0.092285156,-1.2680937440321827,0.8908290545145235
2.64,2.5410156,0.09898448,0.6755790496678601,0.5574850450513938
1.5,1.3720703,0.12792969,0.714638287350185,0.33943401644447646
2.9,1.8535156,1.0464845,10.244040892681511,0.7848858113891485
2.54,2.6230469,-0.08304691,-0.537012674759223,0.5070260118898253
3.65,3.4082031,0.24179697,2.8143528875244788,0.8478434355430644
4.13,3.1816406,0.9483595,6.750443931288148,0.5931564759879803
2.0,1.8759766,0.12402344,0.6831212578710363,0.32054919733505316
2.7,2.5175781,0.18242192,1.271072252376755,0.5754198666024665
3.73,3.5507812,0.17921877,1.688696343433694,0.7678279467421316
2.11,2.2382812,-0.12828135,-0.7787760283227786,0.44069588503286994
1.78,1.4697266,0.3102734,1.982435029955048,0.4950629063788138
3.6,3.2109375,0.3890624,2.430584256247969,0.47184273238836927
1.79,1.7451172,0.044882774,0.47513647915430524,0.8160631579014828
2.14,2.1171875,0.022812605,0.2421650334566872,0.8170750370257712
-0.55,-0.48291016,-0.067089856,-0.363789098415675,0.29893151948353935
3.68,3.359375,0.32062507,1.873200731878942,0.3960897566442347
1.54,1.3632812,0.17671871,1.3186372022351918,0.629779456606232
3.12,2.921875,0.19812489,1.9289989002482204,0.7825496128641939
2.16,2.0214844,0.13851571,1.2825371685206828,0.7595613737481787
3.7,3.6269531,0.07304692,0.5758602536238977,0.6683227156184545
2.1,2.0761719,0.02382803,0.13055483380638805,0.31334839678203186
2.9,2.6757812,0.22421885,2.0732493697726495,0.7589055420113864
1.16,0.7944336,0.36556637,3.174302476852217,0.7266104240546597
3.9,3.7226562,0.17734385,0.9989655597742616,0.3503532076262846
3.68,3.4667969,0.21320319,3.4706546674878047,0.9222123439129291
2.1,2.0898438,0.010156155,0.14875997794426213,0.9039201123650733
3.4,3.2753906,0.12460947,0.7142073294797726,0.3725204411272746
2.28,2.1035156,0.17648435,1.4207030574970139,0.6819086645799444
2.9,2.96875,-0.068749905,-0.4485373402941179,0.5157238500570626
2.68,2.5878906,0.09210944,25.711244201581547,0.9997354497354497
3.6,3.6113281,-0.01132822,-0.0685419211529337,0.4369370916047224
2.37,2.4433594,-0.07335949,-0.431839428373316,0.4051409085654769
3.8,3.4921875,0.30781245,2.5962459100685717,0.7102477567751688
3.0,3.0117188,-0.01171875,-0.11177680844138611,0.7734285121652916
-0.92,-0.9345703,0.014570296,0.07743360556769352,0.270166385556774
2.39,2.2265625,0.1634376,0.9957092173099185,0.4446266811188791
3.71,3.6972656,0.012734413,0.07919523776428394,0.467026243118417
0.35,0.39160156,-0.04160157,-0.3471292588460534,0.7039377364946072
3.8,3.609375,0.19062495,1.6684469173774616,0.7309203858585677
1.75,1.4628906,0.28710938,4.807058692405353,0.9264670505809467
2.59,2.4257812,0.16421866,0.9591034814888796,0.395689440419203
2.77,2.6191406,0.15085936,1.0725718687541943,0.5922088634993559
2.6,2.4882812,0.111718655,0.7443904507340814,0.5357029807017542
2.21,2.0761719,0.13382816,0.851845747221417,0.49123268494653816
2.6,2.4316406,0.16835928,1.8557628938988417,0.8303416526876906
3.05,2.7246094,0.32539058,1.715952802181397,0.25878302590009367
2.59,2.5292969,0.06070304,0.5258004935617899,0.7252580482178208
2.43,2.2988281,0.13117194,1.0503647281937984,0.6785246158660506
1.44,1.1826172,0.25738287,2.715164459383331,0.8147692500921747
3.72,3.3789062,0.34109378,4.0916889675212165,0.8567520360134832
1.13,1.0087891,0.12121093,2.190619365823861,0.9368903416739311
2.9,2.8828125,0.017187595,0.10170081077879821,0.4112546374620697
3.3,3.3046875,-0.0046875477,-0.07677552351084478,0.9231591939107112
2.15,2.2597656,-0.10976553,-0.6962734347095839,0.48770703601309395
3.3,3.3125,-0.012500048,-0.06868577095616041,0.31729061550649496
2.0,1.6367188,0.36328125,1.9844120477022873,0.3091745250670252
3.2,3.1621094,0.037890673,0.38371416124402385,0.7990004597809035
3.6,3.4179688,0.18203115,1.3424136986069306,0.6209776804619407
1.71,1.671875,0.03812504,0.43005260938836626,0.8379968394334483
3.34,2.7851562,0.55484366,5.987263731457622,0.8229766428037234
2.81,2.703125,0.10687494,0.7764543673343787,0.6094595663584196
2.46,2.2851562,0.17484379,1.99911835409385,0.8423225856864902
1.3,1.328125,-0.028125048,-0.19031458188792125,0.5498176204614506
1.83,1.6533203,0.17667973,3.2368964088562335,0.9385867696287097
3.8,3.8496094,-0.049609423,-0.304382820781939,0.4524369181128987
1.32,1.2275391,0.09246099,0.6807380182730157,0.6197202902142105
2.33,2.3164062,0.013593674,0.13097204203521598,0.7779439692165804
1.21,1.1816406,0.028359413,0.1708152471624499,0.43181822442956413
3.87,3.2578125,0.6121874,3.972501949953905,0.5104617818575741
3.05,2.9238281,0.12617183,0.7079099041748069,0.3451906128198767
-0.28,-0.07885742,-0.20114258,-1.1427724925199605,0.361391695667592
3.18,2.5996094,0.5803907,4.166068309797463,0.5999316529574523
1.75,1.9482422,-0.19824219,-1.274540211196416,0.501309417623932
1.1,0.8261719,0.27382815,2.453815677558763,0.7433044174019033
3.53,3.2832031,0.24679685,1.9179227071766118,0.6586789305648054
3.27,3.0351562,0.23484373,1.668821166694588,0.5917892556205014
0.62,0.53125,0.088750005,0.6402439881756777,0.6039118590447077
3.57,3.3476562,0.22234368,2.2544858031755908,0.7995063281438078
0.51,0.60839844,-0.09839845,-0.7389135293444932,0.6344596363943394
3.46,3.2890625,0.17093754,1.55791966056487,0.7518405250144553
1.68,1.6884766,-0.008476615,-0.07638706676545157,0.7461651005594696
2.19,2.0703125,0.11968756,0.8670571046120963,0.6072206093030564
0.5,0.55566406,-0.055664062,-0.45539271108227136,0.6920191340718247
3.4,3.0839844,0.31601572,3.739407730976611,0.8527830487955161
0.79,0.9448242,-0.1548242,-1.935584258703529,0.8681137260037571
3.2,3.0058594,0.19414067,1.2241971099856845,0.4815863259863298
1.88,1.8300781,0.04992187,0.7619120949201463,0.9115051400436279
2.4,2.4179688,-0.017968655,-0.25067519393241827,0.8940857265363813
2.72,2.5898438,0.13015628,1.6877961991795738,0.8774152841896407
0.7,0.51464844,0.18535155,51.73865881009594,0.9997354497354701
2.84,2.8027344,0.03726554,0.24982622109837657,0.5413463347378191
3.24,3.421875,-0.18187499,-1.9293768772737176,0.8168284939613241
2.62,2.4101562,0.20984364,1.46246644962094,0.5756092904510832
2.5,2.3222656,0.17773438,1.3901318526423192,0.6630410770454537
3.51,3.3476562,0.16234374,0.8956668031926018,0.3227886500914065
3.2,2.9101562,0.2898438,1.8713751990746221,0.5055158544203778
3.8,3.6074219,0.19257808,1.3301023123898794,0.5678946098798906
3.6,3.4980469,0.10195303,0.7689275189922959,0.6376105454421456
2.6,2.4570312,0.14296865,1.9369314736810053,0.8876949627316949
2.3,2.1875,0.11249995,0.7125567876777716,0.48617905713251985
0.85,0.8642578,-0.014257789,-0.10294185730076316,0.6045728956773985
-0.84,-0.953125,0.113125026,1.1164618048782646,0.7883707301705826
2.0,2.0761719,-0.076171875,-0.4473075904260155,0.40224551368795897
3.3,3.0,0.29999995,3.190508532030565,0.8177495377280231
3.1,2.7539062,0.34609365,4.005843033890055,0.8461329929604209
3.83,3.6328125,0.19718742,1.4171720844045246,0.6009205769187946
2.07,2.2070312,-0.13703132,-1.6161485410917242,0.851808531816626
4.49,4.3984375,0.09156227,0.7199404252483768,0.666584273875772
1.92,1.7578125,0.16218746,0.8833350362735275,0.30508817144600403
1.87,1.4755859,0.39441407,9.500645977668515,0.9644741392080911
3.2,3.0332031,0.16679692,1.0246878541144715,0.4538159936511751
0.27,0.22192383,0.048076183,0.7274587077023011,0.9099695654309944
1.78,1.7304688,0.04953122,0.2623067156973304,0.2650033779083881
3.2,2.9941406,0.20585942,1.467988907088851,0.594638926682577
3.15,3.0800781,0.06992197,0.4415990307304048,0.4832063354690851
-0.21,-0.18664551,-0.023354486,-0.2634654258265065,0.8380281889351516
2.82,2.3828125,0.43718743,4.837407680523777,0.8316333588561152
3.5,3.2753906,0.22460938,2.390079939217144,0.8179557385881969
1.26,1.2001953,0.059804678,0.4959282150196333,0.700236490107935
1.34,1.2783203,0.06167972,0.3775335753404984,0.4498010903576151
3.65,3.5683594,0.08164072,0.5699451317077039,0.5770455026012223
0.54,0.50439453,0.03560549,0.22027517866084712,0.4614216364897131
3.23,3.1914062,0.03859377,0.25405943907583656,0.5243255705884678
1.99,1.7607422,0.22925782,3.148507943294008,0.8907088927798077
0.2,0.20739746,-0.007397458,-0.0762179534885317,0.8058235610810267
4.0,3.6425781,0.35742188,2.1312271506163443,0.42023917673896216
3.17,3.0039062,0.16609383,0.8410582195288273,0.1961019984954902
2.49,2.5078125,-0.01781249,-0.1373154819861124,0.6531382856403939
2.1,1.7636719,0.33632803,2.889554200793853,0.7207388490723066
3.78,3.7597656,0.020234346,0.1625904661965315,0.6807475079691313
2.79,2.6738281,0.11617184,1.2905578370721975,0.832970625220404
1.8,1.7373047,0.062695265,0.6401640039292323,0.8022879817546007
3.5,3.3164062,0.18359375,1.7699973074042439,0.7782229196719012
1.65,1.5322266,0.11777341,1.9302891438466796,0.9232645793760385
2.4,2.2753906,0.12460947,1.3784684542559738,0.8315563962363222
3.9,3.6367188,0.26328135,2.8136893127658773,0.8195179634258375
3.61,3.3847656,0.22523427,1.391899353265272,0.46024165848632986
2.13,2.0351562,0.094843864,0.6273265276268148,0.5288303972302711
1.35,1.1757812,0.17421877,1.304889902258934,0.6325584598865311
-0.42,-0.4567871,0.036787122,0.3866105421061738,0.8133661821658358
2.3,2.046875,0.25312495,1.7936885065256105,0.5894916883880633
3.96,3.6875,0.27250004,1.9051639631534774,0.5782894106129745
1.92,1.828125,0.09187496,0.5439738306202424,0.41199046052822175
2.32,2.2949219,0.025078058,0.3281376093011271,0.8796012766400736
2.36,2.1972656,0.16273427,1.3938767187609165,0.7190329446775924
3.9,3.6464844,0.25351572,2.2690865919068584,0.7426917337739585
3.2,3.2675781,-0.06757808,-0.43505082979765,0.5026321053238422
3.37,3.3242188,0.045781136,0.4671104144579995,0.8019931982712502
1.59,1.4248047,0.16519535,1.0205553555607925,0.4599069722464475
2.2,2.2070312,-0.0070312023,-0.04319332538015425,0.4537744695484758
2.8,2.6464844,0.15351558,0.9296522230278795,0.4379046870400879
3.4,3.1855469,0.21445322,1.8648362335229967,0.7273974998207808
1.0,0.9873047,0.0126953125,0.12059750331985802,0.771568366463477
2.47,2.4589844,0.011015654,0.05851244159028557,0.2694159464851183
1.46,1.171875,0.28812504,3.2916462455695354,0.842063766072211
3.08,2.7851562,0.29484367,3.2044321806863723,0.8254870956156762
3.0,2.7734375,0.2265625,1.4820180395157898,0.5182572756416033
1.26,1.203125,0.05687499,0.34640187196192135,0.4443154769165928
2.5,2.8769531,-0.37695312,-4.044465075457439,0.8209399898416379
0.6,0.6245117,-0.024511695,-0.19349391173001124,0.6692055886871711
0.51,0.7207031,-0.21070313,-1.1037958187291528,0.24887781116519064
2.4,2.3515625,0.048437595,0.2946518581895048,0.44295167948685155
2.9,3.4277344,-0.5277343,-4.664882702125199,0.7361875771744367
1.89,1.7822266,0.10777342,1.1357632158415634,0.8143932163823077
0.54,0.5473633,-0.00736326,-0.09258483232141612,0.8696212999957359
3.22,3.2148438,0.0051562786,0.03330102416571885,0.5057989560593676
3.58,3.1425781,0.4374218,2.8313058107443205,0.5079906324355659
3.8,3.8867188,-0.0867188,-0.5250698678145869,0.4377384422567102
1.06,0.98339844,0.076601505,0.8737947123751498,0.8415829684539932
1.96,1.8994141,0.060585976,0.5560086024063797,0.7552474203179319
0.2,0.21582031,-0.01582031,-0.2605652968629759,0.9240123713310178
2.0,2.0078125,-0.0078125,-0.08006439568258424,0.8037329980113878
2.6,2.1445312,0.45546865,3.2443986861838647,0.5937488133909299
0.45,0.41015625,0.039843738,0.2108689261194138,0.2640622710819348
0.7,0.60009766,0.09990233,0.8090558747488178,0.6857029484512446
-0.2,-0.13684082,-0.06315918,-0.5629003786611698,0.7404888580538582
3.59,3.6035156,-0.013515711,-0.11757471050703129,0.7276069424418693
2.3,2.3574219,-0.057421923,-0.539566964159528,0.7665408794746914
1.01,1.0849609,-0.07496095,-0.3983135384537569,0.2699273468679331
2.55,2.6699219,-0.11992192,-1.4627750101853256,0.8614558511327394
3.31,3.1269531,0.18304682,1.103486716367556,0.4327999830407986
