{"max_depth": 18, "learning_rate": 0.023500194942554228, "subsample": 0.7400053185880755, "colsample_bytree": 0.5233713735648454, "colsample_bylevel": 0.3589035697330925, "colsample_bynode": 0.15749215608519512, "min_child_weight": 2.579569891101222, "gamma": 0.0003921131458317281, "reg_lambda": 2.183964126434228, "reg_alpha": 0.006541059249780135, "max_delta_step": 0.6922127220455753, "grow_policy": "depthwise", "verbosity": 0, "objective": "reg:squarederror", "tree_method": "gpu_hist", "device": "cuda:0", "num_boost_round": 1649}